Timestamp;Total_Angles_x;Total_Angles_y;Head_Rotation_x;Head_Rotation_y;Left-Right-Saccade;Radial_Saccade;Main Camera (1)_localPosition;Main Camera (1)_globalPosition;Main Camera (1)_orientation;World_orientation;messages;
22.766;0;0;0;0;0;0;(0.00, 1.60, 0.00);(0.0, 0.0, 0.0)(0.00, 0.00, 0.00);0
22.766;70.47953;-19.52042;-10.37793;-0.6771156;0;0;(-0.12, 2.03, 0.49);(0.0, 0.0, 0.0)(0.68, 349.62, 352.40);0
22.786;2.608761;-49.75517;-10.62497;-0.5947713;0;1;(-0.12, 2.03, 0.49);(0.0, 0.0, 0.0)(0.59, 349.38, 352.56);0
22.829;-1.423813;-15.34514;-10.5304;-0.5304449;0;1;(-0.12, 2.03, 0.49);(0.0, 0.0, 0.0)(0.53, 349.47, 352.57);0
22.880;-1.710831;-14.51571;-10.55048;-0.5182255;0;0;(-0.12, 2.03, 0.49);(0.0, 0.0, 0.0)(0.52, 349.45, 352.54);0
22.920;-5.037236;-12.83852;-10.60275;-0.4845633;0;1;(-0.12, 2.03, 0.49);(0.0, 0.0, 0.0)(0.48, 349.40, 352.51);0
22.963;-5.33894;-13.19449;-10.63477;-0.4644622;0;0;(-0.12, 2.03, 0.49);(0.0, 0.0, 0.0)(0.46, 349.37, 352.51);0
23.005;-5.666604;-13.37945;-10.66855;-0.4726976;0;0;(-0.12, 2.03, 0.49);(0.0, 0.0, 0.0)(0.47, 349.33, 352.52);0
23.049;-5.783446;-13.45073;-10.68478;-0.4446727;0;0;(-0.12, 2.03, 0.49);(0.0, 0.0, 0.0)(0.44, 349.32, 352.54);0
23.090;-6.017683;-12.57882;-10.69855;-0.4112235;0;0;(-0.12, 2.03, 0.49);(0.0, 0.0, 0.0)(0.41, 349.30, 352.56);0
23.135;-6.073356;-12.66798;-10.64066;-0.4385431;0;0;(-0.12, 2.03, 0.49);(0.0, 0.0, 0.0)(0.44, 349.36, 352.56);0
23.179;-3.596046;-15.72724;-10.48318;-0.5180878;0;1;(-0.12, 2.03, 0.49);(0.0, 0.0, 0.0)(0.52, 349.52, 352.57);0
23.224;-2.284109;-16.57955;-10.07758;-0.6166927;0;0;(-0.12, 2.03, 0.49);(0.0, 0.0, 0.0)(0.62, 349.92, 352.56);0
23.266;-2.256636;-16.57719;-9.208374;-0.7156613;0;0;(-0.12, 2.03, 0.49);(0.0, 0.0, 0.0)(0.72, 350.79, 352.63);0
23.306;-2.419681;-16.60153;-8.112213;-0.8266139;0;0;(-0.12, 2.03, 0.49);(0.0, 0.0, 0.0)(0.83, 351.89, 352.76);0
23.348;-2.895262;-16.48049;-6.849945;-0.9292982;0;0;(-0.11, 2.03, 0.49);(0.0, 0.0, 0.0)(0.93, 353.15, 352.83);0
23.396;-3.161301;-16.31635;-5.545776;-1.032604;0;0;(-0.11, 2.03, 0.49);(0.0, 0.0, 0.0)(1.03, 354.45, 352.86);0
23.435;-3.265497;-16.40787;-4.331024;-1.069031;0;0;(-0.11, 2.03, 0.49);(0.0, 0.0, 0.0)(1.07, 355.67, 352.89);0
23.480;-0.7917258;-17.5444;-3.289764;-1.056502;0;1;(-0.11, 2.03, 0.49);(0.0, 0.0, 0.0)(1.06, 356.71, 352.88);0
23.525;-0.7114946;-17.55621;-2.152649;-1.02436;0;0;(-0.10, 2.03, 0.49);(0.0, 0.0, 0.0)(1.02, 357.85, 352.82);0
23.564;-0.5542738;-17.77644;-1.036682;-1.028867;0;0;(-0.10, 2.03, 0.49);(0.0, 0.0, 0.0)(1.03, 358.96, 352.74);0
23.605;-0.6490548;-17.95026;0.004891435;-0.9547894;0;0;(-0.10, 2.03, 0.49);(0.0, 0.0, 0.0)(0.95, 0.00, 352.67);0
23.649;-0.6655937;-17.95919;0.8835632;-0.9155829;0;0;(-0.10, 2.03, 0.49);(0.0, 0.0, 0.0)(0.92, 0.88, 352.59);0
23.694;-0.3723006;-17.75549;1.669129;-0.8912677;0;0;(-0.10, 2.03, 0.49);(0.0, 0.0, 0.0)(0.89, 1.67, 352.45);0
23.737;-0.2316849;-17.71609;2.491794;-0.9711319;0;0;(-0.09, 2.03, 0.49);(0.0, 0.0, 0.0)(0.97, 2.49, 352.18);0
23.807;-0.08138221;-17.56098;3.69353;-1.181401;0;0;(-0.09, 2.03, 0.49);(0.0, 0.0, 0.0)(1.18, 3.69, 351.96);0
23.852;-0.3819139;-17.38149;5.733179;-1.210224;0;0;(-0.09, 2.03, 0.49);(0.0, 0.0, 0.0)(1.21, 5.73, 351.87);0
23.897;-0.9665226;-17.30665;6.665583;-1.101825;0;0;(-0.08, 2.03, 0.49);(0.0, 0.0, 0.0)(1.10, 6.67, 351.84);0
23.936;-0.450963;-17.31976;7.261395;-0.9982784;0;0;(-0.08, 2.03, 0.49);(0.0, 0.0, 0.0)(1.00, 7.26, 351.79);0
23.980;-0.07248362;-17.24256;7.668004;-0.9553214;0;0;(-0.08, 2.03, 0.49);(0.0, 0.0, 0.0)(0.96, 7.67, 351.69);0
24.020;0.07274959;-17.06505;7.799547;-0.925103;0;0;(-0.08, 2.03, 0.49);(0.0, 0.0, 0.0)(0.93, 7.80, 351.59);0
24.065;0.1495018;-17.04007;7.710502;-0.8786201;0;0;(-0.08, 2.03, 0.49);(0.0, 0.0, 0.0)(0.88, 7.71, 351.49);0
24.108;0.2846545;-17.04316;7.494484;-0.8252004;0;0;(-0.08, 2.03, 0.49);(0.0, 0.0, 0.0)(0.83, 7.49, 351.39);0
24.149;-0.003461695;-16.61786;7.289938;-0.8074841;0;0;(-0.08, 2.03, 0.49);(0.0, 0.0, 0.0)(0.81, 7.29, 351.34);0
24.192;-0.02140917;-16.29426;7.172488;-0.7868707;0;0;(-0.08, 2.03, 0.49);(0.0, 0.0, 0.0)(0.79, 7.17, 351.34);0
24.237;-0.09664568;-16.23502;7.146579;-0.7835301;0;0;(-0.08, 2.03, 0.49);(0.0, 0.0, 0.0)(0.78, 7.15, 351.37);0
24.277;-0.1159057;-16.19947;7.224564;-0.7412192;0;0;(-0.08, 2.03, 0.49);(0.0, 0.0, 0.0)(0.74, 7.22, 351.41);0
24.321;-0.2740559;-16.15804;7.314662;-0.7143605;0;0;(-0.08, 2.03, 0.49);(0.0, 0.0, 0.0)(0.71, 7.31, 351.43);0
24.365;-0.5291076;-16.22274;7.379796;-0.6399167;0;0;(-0.08, 2.03, 0.49);(0.0, 0.0, 0.0)(0.64, 7.38, 351.40);0
24.407;-0.5501292;-16.24925;7.385843;-0.5984597;0;0;(-0.08, 2.03, 0.49);(0.0, 0.0, 0.0)(0.60, 7.39, 351.35);0
24.449;-0.5196326;-16.18704;7.375594;-0.5362526;0;0;(-0.08, 2.03, 0.49);(0.0, 0.0, 0.0)(0.54, 7.38, 351.33);0
24.492;-0.5225894;-16.16792;7.368122;-0.5245231;0;0;(-0.08, 2.03, 0.49);(0.0, 0.0, 0.0)(0.52, 7.37, 351.30);0
24.537;-0.5523503;-16.04748;7.402706;-0.4919196;0;0;(-0.08, 2.03, 0.49);(0.0, 0.0, 0.0)(0.49, 7.40, 351.26);0
24.580;-0.6026537;-16.02675;7.433731;-0.499709;0;0;(-0.08, 2.03, 0.49);(0.0, 0.0, 0.0)(0.50, 7.43, 351.25);0
24.622;-0.6328207;-15.99053;7.483069;-0.4862278;0;0;(-0.08, 2.03, 0.49);(0.0, 0.0, 0.0)(0.49, 7.48, 351.26);0
24.663;-0.6586279;-15.94815;7.479389;-0.5050245;0;0;(-0.08, 2.03, 0.49);(0.0, 0.0, 0.0)(0.51, 7.48, 351.28);0
24.708;-0.6984532;-15.97046;7.449485;-0.465477;0;0;(-0.08, 2.03, 0.49);(0.0, 0.0, 0.0)(0.47, 7.45, 351.30);0
24.764;-0.7056876;-16.01875;7.394686;-0.4393598;0;0;(-0.08, 2.03, 0.49);(0.0, 0.0, 0.0)(0.44, 7.39, 351.31);0
24.805;-0.7138976;-16.05243;7.269318;-0.4678576;0;0;(-0.08, 2.03, 0.49);(0.0, 0.0, 0.0)(0.47, 7.27, 351.34);0
24.851;-0.5371516;-15.41732;7.079878;-0.432204;0;0;(-0.08, 2.03, 0.49);(0.0, 0.0, 0.0)(0.43, 7.08, 351.43);0
24.894;-0.643732;-15.53421;6.620765;-0.4129591;0;0;(-0.08, 2.03, 0.49);(0.0, 0.0, 0.0)(0.41, 6.62, 351.68);0
24.953;-0.6044939;-15.55531;5.495427;-0.6565703;0;0;(-0.09, 2.03, 0.49);(0.0, 0.0, 0.0)(0.66, 5.50, 352.12);0
25.012;-0.4078337;-15.54386;2.329581;-1.620073;0;0;(-0.09, 2.03, 0.49);(0.0, 0.0, 0.0)(1.62, 2.33, 352.61);0
25.054;1.162668;-15.1045;-2.696899;-2.806219;0;0;(-0.11, 2.03, 0.50);(0.0, 0.0, 0.0)(2.81, 357.30, 352.79);0
25.091;-0.7801983;-15.14261;-6.555695;-3.392048;0;0;(-0.11, 2.03, 0.50);(0.0, 0.0, 0.0)(3.39, 353.44, 352.73);0
25.137;-11.68843;-15.02775;-9.819061;-3.598385;1;1;(-0.12, 2.03, 0.50);(0.0, 0.0, 0.0)(3.60, 350.18, 352.90);0
25.184;-17.46033;-15.28566;-12.34344;-3.854219;1;1;(-0.13, 2.03, 0.50);(0.0, 0.0, 0.0)(3.85, 347.66, 353.10);0
25.226;-23.25074;-15.03946;-14.18149;-4.102243;1;1;(-0.13, 2.03, 0.50);(0.0, 0.0, 0.0)(4.10, 345.82, 353.25);0
25.264;-24.98511;-14.75643;-15.59094;-4.400927;0;0;(-0.14, 2.02, 0.50);(0.0, 0.0, 0.0)(4.40, 344.41, 353.27);0
25.306;-25.30545;-14.65939;-16.4765;-4.528769;0;0;(-0.14, 2.02, 0.50);(0.0, 0.0, 0.0)(4.53, 343.52, 353.15);0
25.349;-25.6052;-14.68438;-16.99149;-4.519114;0;0;(-0.14, 2.02, 0.50);(0.0, 0.0, 0.0)(4.52, 343.01, 353.02);0
25.392;-25.78396;-14.81971;-17.11783;-4.549682;0;0;(-0.14, 2.02, 0.50);(0.0, 0.0, 0.0)(4.55, 342.88, 352.89);0
25.434;-25.9691;-14.85466;-16.93552;-4.738469;0;0;(-0.14, 2.02, 0.50);(0.0, 0.0, 0.0)(4.74, 343.06, 352.81);0
25.478;-26.11055;-14.9059;-16.69379;-5.156449;0;0;(-0.14, 2.02, 0.50);(0.0, 0.0, 0.0)(5.16, 343.31, 353.05);0
25.525;-26.2364;-14.82802;-16.64517;-5.63449;0;0;(-0.14, 2.02, 0.50);(0.0, 0.0, 0.0)(5.63, 343.35, 353.46);0
25.564;-26.19847;-14.76032;-16.47745;-6.074045;0;0;(-0.14, 2.02, 0.50);(0.0, 0.0, 0.0)(6.07, 343.52, 353.90);0
25.606;-26.03854;-14.93581;-16.42599;-6.541472;0;0;(-0.14, 2.02, 0.50);(0.0, 0.0, 0.0)(6.54, 343.57, 354.52);0
25.651;-26.23757;-14.73038;-16.3811;-6.937665;0;0;(-0.14, 2.02, 0.51);(0.0, 0.0, 0.0)(6.94, 343.62, 355.03);0
25.693;-26.18922;-14.59242;-16.22961;-7.653129;0;0;(-0.15, 2.02, 0.51);(0.0, 0.0, 0.0)(7.65, 343.77, 355.41);0
25.735;-20.08702;-15.35874;-15.41534;-7.40965;1;1;(-0.14, 2.02, 0.51);(0.0, 0.0, 0.0)(7.41, 344.58, 355.31);0
25.793;-20.26823;-15.49376;-14.16089;-5.784654;0;0;(-0.14, 2.02, 0.50);(0.0, 0.0, 0.0)(5.78, 345.84, 355.87);0
25.835;-20.65511;-16.9855;-12.18271;0.5168762;0;0;(-0.14, 2.04, 0.49);(0.0, 0.0, 0.0)(359.48, 347.82, 358.64);0
25.878;-20.85826;-20.54167;-10.95786;7.216125;0;1;(-0.14, 2.05, 0.47);(0.0, 0.0, 0.0)(352.78, 349.04, 0.72);0
25.924;-19.28828;-16.16005;-10.76874;12.7738;0;1;(-0.14, 2.06, 0.45);(0.0, 0.0, 0.0)(347.23, 349.23, 3.01);0
25.967;-17.31545;-9.97648;-10.90012;18.06006;0;1;(-0.15, 2.06, 0.43);(0.0, 0.0, 0.0)(341.94, 349.10, 5.27);0
26.008;-15.33187;2.249985;-10.90738;21.89951;0;1;(-0.15, 2.07, 0.42);(0.0, 0.0, 0.0)(338.10, 349.09, 7.02);0
26.050;-14.93878;7.397921;-11.57455;25.94269;0;1;(-0.15, 2.07, 0.41);(0.0, 0.0, 0.0)(334.06, 348.43, 9.30);0
26.092;-14.4622;11.10893;-12.58783;29.1228;0;1;(-0.15, 2.07, 0.40);(0.0, 0.0, 0.0)(330.88, 347.41, 10.59);0
26.135;-14.64954;15.02561;-13.53424;31.33157;0;1;(-0.15, 2.07, 0.39);(0.0, 0.0, 0.0)(328.67, 346.47, 11.51);0
26.180;-15.27675;18.15581;-15.35284;32.53912;0;1;(-0.16, 2.07, 0.38);(0.0, 0.0, 0.0)(327.46, 344.65, 13.54);0
26.220;-15.74415;20.36487;-18.58249;32.94424;0;1;(-0.17, 2.07, 0.38);(0.0, 0.0, 0.0)(327.06, 341.42, 16.77);0
26.250;-16.85217;21.5195;-22.35709;32.22327;0;0;(-0.18, 2.07, 0.37);(0.0, 0.0, 0.0)(327.78, 337.64, 20.99);0
26.291;-19.10335;21.86547;-24.49539;30.88892;1;1;(-0.19, 2.06, 0.37);(0.0, 0.0, 0.0)(329.11, 335.50, 24.10);0
26.336;-21.9674;21.05013;-28.47913;27.9118;1;1;(-0.21, 2.06, 0.37);(0.0, 0.0, 0.0)(332.09, 331.52, 30.36);0
26.377;-23.29484;19.82404;-32.00287;23.81824;0;0;(-0.23, 2.04, 0.37);(0.0, 0.0, 0.0)(336.18, 328.00, 36.79);0
26.419;-26.2611;16.9281;-34.16653;16.51318;0;1;(-0.25, 2.03, 0.38);(0.0, 0.0, 0.0)(343.49, 325.83, 42.13);0
26.464;-29.04096;13.10897;-36.9859;9.591095;0;1;(-0.27, 2.00, 0.38);(0.0, 0.0, 0.0)(350.41, 323.01, 48.53);0
26.508;-30.66693;6.207371;-37.91589;2.440979;0;1;(-0.29, 1.98, 0.39);(0.0, 0.0, 0.0)(357.56, 322.08, 54.37);0
26.549;-32.75864;-0.4558141;-37.00537;-5.604885;0;1;(-0.30, 1.95, 0.39);(0.0, 0.0, 0.0)(5.60, 322.99, 59.03);0
26.590;-32.39753;-6.964206;-35.92029;-13.71126;0;1;(-0.31, 1.92, 0.40);(0.0, 0.0, 0.0)(13.71, 324.08, 64.72);0
26.634;-29.77351;-14.65837;-33.66617;-21.31125;0;1;(-0.31, 1.89, 0.40);(0.0, 0.0, 0.0)(21.31, 326.33, 70.73);0
26.665;-26.3342;-22.11684;-29.15796;-28.82516;0;1;(-0.31, 1.86, 0.40);(0.0, 0.0, 0.0)(28.83, 330.84, 76.98);0
26.707;-21.7289;-28.92921;-27.81714;-33.00739;0;1;(-0.30, 1.84, 0.40);(0.0, 0.0, 0.0)(33.01, 332.18, 80.50);0
26.764;-15.08917;-35.55402;-26.01788;-39.50927;0;1;(-0.30, 1.82, 0.40);(0.0, 0.0, 0.0)(39.51, 333.98, 84.60);0
26.804;-12.5829;-38.98417;-23.41956;-48.34673;0;1;(-0.29, 1.79, 0.38);(0.0, 0.0, 0.0)(48.35, 336.58, 90.73);0
26.850;-9.073851;-44.52433;-22.19662;-54.40921;0;1;(-0.28, 1.78, 0.37);(0.0, 0.0, 0.0)(54.41, 337.80, 94.38);0
26.893;-4.219486;-52.18053;-23.26956;-60.00682;0;1;(-0.28, 1.77, 0.36);(0.0, 0.0, 0.0)(60.01, 336.73, 94.86);0
26.936;-1.42056;-57.34072;-22.45859;-65.04329;0;1;(-0.27, 1.77, 0.34);(0.0, 0.0, 0.0)(65.04, 337.54, 96.79);0
26.979;-0.08609371;-62.52103;-22.79858;-71.84151;0;1;(-0.26, 1.77, 0.33);(0.0, 0.0, 0.0)(71.84, 337.20, 97.49);0
27.020;2.037865;-66.64123;-24.95328;-78.0963;0;1;(-0.26, 1.76, 0.32);(0.0, 0.0, 0.0)(78.10, 335.05, 95.29);0
27.063;4.432663;-72.3327;-20.03888;-82.65698;0;1;(-0.26, 1.76, 0.31);(0.0, 0.0, 0.0)(82.66, 339.96, 99.08);0
27.105;5.546078;-76.28329;-15.29117;-86.81998;0;1;(-0.25, 1.76, 0.30);(0.0, 0.0, 0.0)(86.82, 344.71, 103.26);0
27.138;8.023041;-78.18804;69.95312;-88.2982;1;1;(-0.25, 1.76, 0.30);(0.0, 0.0, 0.0)(88.30, 69.95, 187.93);0
27.181;9.609237;-79.33543;100.2719;-86.66939;1;1;(-0.24, 1.76, 0.30);(0.0, 0.0, 0.0)(86.67, 100.27, 217.99);0
27.220;12.19376;-77.67101;121.9357;-88.01762;1;1;(-0.25, 1.76, 0.30);(0.0, 0.0, 0.0)(88.02, 121.94, 239.95);0
27.273;14.25943;-75.73396;90.92915;-87.81108;1;1;(-0.25, 1.76, 0.30);(0.0, 0.0, 0.0)(87.81, 90.93, 209.13);0
27.313;12.40948;-77.59043;77.59505;-88.43427;0;0;(-0.25, 1.76, 0.30);(0.0, 0.0, 0.0)(88.43, 77.60, 195.84);0
27.355;13.05685;-76.90239;75.0365;-88.89624;0;0;(-0.25, 1.76, 0.30);(0.0, 0.0, 0.0)(88.90, 75.04, 193.22);0
27.395;12.35764;-77.55265;32.522;-88.7014;0;0;(-0.25, 1.76, 0.30);(0.0, 0.0, 0.0)(88.70, 32.52, 150.92);0
27.437;11.86576;-78.05527;-17.58755;-88.11695;0;0;(-0.25, 1.76, 0.30);(0.0, 0.0, 0.0)(88.12, 342.41, 101.29);0
27.476;11.56211;-78.21493;-51.93408;-86.29398;0;0;(-0.26, 1.77, 0.30);(0.0, 0.0, 0.0)(86.29, 308.07, 67.27);0
27.522;10.39191;-79.15416;-54.33438;-85.03493;0;0;(-0.26, 1.77, 0.30);(0.0, 0.0, 0.0)(85.03, 305.67, 64.81);0
27.563;7.907703;-81.29729;-50.07471;-84.80337;1;1;(-0.26, 1.77, 0.30);(0.0, 0.0, 0.0)(84.80, 309.93, 69.02);0
27.590;6.644705;-82.09771;-49.44058;-84.88059;0;0;(-0.26, 1.77, 0.30);(0.0, 0.0, 0.0)(84.88, 310.56, 69.64);0
27.620;6.683727;-81.78889;-48.41251;-85.03848;0;0;(-0.26, 1.77, 0.30);(0.0, 0.0, 0.0)(85.04, 311.59, 70.66);0
27.651;6.769529;-81.72147;-46.40149;-85.26038;0;0;(-0.26, 1.77, 0.30);(0.0, 0.0, 0.0)(85.26, 313.60, 72.65);0
27.692;6.938329;-81.60647;-44.54367;-85.2864;0;0;(-0.26, 1.77, 0.30);(0.0, 0.0, 0.0)(85.29, 315.46, 74.50);0
27.734;7.23959;-81.38304;-46.20181;-85.27615;0;0;(-0.26, 1.77, 0.30);(0.0, 0.0, 0.0)(85.28, 313.80, 72.86);0
27.777;7.39022;-81.19458;-49.33234;-85.31701;0;0;(-0.26, 1.77, 0.30);(0.0, 0.0, 0.0)(85.32, 310.67, 69.74);0
27.820;7.288738;-81.31586;-49.88037;-85.32089;0;0;(-0.26, 1.77, 0.30);(0.0, 0.0, 0.0)(85.32, 310.12, 69.18);0
27.864;7.133043;-81.57489;-51.10339;-85.52332;0;0;(-0.26, 1.77, 0.30);(0.0, 0.0, 0.0)(85.52, 308.90, 67.96);0
27.905;7.087909;-81.61784;-50.5571;-85.74725;0;0;(-0.26, 1.77, 0.30);(0.0, 0.0, 0.0)(85.75, 309.44, 68.51);0
27.949;7.170041;-81.65995;-52.44278;-86.38009;0;0;(-0.26, 1.77, 0.30);(0.0, 0.0, 0.0)(86.38, 307.56, 66.64);0
27.989;7.337422;-81.54025;-57.39145;-86.88121;0;0;(-0.26, 1.77, 0.30);(0.0, 0.0, 0.0)(86.88, 302.61, 61.35);0
28.021;7.805827;-81.37794;-56.83081;-87.02191;0;0;(-0.26, 1.77, 0.30);(0.0, 0.0, 0.0)(87.02, 303.17, 61.37);0
28.049;8.09368;-81.37791;-55.39685;-87.00317;0;0;(-0.26, 1.77, 0.30);(0.0, 0.0, 0.0)(87.00, 304.60, 62.52);0
28.090;8.232835;-81.29025;-56.80728;-87.34156;0;0;(-0.26, 1.77, 0.30);(0.0, 0.0, 0.0)(87.34, 303.19, 61.09);0
28.118;8.211636;-81.2731;-70.64658;-87.95091;0;0;(-0.26, 1.77, 0.30);(0.0, 0.0, 0.0)(87.95, 289.35, 47.26);0
28.147;8.440469;-81.11221;-111.5703;-88.35136;0;0;(-0.25, 1.77, 0.30);(0.0, 0.0, 0.0)(88.35, 248.43, 6.08);0
28.180;8.73397;-81.03005;-159.5977;-86.67645;0;0;(-0.25, 1.77, 0.29);(0.0, 0.0, 0.0)(86.68, 200.40, 317.75);0
28.220;9.130442;-80.82705;-166.0496;-83.98663;0;0;(-0.25, 1.78, 0.29);(0.0, 0.0, 0.0)(83.99, 193.95, 311.68);0
28.249;9.531664;-80.34388;-151.3301;-80.63226;1;1;(-0.26, 1.79, 0.28);(0.0, 0.0, 0.0)(80.63, 208.67, 326.52);0
28.292;9.552075;-79.52907;-141.8487;-78.94502;0;1;(-0.26, 1.79, 0.28);(0.0, 0.0, 0.0)(78.95, 218.15, 335.94);0
28.335;6.477971;-80.54547;-127.4061;-76.49158;1;1;(-0.27, 1.80, 0.28);(0.0, 0.0, 0.0)(76.49, 232.59, 350.70);0
28.380;4.275947;-81.45992;-115.4175;-73.30745;1;1;(-0.28, 1.81, 0.29);(0.0, 0.0, 0.0)(73.31, 244.58, 3.27);0
28.419;0.3888641;-83.13802;-106.5551;-69.68993;1;1;(-0.28, 1.82, 0.29);(0.0, 0.0, 0.0)(69.69, 253.44, 13.21);0
28.449;-4.007856;-83.0337;-98.74432;-66.44978;1;1;(-0.28, 1.83, 0.29);(0.0, 0.0, 0.0)(66.45, 261.26, 21.56);0
28.494;-8.413723;-80.50546;-93.26767;-64.31651;1;1;(-0.29, 1.83, 0.29);(0.0, 0.0, 0.0)(64.32, 266.73, 27.31);0
28.535;-12.31547;-77.48015;-86.79236;-60.3544;1;1;(-0.29, 1.84, 0.29);(0.0, 0.0, 0.0)(60.35, 273.21, 34.72);0
28.578;-14.0781;-75.86789;-82.12524;-55.82969;1;1;(-0.29, 1.85, 0.30);(0.0, 0.0, 0.0)(55.83, 277.87, 40.39);0
28.619;-18.03083;-71.84153;-77.72607;-51.16251;1;1;(-0.30, 1.86, 0.30);(0.0, 0.0, 0.0)(51.16, 282.27, 45.03);0
28.650;-22.22894;-67.1094;-74.15768;-47.02477;0;1;(-0.30, 1.87, 0.30);(0.0, 0.0, 0.0)(47.02, 285.84, 47.98);0
28.693;-26.21586;-62.18092;-72.47656;-44.82617;0;1;(-0.30, 1.87, 0.31);(0.0, 0.0, 0.0)(44.83, 287.52, 49.18);0
28.736;-29.47043;-57.76966;-70.03391;-42.04806;0;1;(-0.30, 1.88, 0.31);(0.0, 0.0, 0.0)(42.05, 289.97, 50.71);0
28.793;-31.05362;-55.51803;-67.83411;-40.00418;0;1;(-0.30, 1.88, 0.32);(0.0, 0.0, 0.0)(40.00, 292.17, 51.41);0
28.838;-32.82091;-52.62187;-66.21564;-37.67619;0;1;(-0.31, 1.89, 0.33);(0.0, 0.0, 0.0)(37.68, 293.78, 50.83);0
28.879;-33.79921;-50.57084;-65.59335;-35.34018;0;1;(-0.31, 1.89, 0.33);(0.0, 0.0, 0.0)(35.34, 294.41, 49.75);0
28.922;-35.1585;-48.28888;-65.18445;-31.99831;0;1;(-0.31, 1.91, 0.33);(0.0, 0.0, 0.0)(32.00, 294.82, 48.32);0
28.965;-36.8474;-46.09695;-64.57776;-28.24795;0;1;(-0.31, 1.92, 0.34);(0.0, 0.0, 0.0)(28.25, 295.42, 46.97);0
29.009;-39.44212;-42.89505;-63.89709;-24.53962;0;1;(-0.30, 1.93, 0.34);(0.0, 0.0, 0.0)(24.54, 296.10, 46.25);0
29.050;-42.18739;-39.22271;-63.32379;-21.15802;0;1;(-0.30, 1.94, 0.34);(0.0, 0.0, 0.0)(21.16, 296.68, 45.53);0
29.091;-44.67095;-35.55228;-62.07324;-18.87824;0;1;(-0.30, 1.95, 0.35);(0.0, 0.0, 0.0)(18.88, 297.93, 44.70);0
29.133;-46.856;-32.2011;-60.72534;-17.25553;0;1;(-0.30, 1.95, 0.35);(0.0, 0.0, 0.0)(17.26, 299.27, 43.74);0
29.164;-47.69159;-29.95372;-59.53705;-15.90297;0;1;(-0.30, 1.96, 0.36);(0.0, 0.0, 0.0)(15.90, 300.46, 42.73);0
29.207;-47.9103;-28.37152;-58.71054;-15.09274;0;0;(-0.29, 1.96, 0.36);(0.0, 0.0, 0.0)(15.09, 301.29, 42.19);0
29.248;-47.98666;-27.02335;-57.63745;-13.63423;0;0;(-0.29, 1.97, 0.36);(0.0, 0.0, 0.0)(13.63, 302.36, 41.52);0
29.291;-47.90731;-26.27445;-56.9649;-12.22837;0;0;(-0.29, 1.97, 0.37);(0.0, 0.0, 0.0)(12.23, 303.04, 40.43);0
29.335;-47.96973;-24.85442;-56.37567;-11.29297;0;0;(-0.29, 1.98, 0.37);(0.0, 0.0, 0.0)(11.29, 303.62, 39.16);0
29.379;-48.33172;-23.48364;-55.66306;-10.85694;0;0;(-0.29, 1.98, 0.37);(0.0, 0.0, 0.0)(10.86, 304.34, 37.96);0
29.420;-48.5213;-22.57767;-55.27664;-10.63337;0;0;(-0.28, 1.98, 0.38);(0.0, 0.0, 0.0)(10.63, 304.72, 36.55);0
29.462;-48.32734;-22.17822;-54.97968;-10.56102;0;0;(-0.28, 1.98, 0.38);(0.0, 0.0, 0.0)(10.56, 305.02, 35.22);0
29.506;-48.33641;-21.9871;-54.52176;-10.33199;0;0;(-0.28, 1.99, 0.38);(0.0, 0.0, 0.0)(10.33, 305.48, 34.27);0
29.548;-48.33601;-21.94342;-53.75232;-10.17892;0;0;(-0.28, 1.99, 0.39);(0.0, 0.0, 0.0)(10.18, 306.25, 33.41);0
29.590;-48.23214;-21.73255;-52.95618;-9.893726;0;0;(-0.28, 1.99, 0.39);(0.0, 0.0, 0.0)(9.89, 307.04, 32.67);0
29.633;-47.79906;-21.5958;-52.08319;-9.718044;0;0;(-0.28, 1.99, 0.39);(0.0, 0.0, 0.0)(9.72, 307.92, 32.10);0
29.663;-47.37925;-21.3123;-51.08154;-9.699455;0;0;(-0.28, 1.99, 0.40);(0.0, 0.0, 0.0)(9.70, 308.92, 31.70);0
29.692;-46.81535;-21.13308;-50.29272;-9.912696;0;0;(-0.28, 1.99, 0.40);(0.0, 0.0, 0.0)(9.91, 309.71, 31.27);0
29.734;-46.03357;-21.10769;-49.61035;-10.28194;0;0;(-0.28, 1.99, 0.40);(0.0, 0.0, 0.0)(10.28, 310.39, 30.73);0
29.775;-45.35153;-21.32104;-49.07376;-10.96814;0;0;(-0.28, 1.99, 0.41);(0.0, 0.0, 0.0)(10.97, 310.93, 29.97);0
29.805;-44.70182;-21.66535;-49.24075;-11.33233;0;0;(-0.28, 1.99, 0.41);(0.0, 0.0, 0.0)(11.33, 310.76, 29.35);0
29.849;-44.05075;-22.34892;-49.68063;-11.27794;0;0;(-0.27, 1.99, 0.41);(0.0, 0.0, 0.0)(11.28, 310.32, 28.87);0
29.893;-44.13114;-22.72739;-50.75085;-10.41086;0;0;(-0.27, 1.99, 0.40);(0.0, 0.0, 0.0)(10.41, 309.25, 28.17);0
29.935;-44.58234;-22.71317;-51.43433;-9.261494;0;0;(-0.27, 2.00, 0.40);(0.0, 0.0, 0.0)(9.26, 308.57, 27.44);0
29.977;-46.01171;-21.87913;-51.66116;-8.457149;0;0;(-0.27, 2.00, 0.40);(0.0, 0.0, 0.0)(8.46, 308.34, 26.49);0
30.022;-47.23392;-20.72486;-51.74521;-7.481885;0;0;(-0.27, 2.00, 0.40);(0.0, 0.0, 0.0)(7.48, 308.25, 25.36);0
30.066;-47.93758;-19.92602;-51.51892;-6.471601;0;0;(-0.26, 2.01, 0.41);(0.0, 0.0, 0.0)(6.47, 308.48, 24.07);0
30.107;-48.62327;-18.94602;-51.24829;-5.450137;0;0;(-0.26, 2.01, 0.41);(0.0, 0.0, 0.0)(5.45, 308.75, 22.27);0
30.149;-49.07268;-17.92774;-51.30447;-3.773427;0;0;(-0.25, 2.02, 0.41);(0.0, 0.0, 0.0)(3.77, 308.70, 19.81);0
30.195;-49.54776;-16.90306;-51.80124;-1.455068;0;0;(-0.24, 2.02, 0.41);(0.0, 0.0, 0.0)(1.46, 308.20, 18.07);0
30.233;-50.57146;-15.16181;-52.60001;1.153473;0;0;(-0.24, 2.03, 0.41);(0.0, 0.0, 0.0)(358.85, 307.40, 16.34);0
30.278;-52.05389;-12.79211;-53.30823;3.294891;0;1;(-0.23, 2.04, 0.41);(0.0, 0.0, 0.0)(356.71, 306.69, 14.33);0
30.320;-53.8529;-10.10259;-54.14471;5.22467;0;1;(-0.22, 2.04, 0.41);(0.0, 0.0, 0.0)(354.78, 305.86, 12.38);0
30.364;-55.38326;-7.859381;-54.5097;6.992493;0;1;(-0.22, 2.05, 0.41);(0.0, 0.0, 0.0)(353.01, 305.49, 10.05);0
30.408;-56.96183;-5.826735;-54.43988;8.251404;0;1;(-0.21, 2.05, 0.41);(0.0, 0.0, 0.0)(351.75, 305.56, 8.16);0
30.448;-57.99874;-3.8972;-54.49622;9.367981;0;1;(-0.20, 2.05, 0.41);(0.0, 0.0, 0.0)(350.63, 305.50, 6.26);0
30.492;-58.39576;-2.509441;-54.3587;10.57785;0;0;(-0.20, 2.05, 0.41);(0.0, 0.0, 0.0)(349.42, 305.64, 4.30);0
30.526;-58.87739;-1.261245;-52.89386;11.26233;0;0;(-0.19, 2.06, 0.42);(0.0, 0.0, 0.0)(348.74, 307.11, 2.15);0
30.563;-59.18478;0.1183276;-51.7869;11.69891;0;0;(-0.19, 2.06, 0.42);(0.0, 0.0, 0.0)(348.30, 308.21, 0.90);0
30.604;-58.01914;0.9933042;-50.4635;12.89148;0;0;(-0.18, 2.06, 0.42);(0.0, 0.0, 0.0)(347.11, 309.54, 359.04);0
30.634;-57.15571;1.509439;-48.92587;13.4072;0;0;(-0.17, 2.06, 0.43);(0.0, 0.0, 0.0)(346.59, 311.07, 356.62);0
30.664;-56.12853;2.899225;-47.83035;13.28665;0;0;(-0.17, 2.06, 0.43);(0.0, 0.0, 0.0)(346.71, 312.17, 355.09);0
30.706;-54.87906;3.675827;-47.12292;13.55563;0;0;(-0.17, 2.06, 0.44);(0.0, 0.0, 0.0)(346.44, 312.88, 353.85);0
30.763;-54.00549;3.699754;-46.22311;14.10648;0;0;(-0.16, 2.06, 0.44);(0.0, 0.0, 0.0)(345.89, 313.78, 352.14);0
30.807;-53.50457;4.092873;-44.35413;14.49979;0;0;(-0.16, 2.06, 0.44);(0.0, 0.0, 0.0)(345.50, 315.65, 350.11);0
30.848;-52.86775;4.841322;-42.47046;15.41486;0;0;(-0.15, 2.06, 0.45);(0.0, 0.0, 0.0)(344.59, 317.53, 348.53);0
30.892;-51.23539;5.443199;-40.75952;15.88812;0;0;(-0.14, 2.06, 0.45);(0.0, 0.0, 0.0)(344.11, 319.24, 347.37);0
30.920;-49.46054;6.556009;-37.35248;15.73407;0;0;(-0.14, 2.06, 0.45);(0.0, 0.0, 0.0)(344.27, 322.65, 347.04);0
30.962;-47.87947;7.18114;-35.25107;13.64899;0;0;(-0.14, 2.06, 0.46);(0.0, 0.0, 0.0)(346.35, 324.75, 346.58);0
30.991;-44.50944;7.155136;-32.35355;8.349274;1;1;(-0.14, 2.05, 0.47);(0.0, 0.0, 0.0)(351.65, 327.65, 345.54);0
31.035;-42.76529;5.330448;-29.91138;6.180939;0;1;(-0.14, 2.04, 0.48);(0.0, 0.0, 0.0)(353.82, 330.09, 345.02);0
31.080;-40.15064;0.03895843;-26.69708;2.49292;0;1;(-0.13, 2.03, 0.49);(0.0, 0.0, 0.0)(357.51, 333.30, 344.31);0
31.122;-37.90806;-1.949258;-24.49829;-0.2950175;0;1;(-0.13, 2.03, 0.50);(0.0, 0.0, 0.0)(0.30, 335.50, 343.82);0
31.162;-34.55495;-5.556202;-23.08105;-1.389671;0;1;(-0.13, 2.03, 0.50);(0.0, 0.0, 0.0)(1.39, 336.92, 343.74);0
31.191;-32.19132;-8.34349;-21.94705;-3.688033;0;1;(-0.13, 2.02, 0.50);(0.0, 0.0, 0.0)(3.69, 338.05, 345.10);0
31.234;-30.63227;-9.387691;-21.58768;-5.910933;0;0;(-0.14, 2.02, 0.51);(0.0, 0.0, 0.0)(5.91, 338.41, 346.23);0
31.278;-29.06878;-11.85767;-21.64407;-8.769559;0;1;(-0.14, 2.01, 0.51);(0.0, 0.0, 0.0)(8.77, 338.36, 347.60);0
31.319;-28.28716;-14.18694;-21.23126;-13.17766;0;1;(-0.15, 2.00, 0.52);(0.0, 0.0, 0.0)(13.18, 338.77, 348.94);0
31.363;-27.8676;-17.11223;-18.98978;-21.34523;0;1;(-0.15, 1.98, 0.53);(0.0, 0.0, 0.0)(21.35, 341.01, 350.31);0
31.393;-26.92827;-21.44267;-14.41797;-29.13712;0;1;(-0.14, 1.96, 0.55);(0.0, 0.0, 0.0)(29.14, 345.58, 351.04);0
31.436;-23.60314;-29.67612;-10.78851;-33.85461;0;1;(-0.13, 1.94, 0.55);(0.0, 0.0, 0.0)(33.85, 349.21, 352.00);0
31.478;-18.39787;-37.66201;-3.864807;-40.65633;0;1;(-0.12, 1.92, 0.56);(0.0, 0.0, 0.0)(40.66, 356.14, 353.94);0
31.521;-15.08895;-42.30892;4.108471;-44.3229;0;1;(-0.10, 1.91, 0.56);(0.0, 0.0, 0.0)(44.32, 4.11, 357.60);0
31.564;-9.37683;-49.41543;9.335995;-46.24688;0;1;(-0.09, 1.90, 0.56);(0.0, 0.0, 0.0)(46.25, 9.34, 0.38);0
31.606;-3.713642;-53.60834;13.81021;-47.9565;0;1;(-0.08, 1.90, 0.56);(0.0, 0.0, 0.0)(47.96, 13.81, 4.26);0
31.650;-0.3189184;-55.87085;15.47768;-47.25131;0;1;(-0.08, 1.90, 0.56);(0.0, 0.0, 0.0)(47.25, 15.48, 6.62);0
31.692;2.563793;-58.09016;14.4921;-45.89998;0;1;(-0.09, 1.90, 0.56);(0.0, 0.0, 0.0)(45.90, 14.49, 7.48);0
31.733;4.085413;-57.65438;11.29552;-44.50271;0;0;(-0.10, 1.91, 0.56);(0.0, 0.0, 0.0)(44.50, 11.30, 6.94);0
31.778;4.070919;-56.39683;5.822491;-42.90121;0;0;(-0.11, 1.91, 0.56);(0.0, 0.0, 0.0)(42.90, 5.82, 5.54);0
31.822;2.561486;-54.96789;-1.244141;-41.19131;0;1;(-0.13, 1.92, 0.56);(0.0, 0.0, 0.0)(41.19, 358.76, 4.01);0
31.862;-0.5764442;-53.25456;-8.903351;-39.27405;1;1;(-0.16, 1.93, 0.55);(0.0, 0.0, 0.0)(39.27, 351.10, 3.34);0
31.898;-5.002;-51.41981;-15.21753;-39.51471;1;1;(-0.18, 1.92, 0.55);(0.0, 0.0, 0.0)(39.51, 344.78, 3.94);0
31.937;-10.09984;-49.37904;-19.70233;-40.20338;1;1;(-0.19, 1.92, 0.54);(0.0, 0.0, 0.0)(40.20, 340.30, 4.73);0
31.977;-14.0411;-49.66005;-25.22244;-42.52897;1;1;(-0.21, 1.91, 0.54);(0.0, 0.0, 0.0)(42.53, 334.78, 4.49);0
32.019;-16.45454;-50.35657;-30.69125;-44.87951;1;1;(-0.22, 1.91, 0.53);(0.0, 0.0, 0.0)(44.88, 329.31, 2.39);0
32.065;-19.02839;-52.64526;-30.73523;-47.13868;0;1;(-0.22, 1.90, 0.53);(0.0, 0.0, 0.0)(47.14, 329.26, 0.90);0
32.104;-21.61792;-54.73794;-25.94366;-49.78336;0;1;(-0.20, 1.89, 0.54);(0.0, 0.0, 0.0)(49.78, 334.06, 359.27);0
32.135;-21.2533;-56.71122;-18.49423;-53.35211;0;1;(-0.18, 1.88, 0.55);(0.0, 0.0, 0.0)(53.35, 341.51, 358.85);0
32.178;-18.50437;-59.02595;-14.5531;-55.69774;0;1;(-0.16, 1.87, 0.56);(0.0, 0.0, 0.0)(55.70, 345.45, 358.40);0
32.224;-13.99356;-62.57362;-14.08136;-58.96072;0;1;(-0.15, 1.86, 0.56);(0.0, 0.0, 0.0)(58.96, 345.92, 355.49);0
32.263;-11.828;-64.78441;-14.81723;-63.16861;0;1;(-0.15, 1.85, 0.55);(0.0, 0.0, 0.0)(63.17, 345.18, 354.80);0
32.306;-11.26912;-67.53963;-11.86542;-67.89021;0;1;(-0.15, 1.83, 0.55);(0.0, 0.0, 0.0)(67.89, 348.13, 358.83);0
32.349;-10.62475;-71.40891;-6.0513;-71.8033;0;1;(-0.15, 1.82, 0.55);(0.0, 0.0, 0.0)(71.80, 353.95, 5.57);0
32.392;-6.881308;-76.66322;-2.152802;-76.61038;0;1;(-0.15, 1.80, 0.54);(0.0, 0.0, 0.0)(76.61, 357.85, 9.71);0
32.433;-3.90447;-81.03606;-0.68396;-79.02045;1;1;(-0.15, 1.80, 0.54);(0.0, 0.0, 0.0)(79.02, 359.32, 10.06);0
32.462;-2.461239;-86.10158;5.325188;-78.24703;0;1;(-0.14, 1.80, 0.54);(0.0, 0.0, 0.0)(78.25, 5.33, 14.56);0
32.506;-2.455933;-87.53034;9.8422;-77.68426;0;1;(-0.14, 1.80, 0.54);(0.0, 0.0, 0.0)(77.68, 9.84, 18.26);0
32.549;-1.352045;-88.25571;10.16545;-75.87623;0;0;(-0.13, 1.80, 0.54);(0.0, 0.0, 0.0)(75.88, 10.17, 17.71);0
32.592;-0.4077635;-88.5278;9.60914;-73.67141;0;0;(-0.13, 1.81, 0.55);(0.0, 0.0, 0.0)(73.67, 9.61, 17.04);0
32.634;-0.01953236;-86.80978;7.248245;-71.70969;0;0;(-0.14, 1.82, 0.55);(0.0, 0.0, 0.0)(71.71, 7.25, 15.20);0
32.675;0.3639239;-84.56303;4.707039;-69.94996;0;1;(-0.14, 1.82, 0.55);(0.0, 0.0, 0.0)(69.95, 4.71, 13.42);0
32.708;0.06850183;-82.52509;1.302891;-68.4146;0;1;(-0.14, 1.83, 0.55);(0.0, 0.0, 0.0)(68.41, 1.30, 10.82);0
32.763;-0.4498721;-80.68353;-1.681091;-67.3229;0;0;(-0.15, 1.83, 0.55);(0.0, 0.0, 0.0)(67.32, 358.32, 8.47);0
32.790;-1.559475;-78.97754;-8.055847;-64.43592;0;0;(-0.15, 1.84, 0.55);(0.0, 0.0, 0.0)(64.44, 351.94, 3.62);0
32.835;-2.32952;-77.93081;-11.33868;-62.38726;0;0;(-0.16, 1.85, 0.55);(0.0, 0.0, 0.0)(62.39, 348.66, 0.40);0
32.876;-6.873119;-74.14512;-15.3447;-58.92899;1;1;(-0.16, 1.86, 0.56);(0.0, 0.0, 0.0)(58.93, 344.66, 356.95);0
32.922;-8.618114;-71.80968;-18.68372;-53.39064;0;1;(-0.17, 1.88, 0.56);(0.0, 0.0, 0.0)(53.39, 341.32, 354.79);0
32.963;-11.17471;-68.08673;-16.67923;-47.65082;0;1;(-0.17, 1.90, 0.56);(0.0, 0.0, 0.0)(47.65, 343.32, 357.02);0
33.005;-14.42253;-62.40717;-14.61624;-41.10195;0;1;(-0.16, 1.92, 0.55);(0.0, 0.0, 0.0)(41.10, 345.38, 358.17);0
33.051;-14.69086;-57.11826;-11.98618;-32.96175;0;1;(-0.16, 1.95, 0.55);(0.0, 0.0, 0.0)(32.96, 348.01, 0.28);0
33.090;-14.76832;-50.86996;-10.18866;-24.69036;0;1;(-0.15, 1.97, 0.54);(0.0, 0.0, 0.0)(24.69, 349.81, 0.95);0
33.118;-14.07001;-43.06189;-9.743347;-14.37955;0;1;(-0.15, 2.00, 0.52);(0.0, 0.0, 0.0)(14.38, 350.26, 1.46);0
33.148;-13.48399;-34.98821;-8.46994;-4.406189;0;1;(-0.14, 2.03, 0.50);(0.0, 0.0, 0.0)(4.41, 351.53, 0.62);0
33.191;-14.02822;-24.78103;-6.843231;5.315216;0;1;(-0.13, 2.05, 0.47);(0.0, 0.0, 0.0)(354.68, 353.16, 359.65);0
33.235;-13.46562;-14.80719;-4.089813;17.14182;0;1;(-0.12, 2.06, 0.44);(0.0, 0.0, 0.0)(342.86, 355.91, 357.72);0
33.276;-12.37484;-5.066805;-2.757507;25.90216;0;1;(-0.11, 2.07, 0.41);(0.0, 0.0, 0.0)(334.10, 357.24, 357.17);0
33.307;-9.786798;6.94915;-0.3371582;32.64191;0;1;(-0.11, 2.08, 0.39);(0.0, 0.0, 0.0)(327.36, 359.66, 356.64);0
33.348;-8.496007;15.78088;0.7124973;36.40662;0;1;(-0.11, 2.08, 0.38);(0.0, 0.0, 0.0)(323.59, 0.71, 356.14);0
33.378;-6.245593;22.63523;1.432391;39.30121;0;1;(-0.11, 2.08, 0.37);(0.0, 0.0, 0.0)(320.70, 1.43, 354.95);0
33.404;-5.429527;26.45611;2.166772;39.45844;0;1;(-0.10, 2.08, 0.37);(0.0, 0.0, 0.0)(320.54, 2.17, 353.98);0
33.431;-5.026575;29.55284;3.099571;38.39905;0;1;(-0.10, 2.08, 0.37);(0.0, 0.0, 0.0)(321.60, 3.10, 353.14);0
33.461;-4.557589;29.85629;4.323896;37.32663;0;0;(-0.10, 2.08, 0.37);(0.0, 0.0, 0.0)(322.67, 4.32, 352.02);0
33.489;-3.8823;28.8909;5.179195;36.27267;0;0;(-0.10, 2.08, 0.38);(0.0, 0.0, 0.0)(323.73, 5.18, 351.28);0
33.519;-2.932605;27.94248;6.254242;35.58694;0;0;(-0.09, 2.08, 0.38);(0.0, 0.0, 0.0)(324.41, 6.25, 351.14);0
33.546;-2.212783;26.95568;6.502522;34.63202;0;0;(-0.09, 2.08, 0.38);(0.0, 0.0, 0.0)(325.37, 6.50, 351.33);0
33.582;-1.223262;26.30554;6.022799;33.25766;0;0;(-0.09, 2.07, 0.39);(0.0, 0.0, 0.0)(326.74, 6.02, 351.10);0
33.617;-0.9524364;25.36354;5.62508;32.64496;0;0;(-0.09, 2.07, 0.39);(0.0, 0.0, 0.0)(327.36, 5.63, 350.78);0
33.647;-1.362154;23.99234;5.223113;32.8587;0;0;(-0.09, 2.07, 0.39);(0.0, 0.0, 0.0)(327.14, 5.22, 350.89);0
33.674;-1.714467;23.38059;5.058747;33.50092;0;0;(-0.09, 2.07, 0.39);(0.0, 0.0, 0.0)(326.50, 5.06, 350.83);0
33.704;-2.082196;23.56251;5.270086;34.41431;0;0;(-0.09, 2.08, 0.38);(0.0, 0.0, 0.0)(325.59, 5.27, 350.78);0
33.747;-2.264411;24.19187;5.449199;35.05023;0;0;(-0.09, 2.08, 0.38);(0.0, 0.0, 0.0)(324.95, 5.45, 351.16);0
33.774;-2.087342;25.11204;5.12873;35.08047;0;0;(-0.10, 2.08, 0.38);(0.0, 0.0, 0.0)(324.92, 5.13, 351.80);0
33.803;-1.874515;25.72773;4.362333;34.2402;0;0;(-0.10, 2.08, 0.38);(0.0, 0.0, 0.0)(325.76, 4.36, 352.44);0
33.847;-2.065868;25.72949;3.122744;33.13727;0;0;(-0.10, 2.08, 0.39);(0.0, 0.0, 0.0)(326.86, 3.12, 353.10);0
33.875;-2.62073;24.84259;0.04135076;30.03937;0;0;(-0.10, 2.07, 0.40);(0.0, 0.0, 0.0)(329.96, 0.04, 354.73);0
33.905;-3.532682;23.77219;-2.68808;26.81265;0;0;(-0.11, 2.07, 0.41);(0.0, 0.0, 0.0)(333.19, 357.31, 355.86);0
33.947;-6.10675;20.53638;-4.939941;24.28061;0;1;(-0.11, 2.07, 0.42);(0.0, 0.0, 0.0)(335.72, 355.06, 356.16);0
33.975;-8.577868;17.18517;-5.646851;20.31839;0;1;(-0.11, 2.07, 0.43);(0.0, 0.0, 0.0)(339.68, 354.35, 355.45);0
34.003;-10.84722;14.70692;-5.799316;17.97473;0;1;(-0.11, 2.06, 0.44);(0.0, 0.0, 0.0)(342.03, 354.20, 355.05);0
34.046;-11.64219;10.7667;-5.946625;15.41861;0;1;(-0.11, 2.06, 0.45);(0.0, 0.0, 0.0)(344.58, 354.05, 354.77);0
34.077;-11.88417;8.488051;-6.448395;11.71442;0;1;(-0.11, 2.06, 0.46);(0.0, 0.0, 0.0)(348.29, 353.55, 354.31);0
34.117;-12.13116;6.036802;-6.68927;9.552032;0;1;(-0.11, 2.05, 0.46);(0.0, 0.0, 0.0)(350.45, 353.31, 353.68);0
34.148;-12.82463;2.322636;-6.684692;7.829376;0;1;(-0.11, 2.05, 0.47);(0.0, 0.0, 0.0)(352.17, 353.32, 353.33);0
34.175;-13.16545;0.2205848;-6.564362;6.879456;0;1;(-0.11, 2.05, 0.47);(0.0, 0.0, 0.0)(353.12, 353.44, 353.45);0
34.203;-13.18407;-1.489633;-6.234985;6.458008;0;0;(-0.11, 2.05, 0.47);(0.0, 0.0, 0.0)(353.54, 353.77, 353.59);0
34.232;-13.04506;-2.469412;-5.927338;6.064972;0;0;(-0.11, 2.05, 0.47);(0.0, 0.0, 0.0)(353.94, 354.07, 353.72);0
34.261;-12.69051;-2.905114;-5.645203;5.441223;0;0;(-0.11, 2.05, 0.48);(0.0, 0.0, 0.0)(354.56, 354.35, 354.11);0
34.289;-12.34405;-3.302681;-5.052856;5.010834;0;0;(-0.11, 2.04, 0.48);(0.0, 0.0, 0.0)(354.99, 354.95, 354.63);0
34.318;-11.99996;-3.973659;-4.399811;4.381683;0;0;(-0.11, 2.04, 0.48);(0.0, 0.0, 0.0)(355.62, 355.60, 355.10);0
34.346;-11.32932;-4.450224;-3.774261;3.405579;0;0;(-0.11, 2.04, 0.48);(0.0, 0.0, 0.0)(356.59, 356.23, 355.66);0
34.374;-10.56708;-5.112789;-2.707458;1.936249;0;0;(-0.12, 2.04, 0.48);(0.0, 0.0, 0.0)(358.06, 357.29, 356.50);0
34.403;-9.819324;-6.122242;-1.585327;0.1334534;0;0;(-0.12, 2.04, 0.49);(0.0, 0.0, 0.0)(359.87, 358.41, 357.33);0
34.432;-8.592035;-7.653924;-0.6768799;-1.259293;0;0;(-0.12, 2.03, 0.49);(0.0, 0.0, 0.0)(1.26, 359.32, 358.25);0
34.461;-7.296712;-9.552432;0.101197;-2.533979;0;1;(-0.12, 2.03, 0.50);(0.0, 0.0, 0.0)(2.53, 0.10, 358.92);0
34.489;-6.249898;-11.03467;0.9628616;-3.024897;0;0;(-0.11, 2.03, 0.50);(0.0, 0.0, 0.0)(3.02, 0.96, 359.20);0
34.520;-5.4051;-12.40556;1.816616;-3.000822;0;0;(-0.11, 2.03, 0.50);(0.0, 0.0, 0.0)(3.00, 1.82, 359.41);0
34.547;-4.522735;-12.94542;2.060353;-2.935146;0;0;(-0.11, 2.03, 0.50);(0.0, 0.0, 0.0)(2.94, 2.06, 359.50);0
34.578;-3.628065;-12.94372;1.864559;-2.531826;0;0;(-0.11, 2.03, 0.50);(0.0, 0.0, 0.0)(2.53, 1.86, 359.61);0
34.604;-3.343805;-12.90288;1.507702;-2.126755;0;0;(-0.11, 2.03, 0.50);(0.0, 0.0, 0.0)(2.13, 1.51, 359.55);0
34.632;-3.51109;-12.51205;1.361719;-2.099552;0;0;(-0.11, 2.03, 0.50);(0.0, 0.0, 0.0)(2.10, 1.36, 359.16);0
34.661;-3.903907;-12.08491;1.770605;-2.276183;0;0;(-0.11, 2.03, 0.50);(0.0, 0.0, 0.0)(2.28, 1.77, 358.63);0
34.689;-4.159895;-12.00942;2.339224;-2.663212;0;0;(-0.11, 2.03, 0.50);(0.0, 0.0, 0.0)(2.66, 2.34, 358.22);0
34.718;-3.856953;-12.12334;2.796613;-3.201567;0;0;(-0.11, 2.03, 0.50);(0.0, 0.0, 0.0)(3.20, 2.80, 358.21);0
34.762;-3.343885;-12.46262;3.371341;-3.699453;0;0;(-0.11, 2.03, 0.50);(0.0, 0.0, 0.0)(3.70, 3.37, 358.01);0
34.789;-2.933881;-12.99756;4.113752;-3.956677;0;0;(-0.10, 2.03, 0.50);(0.0, 0.0, 0.0)(3.96, 4.11, 357.20);0
34.817;-2.477751;-13.48014;4.68484;-3.056154;0;0;(-0.10, 2.03, 0.50);(0.0, 0.0, 0.0)(3.06, 4.68, 356.74);0
34.848;-1.861548;-13.70552;5.233939;-1.941702;0;0;(-0.10, 2.03, 0.49);(0.0, 0.0, 0.0)(1.94, 5.23, 356.60);0
34.875;-1.335762;-12.77394;5.531529;-0.996533;0;0;(-0.10, 2.03, 0.49);(0.0, 0.0, 0.0)(1.00, 5.53, 356.44);0
34.905;-0.7883137;-11.64423;5.688442;-0.6000388;0;0;(-0.10, 2.03, 0.49);(0.0, 0.0, 0.0)(0.60, 5.69, 356.42);0
34.932;-0.4917877;-10.66453;5.715476;-0.6994171;0;0;(-0.10, 2.03, 0.49);(0.0, 0.0, 0.0)(0.70, 5.72, 356.43);0
34.960;-0.3298105;-10.24596;5.675128;-0.779349;0;0;(-0.10, 2.03, 0.49);(0.0, 0.0, 0.0)(0.78, 5.68, 356.28);0
34.989;-0.3117685;-10.34579;5.586814;-0.7972896;0;0;(-0.10, 2.03, 0.49);(0.0, 0.0, 0.0)(0.80, 5.59, 356.01);0
35.018;-0.382335;-10.41142;5.527847;-0.8674343;0;0;(-0.10, 2.03, 0.49);(0.0, 0.0, 0.0)(0.87, 5.53, 356.04);0
35.046;-0.4928812;-10.40076;5.542901;-0.629075;0;0;(-0.10, 2.03, 0.49);(0.0, 0.0, 0.0)(0.63, 5.54, 356.51);0
35.075;-0.5168536;-10.48948;5.541184;-0.238484;0;0;(-0.10, 2.03, 0.49);(0.0, 0.0, 0.0)(0.24, 5.54, 356.95);0
35.103;-0.4197679;-10.3087;5.687444;-0.07042374;0;0;(-0.10, 2.03, 0.49);(0.0, 0.0, 0.0)(0.07, 5.69, 357.30);0
35.132;-0.3579665;-9.955195;6.026098;-0.3885114;0;0;(-0.10, 2.03, 0.49);(0.0, 0.0, 0.0)(0.39, 6.03, 357.54);0
35.161;-0.1782127;-9.800832;6.194251;-1.009077;0;0;(-0.10, 2.03, 0.49);(0.0, 0.0, 0.0)(1.01, 6.19, 357.85);0
35.188;0.1948971;-10.12826;6.449584;-1.345722;0;0;(-0.10, 2.03, 0.49);(0.0, 0.0, 0.0)(1.35, 6.45, 358.10);0
35.218;0.3860569;-10.78925;6.668565;-1.392116;0;0;(-0.10, 2.03, 0.49);(0.0, 0.0, 0.0)(1.39, 6.67, 358.59);0
35.247;0.6811556;-11.16241;6.916087;-1.351557;0;0;(-0.10, 2.03, 0.49);(0.0, 0.0, 0.0)(1.35, 6.92, 358.94);0
35.276;0.9575574;-11.25954;7.279878;-1.124223;0;0;(-0.10, 2.03, 0.49);(0.0, 0.0, 0.0)(1.12, 7.28, 359.12);0
35.303;1.245549;-11.26193;7.631926;-0.7766192;0;0;(-0.10, 2.03, 0.49);(0.0, 0.0, 0.0)(0.78, 7.63, 359.37);0
35.333;1.640529;-11.05799;8.049914;-0.2649707;0;0;(-0.10, 2.03, 0.49);(0.0, 0.0, 0.0)(0.26, 8.05, 359.79);0
35.361;2.038344;-10.7425;8.61669;0.2680664;0;0;(-0.10, 2.04, 0.49);(0.0, 0.0, 0.0)(359.73, 8.62, 0.18);0
35.389;2.527952;-10.27486;9.242661;0.5926208;0;0;(-0.10, 2.04, 0.49);(0.0, 0.0, 0.0)(359.41, 9.24, 0.37);0
35.418;3.164919;-9.77284;9.900846;0.8082581;0;0;(-0.10, 2.04, 0.49);(0.0, 0.0, 0.0)(359.19, 9.90, 0.43);0
35.447;3.823272;-9.462341;10.48733;0.885376;0;0;(-0.10, 2.04, 0.49);(0.0, 0.0, 0.0)(359.11, 10.49, 0.47);0
35.474;4.500229;-9.247769;10.91186;0.8133545;0;0;(-0.10, 2.04, 0.49);(0.0, 0.0, 0.0)(359.19, 10.91, 0.41);0
35.503;5.09566;-9.168166;10.99185;0.604126;0;0;(-0.10, 2.04, 0.49);(0.0, 0.0, 0.0)(359.40, 10.99, 0.29);0
35.532;5.521047;-9.228085;10.74938;0.4077148;0;0;(-0.10, 2.04, 0.49);(0.0, 0.0, 0.0)(359.59, 10.75, 0.09);0
35.560;5.587333;-9.426297;10.28771;0.3847961;0;0;(-0.10, 2.04, 0.49);(0.0, 0.0, 0.0)(359.62, 10.29, 359.80);0
35.589;5.312962;-9.610755;9.712588;0.4355164;0;0;(-0.10, 2.04, 0.49);(0.0, 0.0, 0.0)(359.56, 9.71, 359.47);0
35.617;4.806184;-9.609678;9.149954;0.454834;0;0;(-0.10, 2.04, 0.49);(0.0, 0.0, 0.0)(359.55, 9.15, 359.18);0
35.647;4.177354;-9.526245;8.575099;0.4685974;0;0;(-0.10, 2.04, 0.49);(0.0, 0.0, 0.0)(359.53, 8.58, 359.01);0
35.674;3.571716;-9.478923;7.730093;0.5516357;0;0;(-0.10, 2.04, 0.49);(0.0, 0.0, 0.0)(359.45, 7.73, 358.84);0
35.703;2.976437;-9.451344;6.745939;0.5979614;0;0;(-0.10, 2.04, 0.49);(0.0, 0.0, 0.0)(359.40, 6.75, 358.61);0
35.746;2.070179;-9.348937;5.684721;0.7021179;0;0;(-0.10, 2.04, 0.49);(0.0, 0.0, 0.0)(359.30, 5.68, 358.31);0
35.775;1.10934;-9.284567;4.274769;1.046326;0;0;(-0.10, 2.04, 0.49);(0.0, 0.0, 0.0)(358.95, 4.27, 357.85);0
35.803;0.05260924;-9.162532;3.582778;1.287231;0;0;(-0.11, 2.04, 0.49);(0.0, 0.0, 0.0)(358.71, 3.58, 357.64);0
35.849;-1.41477;-8.770769;3.130339;1.421814;0;0;(-0.11, 2.04, 0.49);(0.0, 0.0, 0.0)(358.58, 3.13, 357.59);0
35.875;-2.12764;-8.50665;2.583584;1.511505;0;0;(-0.11, 2.04, 0.49);(0.0, 0.0, 0.0)(358.49, 2.58, 357.53);0
35.906;-2.57538;-8.365735;2.294631;1.661407;0;0;(-0.11, 2.04, 0.49);(0.0, 0.0, 0.0)(358.34, 2.29, 357.63);0
35.950;-3.124919;-8.27341;2.019208;1.795593;0;0;(-0.11, 2.04, 0.48);(0.0, 0.0, 0.0)(358.20, 2.02, 357.76);0
35.974;-3.390294;-8.134202;1.849663;2.09436;0;0;(-0.11, 2.04, 0.48);(0.0, 0.0, 0.0)(357.91, 1.85, 357.78);0
36.003;-3.652959;-8.020567;1.767466;2.29248;0;0;(-0.11, 2.04, 0.48);(0.0, 0.0, 0.0)(357.71, 1.77, 357.71);0
36.032;-3.829917;-7.719647;1.767686;2.648224;0;0;(-0.11, 2.04, 0.48);(0.0, 0.0, 0.0)(357.35, 1.77, 357.53);0
36.061;-3.934697;-7.522234;1.708366;2.928833;0;0;(-0.11, 2.04, 0.48);(0.0, 0.0, 0.0)(357.07, 1.71, 357.47);0
36.088;-3.953829;-7.147501;1.641002;3.126434;0;0;(-0.11, 2.04, 0.48);(0.0, 0.0, 0.0)(356.87, 1.64, 357.53);0
36.117;-4.015024;-6.85915;1.628064;3.393951;0;0;(-0.11, 2.04, 0.48);(0.0, 0.0, 0.0)(356.61, 1.63, 357.51);0
36.146;-4.081014;-6.670891;1.821155;3.760101;0;0;(-0.11, 2.04, 0.48);(0.0, 0.0, 0.0)(356.24, 1.82, 357.25);0
36.174;-4.126342;-6.406068;2.316219;3.964935;0;0;(-0.11, 2.04, 0.48);(0.0, 0.0, 0.0)(356.04, 2.32, 356.92);0
36.203;-4.0042;-6.007653;2.955667;3.965118;0;0;(-0.10, 2.04, 0.48);(0.0, 0.0, 0.0)(356.03, 2.96, 356.75);0
36.232;-3.569657;-5.760898;3.629268;3.77124;0;0;(-0.10, 2.04, 0.48);(0.0, 0.0, 0.0)(356.23, 3.63, 356.71);0
36.261;-2.960451;-5.734637;4.260209;3.203308;0;0;(-0.10, 2.04, 0.48);(0.0, 0.0, 0.0)(356.80, 4.26, 356.64);0
36.290;-2.305057;-5.906024;4.829607;2.457764;0;0;(-0.10, 2.04, 0.48);(0.0, 0.0, 0.0)(357.54, 4.83, 356.45);0
36.319;-1.702364;-6.454846;5.37212;1.624725;0;0;(-0.10, 2.04, 0.48);(0.0, 0.0, 0.0)(358.38, 5.37, 356.32);0
36.347;-1.172166;-7.17233;5.722002;0.7606506;0;0;(-0.10, 2.04, 0.49);(0.0, 0.0, 0.0)(359.24, 5.72, 356.40);0
36.375;-0.6428894;-7.987673;6.059723;-0.2060208;0;0;(-0.10, 2.03, 0.49);(0.0, 0.0, 0.0)(0.21, 6.06, 356.54);0
36.404;-0.2942091;-8.850537;6.59901;-0.7721033;0;0;(-0.10, 2.03, 0.49);(0.0, 0.0, 0.0)(0.77, 6.60, 356.81);0
36.432;0.04111375;-9.845684;7.662582;0.1069946;0;0;(-0.09, 2.04, 0.49);(0.0, 0.0, 0.0)(359.89, 7.66, 356.60);0
36.461;0.5380131;-10.49523;9.042876;2.930176;0;0;(-0.09, 2.04, 0.48);(0.0, 0.0, 0.0)(357.07, 9.04, 356.58);0
36.488;1.531269;-9.667587;10.05978;6.358032;0;0;(-0.09, 2.05, 0.47);(0.0, 0.0, 0.0)(353.64, 10.06, 357.68);0
36.518;3.057364;-6.887529;10.77997;9.513;0;0;(-0.10, 2.05, 0.46);(0.0, 0.0, 0.0)(350.49, 10.78, 358.97);0
36.546;4.439105;-3.598797;11.3504;12.03162;0;0;(-0.10, 2.06, 0.45);(0.0, 0.0, 0.0)(347.97, 11.35, 359.88);0
36.574;5.397279;-0.5565518;12.16298;13.56094;0;0;(-0.10, 2.06, 0.45);(0.0, 0.0, 0.0)(346.44, 12.16, 0.53);0
36.603;6.078252;1.912067;13.10778;14.52719;0;0;(-0.10, 2.06, 0.45);(0.0, 0.0, 0.0)(345.47, 13.11, 1.14);0
36.632;6.959432;3.403336;14.25598;14.88992;0;0;(-0.10, 2.06, 0.45);(0.0, 0.0, 0.0)(345.11, 14.26, 1.88);0
36.660;7.964758;4.340298;15.32738;15.10977;0;0;(-0.11, 2.06, 0.45);(0.0, 0.0, 0.0)(344.89, 15.33, 2.65);0
36.689;9.183548;4.643425;16.10784;15.09656;0;0;(-0.11, 2.06, 0.45);(0.0, 0.0, 0.0)(344.90, 16.11, 3.18);0
36.717;10.37619;4.806795;16.67173;14.83319;0;0;(-0.11, 2.06, 0.45);(0.0, 0.0, 0.0)(345.17, 16.67, 3.59);0
36.760;11.24587;4.760076;16.99234;14.3721;0;0;(-0.11, 2.06, 0.45);(0.0, 0.0, 0.0)(345.63, 16.99, 3.85);0
36.789;11.91518;4.475318;17.09572;13.55627;0;0;(-0.11, 2.06, 0.45);(0.0, 0.0, 0.0)(346.44, 17.10, 4.09);0
36.817;12.31347;4.012574;16.93746;13.1626;0;0;(-0.11, 2.06, 0.45);(0.0, 0.0, 0.0)(346.84, 16.94, 4.17);0
36.846;12.48987;3.161703;16.70837;12.8808;0;0;(-0.11, 2.06, 0.45);(0.0, 0.0, 0.0)(347.12, 16.71, 4.13);0
36.875;12.34764;2.758107;16.46361;12.73077;0;0;(-0.10, 2.06, 0.45);(0.0, 0.0, 0.0)(347.27, 16.46, 3.92);0
36.905;12.10303;2.473398;16.18366;12.76794;0;0;(-0.10, 2.06, 0.45);(0.0, 0.0, 0.0)(347.23, 16.18, 3.72);0
36.932;11.82149;2.331481;15.79668;12.96783;0;0;(-0.11, 2.06, 0.45);(0.0, 0.0, 0.0)(347.03, 15.80, 3.69);0
36.961;11.51464;2.378037;15.49973;13.22525;0;0;(-0.11, 2.06, 0.45);(0.0, 0.0, 0.0)(346.77, 15.50, 3.66);0
36.988;11.10344;2.576466;15.39651;13.42776;0;0;(-0.11, 2.06, 0.45);(0.0, 0.0, 0.0)(346.57, 15.40, 3.46);0
37.017;10.76093;2.835803;15.32784;13.71719;0;0;(-0.11, 2.06, 0.45);(0.0, 0.0, 0.0)(346.28, 15.33, 3.38);0
37.047;10.60957;3.049888;15.37114;14.03745;0;0;(-0.11, 2.06, 0.45);(0.0, 0.0, 0.0)(345.96, 15.37, 3.43);0
37.074;10.5278;3.34386;15.54678;14.3049;0;0;(-0.11, 2.06, 0.45);(0.0, 0.0, 0.0)(345.70, 15.55, 3.40);0
37.104;10.56436;3.661082;15.75016;14.43573;0;0;(-0.11, 2.06, 0.45);(0.0, 0.0, 0.0)(345.56, 15.75, 3.35);0
37.133;10.72614;3.935699;15.90323;14.47675;0;0;(-0.11, 2.06, 0.45);(0.0, 0.0, 0.0)(345.52, 15.90, 3.37);0
37.161;10.9238;4.074072;15.99245;14.34634;0;0;(-0.11, 2.06, 0.45);(0.0, 0.0, 0.0)(345.65, 15.99, 3.42);0
37.189;11.08261;4.119752;16.03986;14.07498;0;0;(-0.11, 2.06, 0.45);(0.0, 0.0, 0.0)(345.93, 16.04, 3.40);0
37.217;11.19315;3.992955;16.05351;13.73019;0;0;(-0.10, 2.06, 0.45);(0.0, 0.0, 0.0)(346.27, 16.05, 3.26);0
37.247;11.24429;3.727083;15.99914;13.28876;0;0;(-0.10, 2.06, 0.45);(0.0, 0.0, 0.0)(346.71, 16.00, 3.04);0
37.274;11.24107;3.399048;15.787;12.81494;0;0;(-0.10, 2.06, 0.45);(0.0, 0.0, 0.0)(347.19, 15.79, 2.84);0
37.304;11.16455;2.97896;15.42656;12.40564;0;0;(-0.10, 2.06, 0.45);(0.0, 0.0, 0.0)(347.59, 15.43, 2.75);0
37.333;10.93362;2.520722;15.0012;12.0762;0;0;(-0.10, 2.06, 0.45);(0.0, 0.0, 0.0)(347.92, 15.00, 2.67);0
37.361;10.55166;2.116552;14.66744;12.06;0;0;(-0.10, 2.06, 0.45);(0.0, 0.0, 0.0)(347.94, 14.67, 2.48);0
37.390;10.08606;1.780232;14.36578;12.4379;0;0;(-0.10, 2.06, 0.45);(0.0, 0.0, 0.0)(347.56, 14.37, 2.36);0
37.417;9.725328;1.764307;14.09002;13.13589;0;0;(-0.10, 2.06, 0.45);(0.0, 0.0, 0.0)(346.86, 14.09, 2.34);0
37.446;9.444829;2.138263;13.94566;13.9501;0;0;(-0.11, 2.06, 0.45);(0.0, 0.0, 0.0)(346.05, 13.95, 2.24);0
37.475;9.155394;2.830491;13.88797;14.70062;0;0;(-0.11, 2.06, 0.45);(0.0, 0.0, 0.0)(345.30, 13.89, 2.12);0
37.504;8.972266;3.652905;13.85647;15.09763;0;0;(-0.11, 2.06, 0.45);(0.0, 0.0, 0.0)(344.90, 13.86, 2.08);0
37.532;8.866635;4.425196;13.78086;15.23654;0;0;(-0.11, 2.06, 0.45);(0.0, 0.0, 0.0)(344.76, 13.78, 2.14);0
37.564;8.808543;4.835033;13.69746;15.15207;0;0;(-0.11, 2.06, 0.45);(0.0, 0.0, 0.0)(344.85, 13.70, 2.25);0
37.603;8.74402;4.977066;13.58737;14.88293;0;0;(-0.11, 2.06, 0.45);(0.0, 0.0, 0.0)(345.12, 13.59, 2.40);0
37.634;8.696598;4.892398;13.46182;13.97717;0;0;(-0.11, 2.06, 0.45);(0.0, 0.0, 0.0)(346.02, 13.46, 2.53);0
37.674;8.631581;4.640352;13.35887;13.12903;0;0;(-0.11, 2.06, 0.45);(0.0, 0.0, 0.0)(346.87, 13.36, 2.48);0
37.703;8.552761;3.725637;13.22508;12.30408;0;0;(-0.11, 2.06, 0.45);(0.0, 0.0, 0.0)(347.70, 13.23, 2.47);0
37.747;8.467043;2.884946;13.16758;11.93982;0;0;(-0.11, 2.06, 0.46);(0.0, 0.0, 0.0)(348.06, 13.17, 2.47);0
37.774;8.34764;2.044092;13.41104;10.71869;0;0;(-0.10, 2.05, 0.46);(0.0, 0.0, 0.0)(349.28, 13.41, 1.98);0
37.818;8.240236;1.719029;13.55865;9.530365;0;0;(-0.10, 2.05, 0.46);(0.0, 0.0, 0.0)(350.47, 13.56, 1.23);0
37.847;8.382568;0.5412363;13.61321;6.753296;0;0;(-0.10, 2.05, 0.47);(0.0, 0.0, 0.0)(353.25, 13.61, 0.27);0
37.875;8.367075;-0.502032;13.43099;4.490967;0;0;(-0.09, 2.04, 0.47);(0.0, 0.0, 0.0)(355.51, 13.43, 359.96);0
37.905;8.228291;-3.214131;13.07797;2.560699;0;0;(-0.09, 2.04, 0.48);(0.0, 0.0, 0.0)(357.44, 13.08, 359.86);0
37.932;8.027328;-5.447101;12.47634;1.638397;0;0;(-0.09, 2.04, 0.48);(0.0, 0.0, 0.0)(358.36, 12.48, 0.14);0
37.961;7.684804;-7.405229;11.82921;1.368683;0;0;(-0.10, 2.04, 0.48);(0.0, 0.0, 0.0)(358.63, 11.83, 0.57);0
37.989;7.13347;-8.380035;11.30477;0.9442139;0;0;(-0.10, 2.04, 0.49);(0.0, 0.0, 0.0)(359.06, 11.30, 0.65);0
38.017;6.524174;-8.680986;10.91333;0.3495483;0;0;(-0.10, 2.04, 0.49);(0.0, 0.0, 0.0)(359.65, 10.91, 0.32);0
38.046;5.966658;-9.102412;10.61541;0.04019165;0;0;(-0.10, 2.04, 0.49);(0.0, 0.0, 0.0)(359.96, 10.62, 0.25);0
38.074;5.51987;-9.677341;10.40531;-0.1534088;0;0;(-0.10, 2.03, 0.49);(0.0, 0.0, 0.0)(0.15, 10.41, 0.24);0
38.102;5.202974;-9.984692;10.20368;-0.2188594;0;0;(-0.10, 2.03, 0.49);(0.0, 0.0, 0.0)(0.22, 10.20, 0.16);0
38.135;4.981074;-10.18199;9.975188;-0.2057905;0;0;(-0.10, 2.03, 0.49);(0.0, 0.0, 0.0)(0.21, 9.98, 0.16);0
38.176;4.771952;-10.24282;9.757087;-0.1469386;0;0;(-0.10, 2.03, 0.49);(0.0, 0.0, 0.0)(0.15, 9.76, 0.29);0
38.206;4.553804;-10.23205;9.455103;-0.04132977;0;0;(-0.10, 2.04, 0.49);(0.0, 0.0, 0.0)(0.04, 9.46, 0.45);0
38.247;4.367617;-10.18774;9.257614;0.02651978;0;0;(-0.10, 2.04, 0.49);(0.0, 0.0, 0.0)(359.97, 9.26, 0.50);0
38.274;4.08187;-10.09555;8.942739;0.1561279;0;0;(-0.10, 2.04, 0.49);(0.0, 0.0, 0.0)(359.84, 8.94, 0.56);0
38.303;3.902424;-10.03504;8.812776;0.179718;0;0;(-0.10, 2.04, 0.49);(0.0, 0.0, 0.0)(359.82, 8.81, 0.61);0
38.333;3.588644;-9.907455;8.722734;0.1148071;0;0;(-0.10, 2.04, 0.49);(0.0, 0.0, 0.0)(359.89, 8.72, 0.59);0
38.362;3.458776;-9.88449;8.656998;0.02072144;0;0;(-0.10, 2.04, 0.49);(0.0, 0.0, 0.0)(359.98, 8.66, 0.50);0
38.390;3.356241;-9.945374;8.573789;-0.08198671;0;0;(-0.10, 2.03, 0.49);(0.0, 0.0, 0.0)(0.08, 8.57, 0.39);0
38.419;3.271957;-10.03066;8.534126;-0.1474055;0;0;(-0.10, 2.03, 0.49);(0.0, 0.0, 0.0)(0.15, 8.53, 0.28);0
38.447;3.16451;-10.1242;8.515097;-0.1473664;0;0;(-0.10, 2.03, 0.49);(0.0, 0.0, 0.0)(0.15, 8.52, 0.25);0
38.475;3.108801;-10.18244;8.484565;-0.09616377;0;0;(-0.10, 2.03, 0.49);(0.0, 0.0, 0.0)(0.10, 8.48, 0.26);0
38.504;3.087648;-10.18141;8.412036;-0.02741002;0;0;(-0.10, 2.04, 0.49);(0.0, 0.0, 0.0)(0.03, 8.41, 0.27);0
38.532;3.062242;-10.13222;8.302567;0.07421875;0;0;(-0.10, 2.04, 0.49);(0.0, 0.0, 0.0)(359.93, 8.30, 0.30);0
38.562;2.995604;-10.06615;8.123367;0.2572327;0;0;(-0.10, 2.04, 0.49);(0.0, 0.0, 0.0)(359.74, 8.12, 0.39);0
38.589;2.90001;-9.971088;7.876678;0.484375;0;0;(-0.10, 2.04, 0.49);(0.0, 0.0, 0.0)(359.52, 7.88, 0.49);0
38.617;2.741448;-9.798832;7.610261;0.6490173;0;0;(-0.10, 2.04, 0.49);(0.0, 0.0, 0.0)(359.35, 7.61, 0.52);0
38.649;2.504342;-9.579813;7.3657;0.7501831;0;0;(-0.10, 2.04, 0.49);(0.0, 0.0, 0.0)(359.25, 7.37, 0.43);0
38.675;2.213313;-9.415107;7.121013;0.8955078;0;0;(-0.11, 2.04, 0.49);(0.0, 0.0, 0.0)(359.10, 7.12, 0.33);0
38.704;1.959135;-9.308111;6.880352;1.047699;0;0;(-0.11, 2.04, 0.49);(0.0, 0.0, 0.0)(358.95, 6.88, 0.23);0
38.747;1.703669;-9.154043;6.672975;1.179657;0;0;(-0.11, 2.04, 0.49);(0.0, 0.0, 0.0)(358.82, 6.67, 0.10);0
38.774;1.475318;-8.992831;6.229655;1.364502;0;0;(-0.11, 2.04, 0.49);(0.0, 0.0, 0.0)(358.64, 6.23, 359.91);0
38.802;1.271715;-8.851302;5.838417;1.547058;0;0;(-0.11, 2.04, 0.49);(0.0, 0.0, 0.0)(358.45, 5.84, 359.87);0
38.833;0.8281417;-8.649793;5.424253;1.724976;0;0;(-0.11, 2.04, 0.48);(0.0, 0.0, 0.0)(358.28, 5.42, 359.83);0
38.861;0.4486993;-8.464354;5.047363;1.885834;0;0;(-0.11, 2.04, 0.48);(0.0, 0.0, 0.0)(358.11, 5.05, 359.83);0
38.889;0.04390854;-8.283483;4.757524;2.029877;0;0;(-0.11, 2.04, 0.48);(0.0, 0.0, 0.0)(357.97, 4.76, 359.84);0
38.919;-0.3251387;-8.122378;4.566633;2.15094;0;0;(-0.11, 2.04, 0.48);(0.0, 0.0, 0.0)(357.85, 4.57, 359.82);0
38.947;-0.6125523;-7.979239;4.489842;2.237915;0;0;(-0.11, 2.04, 0.48);(0.0, 0.0, 0.0)(357.76, 4.49, 359.79);0
38.975;-0.8093179;-7.854819;4.480035;2.295959;0;0;(-0.11, 2.04, 0.48);(0.0, 0.0, 0.0)(357.70, 4.48, 359.78);0
39.004;-0.8915113;-7.764165;4.51304;2.333496;0;0;(-0.11, 2.04, 0.48);(0.0, 0.0, 0.0)(357.67, 4.51, 359.77);0
39.033;-0.9048474;-7.704444;4.538677;2.370605;0;0;(-0.11, 2.04, 0.48);(0.0, 0.0, 0.0)(357.63, 4.54, 359.78);0
39.062;-0.8723798;-7.666485;4.525774;2.384247;0;0;(-0.11, 2.04, 0.48);(0.0, 0.0, 0.0)(357.62, 4.53, 359.79);0
39.090;-0.8436713;-7.628867;4.485058;2.385437;0;0;(-0.11, 2.04, 0.48);(0.0, 0.0, 0.0)(357.61, 4.49, 359.81);0
39.117;-0.8515911;-7.616296;4.451255;2.384064;0;0;(-0.11, 2.04, 0.48);(0.0, 0.0, 0.0)(357.62, 4.45, 359.83);0
39.147;-0.8881885;-7.61699;4.444284;2.370056;0;0;(-0.11, 2.04, 0.48);(0.0, 0.0, 0.0)(357.63, 4.44, 359.86);0
39.178;-0.9191048;-7.619659;-0.7481384;2.491516;0;0;(-0.12, 2.04, 0.48);(0.0, 0.0, 0.0)(357.51, 359.25, 0.00);0
39.205;-0.6252412;-7.643738;-0.7413635;2.446014;0;0;(-0.12, 2.04, 0.48);(0.0, 0.0, 0.0)(357.55, 359.26, 0.02);0
39.234;-6.018783;-7.526949;-0.7269592;2.399139;1;0;(-0.12, 2.04, 0.48);(0.0, 0.0, 0.0)(357.60, 359.27, 0.04);0
39.262;-6.008143;-7.574293;-0.6773682;2.320801;0;0;(-0.12, 2.04, 0.48);(0.0, 0.0, 0.0)(357.68, 359.32, 0.05);0
39.296;-5.993247;-7.621583;-0.5841675;2.239563;0;0;(-0.12, 2.04, 0.48);(0.0, 0.0, 0.0)(357.76, 359.42, 0.04);0
39.354;-6.024533;-7.593052;-0.5551453;2.195679;0;0;(-0.12, 2.04, 0.48);(0.0, 0.0, 0.0)(357.80, 359.44, 0.04);0
39.482;-6.012869;-7.605783;-0.5939941;2.199005;0;0;(-0.12, 2.04, 0.48);(0.0, 0.0, 0.0)(357.80, 359.41, 0.03);0
39.541;-10.08452;-10.53463;-0.6335144;2.243988;0;0;(-0.12, 2.04, 0.48);(0.0, 0.0, 0.0)(357.76, 359.37, 0.10);0
39.589;-9.997937;-10.44965;-0.6555786;2.249817;0;0;(-0.12, 2.04, 0.48);(0.0, 0.0, 0.0)(357.75, 359.34, 0.14);0
39.618;-10.00985;-10.43969;-0.6763306;2.253113;0;0;(-0.12, 2.04, 0.48);(0.0, 0.0, 0.0)(357.75, 359.32, 0.20);0
39.662;-9.422346;-10.36527;-0.6626587;2.240387;0;0;(-0.12, 2.04, 0.48);(0.0, 0.0, 0.0)(357.76, 359.34, 0.22);0
39.692;-9.799059;-11.06452;-0.6528931;2.202789;0;0;(-0.12, 2.04, 0.48);(0.0, 0.0, 0.0)(357.80, 359.35, 0.26);0
39.735;-9.819775;-11.05349;-0.5765076;2.156158;0;0;(-0.12, 2.04, 0.48);(0.0, 0.0, 0.0)(357.84, 359.42, 0.27);0
39.778;-9.93806;-11.11575;-0.4120178;2.098297;0;0;(-0.12, 2.04, 0.48);(0.0, 0.0, 0.0)(357.90, 359.59, 0.30);0
39.822;-9.990038;-11.12757;-0.292572;2.045074;0;0;(-0.12, 2.04, 0.48);(0.0, 0.0, 0.0)(357.95, 359.71, 0.34);0
39.863;-6.175281;-10.57306;-0.2055054;1.937378;1;1;(-0.12, 2.04, 0.48);(0.0, 0.0, 0.0)(358.06, 359.79, 0.39);0
39.891;-1.573113;-10.58602;0.03491816;1.848938;1;1;(-0.12, 2.04, 0.48);(0.0, 0.0, 0.0)(358.15, 0.03, 0.47);0
39.919;-0.4487476;-11.26874;0.1048956;1.793121;0;0;(-0.12, 2.04, 0.49);(0.0, 0.0, 0.0)(358.21, 0.10, 0.53);0
39.963;0.3779188;-11.94438;0.202617;1.702911;0;0;(-0.12, 2.04, 0.49);(0.0, 0.0, 0.0)(358.30, 0.20, 0.57);0
40.007;0.4612924;-11.99564;0.2426196;1.440338;0;0;(-0.12, 2.04, 0.49);(0.0, 0.0, 0.0)(358.56, 0.24, 0.58);0
40.048;0.6856859;-11.99142;0.06774445;1.043304;0;0;(-0.12, 2.04, 0.49);(0.0, 0.0, 0.0)(358.96, 0.07, 0.53);0
40.091;0.9443584;-11.87161;0.2375897;0.7731018;0;0;(-0.12, 2.04, 0.49);(0.0, 0.0, 0.0)(359.23, 0.24, 0.42);0
40.120;1.684678;-11.89738;0.6540545;0.5884705;0;0;(-0.12, 2.04, 0.49);(0.0, 0.0, 0.0)(359.41, 0.65, 0.39);0
40.162;1.372236;-12.1501;0.9962626;0.5515137;0;0;(-0.12, 2.04, 0.49);(0.0, 0.0, 0.0)(359.45, 1.00, 0.46);0
40.191;1.906675;-13.05867;0.9179236;0.4984131;0;0;(-0.12, 2.04, 0.49);(0.0, 0.0, 0.0)(359.50, 0.92, 0.46);0
40.219;2.819124;-15.13928;0.8955806;0.5111694;0;1;(-0.12, 2.04, 0.49);(0.0, 0.0, 0.0)(359.49, 0.90, 0.49);0
40.249;2.871175;-15.45628;0.7614679;0.5256653;0;0;(-0.12, 2.04, 0.49);(0.0, 0.0, 0.0)(359.47, 0.76, 0.52);0
40.291;2.93821;-15.49873;0.6776979;0.5300598;0;0;(-0.12, 2.04, 0.49);(0.0, 0.0, 0.0)(359.47, 0.68, 0.53);0
40.320;2.471738;-16.51733;0.55111;0.5210266;0;0;(-0.12, 2.04, 0.49);(0.0, 0.0, 0.0)(359.48, 0.55, 0.47);0
40.365;2.481209;-16.57095;0.4540023;0.5341492;0;0;(-0.12, 2.04, 0.49);(0.0, 0.0, 0.0)(359.47, 0.45, 0.46);0
40.406;2.472879;-16.69349;0.493003;0.6512451;0;0;(-0.12, 2.04, 0.49);(0.0, 0.0, 0.0)(359.35, 0.49, 0.49);0
40.449;2.388543;-16.7684;0.5397558;0.8209229;0;0;(-0.12, 2.04, 0.49);(0.0, 0.0, 0.0)(359.18, 0.54, 0.49);0
40.491;2.353802;-16.81149;0.5780281;1.010712;0;0;(-0.12, 2.04, 0.49);(0.0, 0.0, 0.0)(358.99, 0.58, 0.45);0
40.520;0.4710192;-14.43641;0.5731616;1.163574;0;1;(-0.12, 2.04, 0.49);(0.0, 0.0, 0.0)(358.84, 0.57, 0.44);0
40.563;-1.558387;-8.605745;0.5440732;1.234711;0;1;(-0.12, 2.04, 0.49);(0.0, 0.0, 0.0)(358.77, 0.54, 0.46);0
40.604;-2.588107;-7.671107;0.4495915;1.330444;0;0;(-0.12, 2.04, 0.49);(0.0, 0.0, 0.0)(358.67, 0.45, 0.51);0
40.633;-2.049442;-3.466252;0.3109393;1.383484;0;0;(-0.12, 2.04, 0.49);(0.0, 0.0, 0.0)(358.62, 0.31, 0.53);0
40.662;-2.184988;-1.674528;0.2165733;1.416992;0;0;(-0.12, 2.04, 0.49);(0.0, 0.0, 0.0)(358.58, 0.22, 0.54);0
40.690;-3.603379;-0.3608212;0.1560603;1.430817;0;0;(-0.12, 2.04, 0.49);(0.0, 0.0, 0.0)(358.57, 0.16, 0.56);0
40.720;-5.243236;-1.271044;0.1076503;1.433929;0;0;(-0.12, 2.04, 0.49);(0.0, 0.0, 0.0)(358.57, 0.11, 0.57);0
