Frame_Number;Time;Total_Angles_x;Total_Angles_y;isSaccade;isSaccadeLeftRight;isSaccaderRadial;Head_Rotation_x;Head_Rotation_y;Head_Position;messages;
1;0.000;70.47953;-19.52042;0;0;0;0;0;(0.0, 1.6, 0.0)
2;0.020;0;-35.91506;1;1;1;0;0;(0.0, 1.6, 0.0)SaccadeStart;
3;0.353;2.32436;-34.17596;0;0;0;19.6907;-2.536216;(-0.1, 1.7, -0.3)
4;0.546;23.7645;-6.65524;1;0;1;21.77712;-2.461925;(-0.2, 1.7, 0.0)SaccadeStart;
5;0.648;24.95629;-6.510986;0;0;0;20.43477;-1.260429;(-0.2, 1.7, 0.1)
6;0.667;20.38696;-6.28835;1;1;1;5.000331;-1.61816;(-0.2, 1.7, 0.1)SaccadeStart;
7;0.721;0.4275826;-5.5618;1;1;1;-0.5003357;-1.927662;(0.0, 1.7, -0.2)
8;0.784;-0.3623678;-6.39112;0;0;0;-0.7298584;-2.135969;(0.0, 1.7, -0.2)
9;0.837;-0.3331319;-6.048501;0;0;0;-0.9310913;-2.242591;(0.0, 1.7, -0.2)
10;0.893;-1.799468;0.06087499;1;0;1;-1.130157;-2.196951;(0.0, 1.7, -0.2)SaccadeStart;
11;0.950;-0.5604579;2.289386;0;0;0;-1.296997;-2.097858;(0.0, 1.7, -0.2)
12;0.979;0.5123694;1.747254;0;0;0;-1.365875;-2.047861;(0.0, 1.7, -0.2)
13;1.058;3.454737;1.327535;0;0;0;18.27993;-1.982528;(-0.2, 1.7, -0.3)
14;1.133;19.76461;1.53115;1;1;1;18.23103;-1.911095;(-0.2, 1.7, -0.3)SaccadeStart;
15;1.154;20.09366;1.956979;0;0;0;18.23489;-1.865789;(-0.2, 1.7, -0.3)
16;1.179;20.16361;2.183997;0;0;0;18.30654;-1.932707;(-0.2, 1.7, -0.3)
17;1.210;20.2213;2.11124;0;0;0;18.40413;-2.021555;(-0.2, 1.7, -0.3)
18;1.236;20.1858;2.24826;0;0;0;18.50804;-2.113709;(-0.2, 1.7, -0.3)
19;1.265;20.16266;2.316365;0;0;0;18.61493;-2.207662;(-0.2, 1.7, -0.3)
20;1.312;20.10636;2.373586;0;0;0;18.72197;-2.264462;(-0.2, 1.7, -0.3)
21;1.327;20.10591;2.363482;0;0;0;18.80294;-2.281499;(-0.2, 1.7, -0.3)
22;1.358;19.9171;2.597344;0;0;0;18.81956;-2.305253;(-0.2, 1.7, -0.3)
23;1.377;19.9408;2.583066;0;0;0;18.78773;-2.331325;(-0.2, 1.7, -0.3)
24;1.407;19.78824;2.609593;0;0;0;18.72198;-2.343752;(-0.2, 1.7, -0.3)
25;1.434;14.37027;3.481123;1;1;1;18.62946;-2.357126;(-0.2, 1.7, -0.3)SaccadeStart;
26;1.462;14.18368;3.253907;0;0;0;18.5513;-2.361493;(-0.2, 1.7, -0.3)
27;1.492;13.97769;2.609583;0;0;0;18.46062;-2.322963;(-0.2, 1.7, -0.3)
28;1.572;13.85152;2.351573;0;0;0;18.32283;-2.271951;(-0.2, 1.7, -0.3)
29;1.588;13.83313;2.382818;0;0;0;18.16901;-2.209307;(-0.2, 1.7, -0.3)
30;1.608;14.00704;2.409052;0;0;0;17.88646;-2.043926;(-0.2, 1.7, -0.3)
31;1.636;13.8256;2.347639;0;0;0;17.75386;-1.97267;(-0.2, 1.7, -0.3)
32;1.663;10.28498;4.004461;1;0;1;17.62209;-1.908456;(-0.2, 1.7, -0.3)SaccadeStart;
33;1.691;8.807562;6.630543;0;0;1;17.49588;-1.851724;(-0.2, 1.7, -0.3)
34;1.722;8.403959;7.182508;0;0;0;17.37786;-1.809047;(-0.2, 1.7, -0.3)
35;1.749;7.82181;7.339721;0;0;0;17.26443;-1.772876;(-0.2, 1.7, -0.3)
36;1.777;2.094317;8.25084;1;1;1;17.13923;-1.739262;(-0.2, 1.7, -0.3)SaccadeStart;
37;1.809;0.5044224;8.308055;0;0;0;17.00424;-1.697217;(-0.2, 1.7, -0.3)
38;1.836;0.09250704;8.322921;0;0;0;16.84848;-1.663341;(-0.2, 1.7, -0.3)
39;1.863;-3.022713;7.713184;1;1;1;16.64675;-1.642585;(-0.2, 1.7, -0.3)SaccadeStart;
40;1.892;-5.298034;7.228522;1;1;1;16.42712;-1.601437;(-0.2, 1.7, -0.3)
41;1.923;-5.641893;7.187265;0;0;0;16.20709;-1.553659;(-0.2, 1.7, -0.3)
42;1.950;-5.703478;7.131289;0;0;0;16.00594;-1.527002;(-0.2, 1.7, -0.3)
43;1.979;-5.732563;7.138168;0;0;0;15.8134;-1.518008;(-0.2, 1.7, -0.3)
44;2.007;-5.77293;7.143182;0;0;0;15.65864;-1.508638;(-0.2, 1.7, -0.3)
45;2.082;-5.817951;7.143405;0;0;0;15.53236;-1.509229;(-0.2, 1.7, -0.3)
46;2.126;-5.853678;7.159078;0;0;0;15.43425;-1.525702;(-0.2, 1.7, -0.3)
47;2.169;-5.84923;7.217037;0;0;0;15.27503;-1.658253;(-0.2, 1.7, -0.3)
48;2.185;-6.024781;7.12034;0;0;0;15.27171;-1.720028;(-0.2, 1.7, -0.3)
49;2.205;-6.073414;7.121122;0;0;0;15.28974;-1.766443;(-0.2, 1.7, -0.3)
50;2.235;-6.073408;7.080848;0;0;0;15.31993;-1.81164;(-0.2, 1.7, -0.3)
51;2.261;-6.089819;7.061688;0;0;0;15.34712;-1.851977;(-0.2, 1.7, -0.3)
52;2.278;-6.09695;7.040898;0;0;0;15.35985;-1.869509;(-0.2, 1.7, -0.3)
53;2.306;-6.110013;7.030945;0;0;0;15.37643;-1.892666;(-0.2, 1.7, -0.3)
54;2.335;-6.108515;6.987496;0;0;0;15.39829;-1.90752;(-0.2, 1.7, -0.3)
55;2.362;-6.107928;6.977337;0;0;0;15.43667;-1.913135;(-0.2, 1.7, -0.3)
56;2.392;4.212965;6.786297;1;1;1;15.48166;-1.913757;(-0.2, 1.7, -0.3)SaccadeStart;
57;2.419;15.37149;5.726366;1;1;1;15.5221;-1.921802;(-0.2, 1.7, -0.3)
58;2.449;18.50183;4.306967;1;0;1;15.55863;-1.934614;(-0.2, 1.7, -0.3)
59;2.476;18.77883;4.260857;0;0;0;15.57952;-1.94433;(-0.2, 1.7, -0.3)
60;2.491;18.71273;4.077715;0;0;0;15.57859;-1.952629;(-0.2, 1.7, -0.3)
61;2.521;18.69047;4.026206;0;0;0;15.56332;-1.976643;(-0.2, 1.7, -0.3)
62;2.592;18.70224;3.874965;0;0;0;15.55078;-1.992884;(-0.2, 1.7, -0.3)
63;2.608;18.61771;3.845959;0;0;0;15.5536;-2.000043;(-0.2, 1.7, -0.3)
64;2.636;18.65321;3.659114;0;0;0;15.64184;-2.022238;(-0.2, 1.7, -0.3)
65;2.662;19.49599;2.939713;0;0;0;15.71566;-2.029845;(-0.2, 1.7, -0.3)
66;2.693;27.63309;0.4294547;1;0;1;15.80543;-2.031272;(-0.2, 1.7, -0.3)SaccadeStart;
67;2.719;28.37636;0.007588141;0;0;0;15.90257;-2.03318;(-0.2, 1.7, -0.3)
68;2.752;28.50143;-0.06637763;0;0;0;15.98871;-2.026469;(-0.2, 1.7, -0.3)
69;2.779;28.59554;-0.08997506;0;0;0;16.04584;-2.013673;(-0.2, 1.7, -0.3)
70;2.807;28.66987;-0.1176134;0;0;0;16.07889;-2.014835;(-0.2, 1.7, -0.3)
71;2.837;28.85725;-0.10589;0;0;0;16.10361;-2.016028;(-0.2, 1.7, -0.3)
72;2.866;29.1546;-0.08859026;0;0;0;16.11406;-2.023722;(-0.2, 1.7, -0.3)
73;2.892;30.32534;-1.084688;1;0;1;16.13145;-2.036592;(-0.2, 1.7, -0.3)SaccadeStart;
74;2.936;33.40726;-4.069643;1;0;1;16.17051;-2.031504;(-0.2, 1.7, -0.3)
75;2.965;34.32415;-4.989186;0;0;0;16.18012;-2.011381;(-0.2, 1.7, -0.3)
76;2.991;34.47664;-5.052021;0;0;0;16.17991;-1.989825;(-0.2, 1.7, -0.3)
77;3.019;34.59245;-5.092213;0;0;0;16.16862;-1.9638;(-0.2, 1.7, -0.3)
78;3.109;34.71277;-5.126688;0;0;0;16.1567;-1.941011;(-0.2, 1.7, -0.3)
79;3.166;34.72956;-5.134712;0;0;0;16.17238;-1.914568;(-0.2, 1.7, -0.3)
80;3.191;31.14158;-4.812339;1;1;1;16.10129;-1.958863;(-0.2, 1.7, -0.3)SaccadeStart;
81;3.220;20.17597;-5.076328;1;1;1;16.04792;-1.99808;(-0.2, 1.7, -0.3)
82;3.270;12.97892;-4.43639;1;1;1;15.9937;-2.040471;(-0.2, 1.7, -0.3)
83;3.285;4.316345;-4.780645;1;1;1;15.95315;-2.079448;(-0.2, 1.7, -0.3)
84;3.307;-0.0184727;-5.293689;1;1;1;15.93356;-2.089949;(-0.2, 1.7, -0.3)
85;3.335;-0.05645294;-5.330582;0;0;0;15.91304;-2.089546;(-0.2, 1.7, -0.3)
86;3.364;-0.1523315;-5.519193;0;0;0;15.88346;-2.101475;(-0.2, 1.7, -0.3)
87;3.391;-0.7767923;-5.793123;0;0;0;15.83387;-2.108958;(-0.2, 1.7, -0.3)
88;3.421;-6.82058;-6.763802;1;1;1;15.77595;-2.111159;(-0.2, 1.7, -0.3)SaccadeStart;
89;3.449;-8.186559;-6.950447;0;0;0;15.72459;-2.114038;(-0.2, 1.7, -0.3)
90;3.477;-8.377536;-6.985436;0;0;0;15.68018;-2.119802;(-0.2, 1.7, -0.3)
91;3.507;-8.483096;-7.005362;0;0;0;15.64273;-2.124755;(-0.2, 1.7, -0.3)
92;3.533;-8.504732;-7.013426;0;0;0;15.60791;-2.127689;(-0.2, 1.7, -0.3)
93;3.565;-8.533726;-7.008204;0;0;0;15.56241;-2.13851;(-0.2, 1.7, -0.3)
94;3.632;-8.550532;-7.015627;0;0;0;15.48323;-2.165851;(-0.2, 1.7, -0.3)
95;3.648;-8.58135;-7.032344;0;0;0;15.38534;-2.1893;(-0.2, 1.7, -0.3)
96;3.676;-11.31699;-7.405325;1;1;1;15.22287;-2.239599;(-0.2, 1.7, -0.3)SaccadeStart;
97;3.705;-12.42708;-6.832127;0;0;0;15.16954;-2.262298;(-0.2, 1.7, -0.3)
98;3.733;-12.48448;-6.703798;0;0;0;15.12665;-2.27093;(-0.2, 1.7, -0.3)
99;3.763;-12.49138;-6.668822;0;0;0;15.11655;-2.28039;(-0.2, 1.7, -0.3)
100;3.791;-12.50828;-6.629018;0;0;0;15.1458;-2.286926;(-0.2, 1.7, -0.3)
101;3.820;-12.531;-6.544538;0;0;0;15.18476;-2.277059;(-0.2, 1.7, -0.3)
102;3.849;-12.53682;-6.511659;0;0;0;15.21484;-2.269841;(-0.2, 1.7, -0.3)
103;3.876;-12.53928;-6.459833;0;0;0;15.22639;-2.281873;(-0.2, 1.7, -0.3)
104;3.905;-12.52952;-6.43969;0;0;0;15.2279;-2.300324;(-0.2, 1.7, -0.3)
105;3.933;-12.52769;-6.410502;0;0;0;15.243;-2.323447;(-0.2, 1.7, -0.3)
106;3.963;-12.53275;-6.377471;0;0;0;15.28861;-2.357707;(-0.2, 1.7, -0.3)
107;3.990;-12.53078;-6.345428;0;0;0;15.36623;-2.392709;(-0.2, 1.7, -0.3)
108;4.019;-10.29243;-5.987261;1;1;1;15.45485;-2.407733;(-0.2, 1.7, -0.3)SaccadeStart;
109;4.060;2.525343;-2.180121;1;1;1;15.54003;-2.400836;(-0.2, 1.7, -0.3)
110;4.082;11.79087;-0.07136139;1;1;1;15.60388;-2.389009;(-0.2, 1.7, -0.3)
111;4.152;12.04293;0.07677218;0;0;0;15.63567;-2.372801;(-0.2, 1.7, -0.3)
112;4.199;12.05484;0.06611937;0;0;0;15.62567;-2.365366;(-0.2, 1.7, -0.3)
113;4.219;18.87196;-0.7597992;1;1;1;15.60852;-2.349283;(-0.2, 1.7, -0.3)SaccadeStart;
114;4.250;18.89192;-0.8072336;0;0;0;15.63871;-2.32675;(-0.2, 1.7, -0.3)
115;4.277;19.15412;-1.216007;0;0;0;15.66222;-2.304364;(-0.2, 1.7, -0.3)
116;4.326;19.60303;-1.280434;0;0;0;15.66883;-2.273042;(-0.2, 1.7, -0.3)
117;4.341;19.68801;-1.280026;0;0;0;15.65901;-2.23892;(-0.2, 1.7, -0.3)
118;4.365;20.00321;-1.424011;0;0;0;15.64664;-2.205658;(-0.2, 1.7, -0.3)
119;4.393;20.02369;-1.422348;0;0;0;15.63974;-2.16655;(-0.2, 1.7, -0.3)
120;4.421;20.09464;-1.482201;0;0;0;15.63869;-2.130983;(-0.2, 1.7, -0.3)
121;4.449;20.16677;-1.675468;0;0;0;15.63551;-2.106968;(-0.2, 1.7, -0.3)
122;4.478;20.164;-1.682539;0;0;0;15.62285;-2.087156;(-0.2, 1.7, -0.3)
123;4.505;20.13425;-1.691505;0;0;0;15.60752;-2.071497;(-0.2, 1.7, -0.3)
124;4.536;20.14025;-1.697452;0;0;0;15.6095;-2.04952;(-0.2, 1.7, -0.3)
125;4.565;20.07043;-1.686194;0;0;0;15.62583;-2.030482;(-0.2, 1.7, -0.3)
126;4.591;20.07644;-1.704582;0;0;0;15.63682;-2.026534;(-0.2, 1.7, -0.3)
127;4.668;19.93719;-1.718792;0;0;0;15.65026;-2.025928;(-0.2, 1.7, -0.3)
128;4.686;25.6072;-2.932732;1;1;1;15.68356;-2.032183;(-0.2, 1.7, -0.3)SaccadeStart;
129;4.707;25.96422;-3.34238;0;0;0;15.82523;-2.069596;(-0.2, 1.7, -0.3)
130;4.737;26.06875;-3.373994;0;0;0;15.93684;-2.083401;(-0.2, 1.7, -0.3)
131;4.774;26.10166;-3.385586;0;0;0;16.0798;-2.077286;(-0.2, 1.7, -0.3)
132;4.790;26.07712;-3.397862;0;0;0;16.2358;-2.059875;(-0.2, 1.7, -0.3)
133;4.805;26.0929;-3.397438;0;0;0;16.31506;-2.04724;(-0.2, 1.7, -0.3)
134;4.838;26.10848;-3.409813;0;0;0;16.46077;-2.013303;(-0.2, 1.7, -0.3)
135;4.867;26.14684;-3.406031;0;0;0;16.57393;-1.982864;(-0.2, 1.7, -0.3)
136;4.892;26.15256;-3.383424;0;0;0;16.65984;-1.953738;(-0.2, 1.7, -0.3)
137;4.923;26.15872;-3.392365;0;0;0;16.71384;-1.935179;(-0.2, 1.7, -0.3)
138;4.949;26.17598;-3.380082;0;0;0;16.7402;-1.912105;(-0.2, 1.7, -0.3)
139;4.978;26.19213;-3.364527;0;0;0;16.72143;-1.89175;(-0.2, 1.7, -0.3)
140;5.007;26.19334;-3.364461;0;0;0;16.6617;-1.879789;(-0.2, 1.7, -0.3)
141;5.046;26.19868;-3.364428;0;0;0;16.61301;-1.884323;(-0.2, 1.7, -0.3)
142;5.064;26.19895;-3.344867;0;0;0;16.61554;-1.901215;(-0.2, 1.7, -0.3)
143;5.092;24.57844;-3.006616;1;1;1;16.64194;-1.933075;(-0.2, 1.7, -0.3)SaccadeStart;
144;5.121;20.86155;-0.2927257;1;0;1;16.66414;-1.944681;(-0.2, 1.7, -0.3)
145;5.193;20.84769;-0.2896243;0;0;0;16.67461;-1.927971;(-0.2, 1.7, -0.3)
146;5.242;20.83569;-0.3413031;0;0;0;16.67689;-1.894567;(-0.2, 1.7, -0.3)
147;5.265;20.79769;-0.459729;0;0;0;16.56721;-1.78414;(-0.2, 1.7, -0.3)
148;5.292;20.30439;-0.09439865;0;0;0;16.51854;-1.745159;(-0.2, 1.7, -0.3)
149;5.321;19.40927;1.059305;0;0;0;16.50965;-1.725903;(-0.2, 1.7, -0.3)
150;5.350;19.38885;1.183835;0;0;0;16.53056;-1.748539;(-0.2, 1.7, -0.3)
151;5.379;19.38218;1.199334;0;0;0;16.55207;-1.804507;(-0.2, 1.7, -0.3)
152;5.407;19.39083;1.197759;0;0;0;16.56668;-1.864802;(-0.2, 1.7, -0.3)
153;5.454;19.41807;1.190799;0;0;0;16.58664;-1.942253;(-0.2, 1.7, -0.3)
154;5.472;19.449;1.197842;0;0;0;16.63151;-2.027689;(-0.2, 1.7, -0.3)
155;5.492;19.44508;1.266271;0;0;0;16.69229;-2.097318;(-0.2, 1.7, -0.3)
156;5.520;19.45025;1.424486;0;0;0;16.75354;-2.146816;(-0.2, 1.7, -0.3)
157;5.551;19.41343;1.433377;0;0;0;16.8111;-2.187757;(-0.2, 1.7, -0.3)
158;5.579;19.44351;1.501222;0;0;0;16.84992;-2.226657;(-0.2, 1.7, -0.3)
159;5.605;19.55429;1.844159;0;0;0;16.86531;-2.272164;(-0.2, 1.7, -0.3)
160;5.622;19.5081;1.879105;0;0;0;16.87191;-2.298767;(-0.2, 1.7, -0.3)
161;5.649;19.49957;1.882607;0;0;0;16.90314;-2.360371;(-0.2, 1.7, -0.3)
162;5.723;19.24225;1.95081;0;0;0;16.97213;-2.436139;(-0.2, 1.7, -0.3)
163;5.739;19.0102;1.962278;0;0;0;17.07372;-2.524027;(-0.2, 1.7, -0.3)
164;5.761;28.6314;-0.6220244;1;1;1;17.40411;-2.653065;(-0.2, 1.7, -0.3)SaccadeStart;
165;5.779;32.38997;-3.053972;1;0;1;17.4925;-2.672348;(-0.2, 1.7, -0.3)
166;5.806;32.62159;-3.136286;0;0;0;17.64085;-2.697132;(-0.2, 1.7, -0.3)
167;5.836;32.71362;-3.150366;0;0;0;17.76107;-2.720861;(-0.2, 1.7, -0.3)
168;5.868;33.30025;-3.384498;0;0;0;17.8458;-2.742557;(-0.2, 1.7, -0.3)
169;5.891;33.5118;-3.512403;0;0;0;17.93398;-2.769566;(-0.2, 1.7, -0.3)
170;5.907;33.61423;-3.529502;0;0;0;17.99283;-2.782451;(-0.2, 1.7, -0.3)
171;5.935;33.62572;-3.536586;0;0;0;18.16306;-2.795445;(-0.2, 1.7, -0.3)
172;5.961;33.70204;-3.5811;0;0;0;18.37457;-2.80046;(-0.2, 1.7, -0.3)
173;5.977;34.86095;-4.009644;1;0;1;18.49852;-2.80582;(-0.2, 1.7, -0.3)SaccadeStart;
174;6.006;37.1088;-5.100104;1;0;1;18.80115;-2.82166;(-0.2, 1.7, -0.3)
175;6.051;37.78365;-5.475637;0;0;0;19.14648;-2.837504;(-0.2, 1.7, -0.3)
176;6.078;38.01626;-5.637477;0;0;0;19.67786;-2.848475;(-0.2, 1.7, -0.3)
177;6.107;38.86925;-5.277812;0;0;0;20.00656;-2.855011;(-0.2, 1.7, -0.3)
178;6.134;39.03972;-5.531002;0;0;0;20.31664;-2.888032;(-0.2, 1.7, -0.3)
179;6.162;39.14331;-5.552435;0;0;0;20.60885;-2.937978;(-0.2, 1.7, -0.3)
180;6.227;39.5468;-5.648346;0;0;0;20.75375;-2.962799;(-0.2, 1.7, -0.3)
181;6.273;39.59291;-5.658001;0;0;0;21.04454;-3.015332;(-0.2, 1.7, -0.3)
182;6.312;38.93675;-5.615422;0;0;0;22.12726;-3.096674;(-0.2, 1.7, -0.3)
183;6.328;39.47201;-5.752903;0;0;0;22.62168;-3.081081;(-0.2, 1.7, -0.3)
184;6.347;39.29535;-5.721845;0;0;0;23.1895;-3.056468;(-0.2, 1.7, -0.3)
185;6.376;39.78086;-5.90551;0;0;0;23.79619;-3.039884;(-0.2, 1.7, -0.3)
186;6.394;40.57016;-6.180843;0;0;0;24.15687;-3.020365;(-0.2, 1.7, -0.3)
187;6.420;40.64661;-6.270948;0;0;0;24.8791;-2.948508;(-0.2, 1.7, -0.3)
188;6.448;40.82041;-6.330474;0;0;0;25.66918;-2.820613;(-0.2, 1.7, -0.3)
189;6.464;40.86015;-6.337627;0;0;0;26.05824;-2.750329;(-0.2, 1.7, -0.3)
190;6.491;40.98864;-6.282734;0;0;0;26.90471;-2.593647;(-0.2, 1.7, -0.3)
191;6.507;40.99627;-6.361693;0;0;0;27.33594;-2.5028;(-0.2, 1.7, -0.3)
192;6.535;41.10347;-6.354795;0;0;0;28.26674;-2.29589;(-0.2, 1.7, -0.3)
193;6.569;41.2813;-6.183244;0;0;0;29.21041;-2.159819;(-0.2, 1.7, -0.3)
194;6.593;41.14126;-6.17376;0;0;0;30.31842;-2.139565;(-0.2, 1.7, -0.3)
195;6.623;42.31419;-5.878319;0;0;0;31.50418;-2.212997;(-0.1, 1.7, -0.3)
196;6.649;50.41574;-3.839688;1;0;1;32.80404;-2.382697;(-0.1, 1.7, -0.3)SaccadeStart;
197;6.672;52.21643;-3.648467;1;1;1;33.43874;-2.493642;(-0.1, 1.7, -0.3)
198;6.748;52.02443;-3.445647;0;0;0;34.72063;-2.753749;(-0.1, 1.7, -0.3)
199;6.763;52.56179;-3.506266;0;0;0;35.92844;-2.979553;(-0.1, 1.7, -0.3)
200;6.791;50.69658;-3.635403;1;1;1;38.41084;-3.204615;(-0.1, 1.7, -0.3)SaccadeStart;
201;6.821;52.21135;-3.971779;0;0;1;39.18705;-3.211726;(-0.1, 1.7, -0.3)
202;6.850;52.43382;-3.85662;0;0;0;39.91782;-3.181382;(-0.1, 1.7, -0.3)
203;6.879;52.69026;-3.841033;0;0;0;40.61692;-3.113195;(-0.1, 1.7, -0.3)
204;6.908;53.20131;-4.154869;0;0;0;41.25159;-3.017906;(-0.1, 1.7, -0.3)
205;6.935;53.09199;-4.148538;0;0;0;41.83782;-2.900993;(-0.1, 1.7, -0.3)
206;6.962;53.27684;-4.013326;0;0;0;42.37841;-2.780596;(-0.1, 1.7, -0.3)
207;6.990;53.37033;-3.346957;0;0;0;42.95429;-2.658849;(-0.1, 1.7, -0.3)
208;7.005;53.46656;-3.434773;0;0;0;43.24393;-2.607805;(-0.1, 1.7, -0.3)
209;7.048;53.47259;-3.432502;0;0;0;43.89123;-2.505312;(-0.1, 1.7, -0.3)
210;7.065;58.94059;-1.438585;1;0;1;44.59193;-2.412379;(-0.1, 1.7, -0.3)SaccadeStart;
211;7.090;58.89013;-1.853496;0;0;0;45.35463;-2.366954;(-0.1, 1.7, -0.3)
212;7.121;58.53738;-3.045609;0;0;0;46.09922;-2.415154;(-0.1, 1.7, -0.3)
213;7.150;59.13234;-2.061043;0;0;0;46.76502;-2.592657;(-0.1, 1.7, -0.3)
214;7.177;58.84669;-2.377017;0;0;0;47.37595;-2.888258;(-0.1, 1.7, -0.3)
215;7.255;59.28567;-2.183594;0;0;0;48.006;-3.231586;(-0.1, 1.7, -0.3)
216;7.299;59.44226;-1.862126;0;0;0;48.65605;-3.457745;(-0.1, 1.7, -0.3)
217;7.320;59.72186;-4.261077;1;0;1;50.30557;-3.160165;(-0.1, 1.7, -0.3)SaccadeStart;
218;7.348;63.5708;-4.437921;0;1;1;50.69562;-2.963753;(-0.1, 1.7, -0.3)
219;7.378;63.47974;-4.533153;0;0;0;51.00125;-2.803499;(-0.1, 1.7, -0.3)
220;7.427;63.58377;-4.45643;0;0;0;51.25444;-2.677302;(-0.1, 1.7, -0.3)
221;7.442;63.74873;-4.352132;0;0;0;51.50405;-2.616961;(-0.1, 1.7, -0.3)
222;7.461;63.72871;-4.321317;0;0;0;51.77947;-2.662742;(-0.1, 1.7, -0.3)
223;7.476;63.88374;-4.324116;0;0;0;51.95971;-2.722986;(-0.1, 1.7, -0.3)
224;7.505;63.80776;-4.243915;0;0;0;52.3639;-2.873325;(-0.1, 1.7, -0.3)
225;7.533;63.73095;-4.139084;0;0;0;52.86736;-3.03955;(-0.1, 1.7, -0.3)
226;7.549;63.75212;-4.02669;0;0;0;53.12844;-3.114297;(-0.1, 1.7, -0.3)
227;7.578;63.81884;-4.040015;0;0;0;53.67022;-3.240682;(-0.1, 1.7, -0.3)
228;7.606;66.74336;-3.835496;1;1;1;54.23834;-3.331724;(-0.1, 1.7, -0.3)SaccadeStart;
229;7.633;67.94288;-5.597342;0;1;1;54.80341;-3.384518;(-0.1, 1.7, -0.3)
230;7.649;67.85593;-5.683727;0;0;0;55.07927;-3.40698;(-0.1, 1.7, -0.3)
231;7.678;67.89967;-5.685486;0;0;0;55.6513;-3.464313;(-0.1, 1.7, -0.3)
232;7.752;67.63502;-5.785912;0;0;0;56.2728;-3.544327;(-0.1, 1.7, -0.3)
233;7.771;67.01059;-5.604389;0;0;0;56.91566;-3.620245;(-0.1, 1.7, -0.3)
234;7.793;66.93819;-4.351283;1;1;1;58.239;-3.734379;(-0.1, 1.7, -0.3)SaccadeStart;
235;7.820;67.76121;-4.584292;0;0;0;59.04074;-3.783942;(-0.1, 1.7, -0.3)
236;7.848;67.27428;-4.290067;0;0;0;60.02145;-3.813032;(-0.1, 1.7, -0.3)
237;7.879;67.30659;-4.253705;0;0;0;61.07306;-3.806234;(-0.1, 1.7, -0.3)
238;7.909;66.9247;-4.225105;0;0;0;62.04824;-3.833769;(-0.1, 1.7, -0.3)
239;7.933;67.59809;-4.252993;0;0;0;62.96148;-3.890038;(-0.1, 1.7, -0.3)
240;7.964;71.85596;-4.659297;1;1;1;63.71505;-3.981384;(-0.1, 1.7, -0.3)SaccadeStart;
241;7.992;72.02964;-4.593342;0;0;0;64.34019;-4.114437;(-0.1, 1.7, -0.3)
242;8.020;72.38251;-4.430102;0;0;0;64.80342;-4.283569;(-0.1, 1.7, -0.3)
243;8.064;72.54961;-4.360344;0;0;0;65.21522;-4.474893;(-0.1, 1.7, -0.3)
244;8.092;72.35323;-4.198053;0;0;0;65.87745;-4.716164;(-0.1, 1.7, -0.3)
245;8.120;72.57549;-4.287418;0;0;0;66.3721;-4.819332;(-0.1, 1.7, -0.3)
246;8.148;72.62562;-4.30315;0;0;0;66.86782;-4.87804;(-0.1, 1.7, -0.3)
247;8.176;72.78003;-4.327139;0;0;0;67.35757;-4.930219;(-0.1, 1.7, -0.3)
248;8.192;73.58038;-4.516085;1;0;1;67.61205;-4.962579;(-0.1, 1.7, -0.3)SaccadeStart;
249;8.271;73.73917;-4.536538;0;0;0;68.06189;-5.010489;(-0.1, 1.7, -0.3)
250;8.314;73.75392;-4.558573;0;0;0;68.45988;-5.008592;(-0.1, 1.7, -0.3)
251;8.335;73.37133;-5.362415;0;0;0;69.00694;-4.871447;(-0.2, 1.7, -0.3)
252;8.362;74.13055;-5.151865;0;0;0;69.10146;-4.85927;(-0.2, 1.7, -0.3)
253;8.391;74.03925;-5.324343;0;0;0;69.20174;-4.895866;(-0.2, 1.7, -0.3)
254;8.421;74.04395;-5.31244;0;0;0;69.31142;-4.974925;(-0.2, 1.7, -0.3)
255;8.448;74.01765;-5.263123;0;0;0;69.39117;-5.092363;(-0.2, 1.7, -0.3)
256;8.462;74.14372;-5.354985;0;0;0;69.40087;-5.141235;(-0.2, 1.7, -0.3)
257;8.491;74.16091;-5.357914;0;0;0;69.372;-5.193717;(-0.2, 1.7, -0.3)
258;8.526;74.47776;-5.03127;0;0;0;69.34177;-5.209894;(-0.2, 1.7, -0.3)
259;8.543;74.48299;-5.025454;0;0;0;69.33556;-5.216699;(-0.2, 1.7, -0.3)
260;8.566;69.34866;-4.668983;1;1;1;69.33157;-5.219014;(-0.2, 1.7, -0.3)SaccadeStart;
261;8.592;67.81057;-4.750671;1;1;1;69.32896;-5.197598;(-0.2, 1.7, -0.3)
262;8.621;67.67458;-4.805734;0;0;0;69.32518;-5.162764;(-0.2, 1.7, -0.3)
263;8.650;67.66008;-4.820233;0;0;0;69.30917;-5.144734;(-0.2, 1.7, -0.3)
264;8.678;67.53327;-4.870483;0;0;0;69.23677;-5.142488;(-0.2, 1.7, -0.3)
265;8.708;67.58743;-4.87599;0;0;0;69.09705;-5.124783;(-0.2, 1.7, -0.3)
266;8.783;67.40332;-4.874258;0;0;0;68.93847;-5.100719;(-0.2, 1.7, -0.3)
267;8.800;67.00832;-5.210813;0;0;0;68.80994;-5.099937;(-0.2, 1.7, -0.3)
268;8.820;67.05502;-5.292611;0;0;0;68.65163;-5.083754;(-0.2, 1.7, -0.3)
269;8.850;66.91801;-5.342774;0;0;0;68.67228;-5.069994;(-0.2, 1.7, -0.3)
270;8.879;66.87464;-5.369129;0;0;0;68.75858;-5.107575;(-0.2, 1.7, -0.3)
271;8.906;66.84288;-5.374973;0;0;0;68.85616;-5.170243;(-0.2, 1.7, -0.3)
272;8.937;66.8563;-5.392202;0;0;0;68.96397;-5.236773;(-0.2, 1.7, -0.3)
273;8.964;66.76788;-5.414796;0;0;0;69.09535;-5.345636;(-0.2, 1.7, -0.3)
274;8.993;66.68565;-5.407716;0;0;0;69.2518;-5.501663;(-0.2, 1.7, -0.3)
275;9.022;66.69429;-5.448552;0;0;0;69.41608;-5.625712;(-0.2, 1.7, -0.3)
276;9.055;66.45374;-5.52058;0;0;0;69.61082;-5.694341;(-0.2, 1.7, -0.3)
277;9.078;66.04488;-5.945795;0;0;0;69.81331;-5.701662;(-0.2, 1.7, -0.3)
278;9.109;66.0217;-6.028562;0;0;0;70.026;-5.672625;(-0.2, 1.7, -0.3)
279;9.135;66.05578;-6.096849;0;0;0;70.22699;-5.620795;(-0.2, 1.7, -0.3)
280;9.162;66.14416;-6.337549;0;0;0;70.38887;-5.548083;(-0.2, 1.7, -0.3)
281;9.191;66.17318;-6.327222;0;0;0;70.51227;-5.463907;(-0.2, 1.7, -0.3)
282;9.221;66.45206;-6.478142;0;0;0;70.60606;-5.373945;(-0.2, 1.7, -0.3)
283;9.298;66.53282;-6.627203;0;0;0;70.67519;-5.277824;(-0.2, 1.7, -0.3)
284;9.346;76.04492;-5.952591;1;1;1;70.71146;-5.190822;(-0.2, 1.7, -0.3)SaccadeStart;
285;9.364;78.71186;-4.834019;1;1;1;70.80529;-5.207047;(-0.2, 1.7, -0.3)
286;9.411;79.00701;-4.427927;0;0;0;70.89087;-5.20682;(-0.2, 1.7, -0.3)
287;9.427;78.85763;-5.478926;1;1;1;71.00725;-5.108362;(-0.2, 1.7, -0.3)SaccadeStart;
288;9.451;78.80187;-5.553821;0;0;0;71.16066;-4.952396;(-0.2, 1.7, -0.3)
289;9.465;78.76292;-5.756241;0;0;0;71.24052;-4.866307;(-0.2, 1.7, -0.3)
290;9.491;78.78149;-5.745066;0;0;0;71.40944;-4.679932;(-0.2, 1.7, -0.3)
291;9.519;78.7976;-5.826357;0;0;0;71.58788;-4.511561;(-0.2, 1.7, -0.3)
292;9.534;78.76057;-5.976554;0;0;0;71.69429;-4.432806;(-0.2, 1.7, -0.3)
293;9.562;78.727;-6.05815;0;0;0;71.92249;-4.329654;(-0.2, 1.7, -0.3)
294;9.590;78.78748;-6.029093;0;0;0;72.17999;-4.303414;(-0.2, 1.7, -0.3)
295;9.622;78.78986;-6.058205;0;0;0;72.37628;-4.370741;(-0.2, 1.7, -0.3)
296;9.649;78.85928;-6.043494;0;0;0;72.52821;-4.487704;(-0.2, 1.7, -0.3)
297;9.677;78.90241;-6.026004;0;0;0;72.70078;-4.606663;(-0.2, 1.7, -0.3)
298;9.706;78.84686;-6.020378;0;0;0;72.96785;-4.713155;(-0.2, 1.7, -0.3)
299;9.733;78.80482;-6.04649;0;0;0;73.32946;-4.794756;(-0.2, 1.7, -0.3)
300;9.809;78.7347;-6.019013;0;0;0;73.80802;-4.86268;(-0.2, 1.7, -0.3)
301;9.826;78.4528;-6.042933;0;0;0;74.38354;-4.930043;(-0.2, 1.7, -0.3)
302;9.848;77.26496;-6.09304;1;1;1;75.63485;-5.108832;(-0.1, 1.7, -0.3)SaccadeStart;
303;9.879;77.74336;-6.239683;0;0;0;76.20021;-5.218925;(-0.1, 1.7, -0.3)
304;9.907;77.43786;-6.509368;0;0;0;76.69157;-5.323485;(-0.1, 1.7, -0.3)
305;9.935;77.47067;-6.611519;0;0;0;77.10324;-5.42638;(-0.1, 1.7, -0.3)
306;9.951;79.21484;-7.139363;1;1;1;77.32291;-5.485569;(-0.1, 1.7, -0.3)SaccadeStart;
307;9.978;82.45545;-7.19081;1;1;1;77.64228;-5.556659;(-0.1, 1.7, -0.3)
308;10.006;81.34465;-8.538508;0;1;1;78.02381;-5.600823;(-0.1, 1.7, -0.3)
309;10.051;81.28118;-8.569282;0;0;0;78.41593;-5.616259;(-0.2, 1.7, -0.3)
310;10.077;81.1646;-8.699023;0;0;0;79.01991;-5.613806;(-0.2, 1.7, -0.3)
311;10.107;81.01997;-8.779615;0;0;0;79.49242;-5.563377;(-0.2, 1.7, -0.3)
312;10.137;81.01749;-8.767991;0;0;0;79.99529;-5.484112;(-0.2, 1.7, -0.3)
313;10.162;81.02303;-8.745627;0;0;0;80.49564;-5.407196;(-0.2, 1.7, -0.3)
314;10.191;81.02375;-8.743444;0;0;0;81.02578;-5.348217;(-0.2, 1.7, -0.3)
315;10.220;81.05649;-8.731782;0;0;0;81.53009;-5.357399;(-0.2, 1.7, -0.3)
316;10.249;81.06657;-8.71679;0;0;0;82.09667;-5.425573;(-0.2, 1.7, -0.3)
317;10.303;81.12186;-8.657514;0;0;0;82.71175;-5.439531;(-0.2, 1.7, -0.3)
318;10.345;81.25428;-8.50911;0;0;0;83.01421;-5.407401;(-0.2, 1.7, -0.3)
319;10.362;81.27173;-8.639525;0;0;0;84.25063;-5.085417;(-0.2, 1.7, -0.3)
320;10.393;81.24918;-8.382195;0;0;0;84.57215;-4.916712;(-0.2, 1.7, -0.3)
321;10.421;81.24065;-8.301388;0;0;0;84.79449;-4.777446;(-0.2, 1.7, -0.3)
322;10.449;81.25945;-8.26177;0;0;0;84.94296;-4.670117;(-0.2, 1.7, -0.3)
323;10.477;81.15666;-8.306749;0;0;0;84.98238;-4.628768;(-0.2, 1.7, -0.3)
324;10.506;81.14441;-8.282512;0;0;0;84.89317;-4.673218;(-0.2, 1.7, -0.3)
325;10.558;81.36588;-8.097545;0;0;0;84.65241;-4.781216;(-0.2, 1.7, -0.3)
326;10.574;82.66126;-7.323821;1;1;1;84.2951;-4.891428;(-0.2, 1.7, -0.3)SaccadeStart;
327;10.591;79.39635;-5.93998;0;1;1;83.87164;-4.95132;(-0.2, 1.7, -0.3)
328;10.621;79.22368;-5.92575;0;0;0;83.44035;-4.927813;(-0.2, 1.7, -0.3)
329;10.653;78.94061;-6.245158;0;0;0;82.9631;-4.853781;(-0.2, 1.7, -0.3)
330;10.677;78.82839;-6.379557;0;0;0;82.48811;-4.763638;(-0.2, 1.7, -0.3)
331;10.708;78.8325;-6.366966;0;0;0;81.94914;-4.717129;(-0.2, 1.7, -0.3)
332;10.734;71.93776;-6.435238;1;1;1;81.33798;-4.729627;(-0.2, 1.7, -0.3)SaccadeStart;
333;10.763;72.05627;-6.219881;0;0;0;80.73428;-4.764339;(-0.2, 1.7, -0.3)
334;10.840;71.96752;-6.258415;0;0;0;80.08643;-4.825428;(-0.2, 1.7, -0.3)
335;10.858;72.06976;-6.315389;0;0;0;79.38438;-4.866112;(-0.2, 1.7, -0.3)
336;10.880;71.73724;-7.178365;0;0;0;77.83132;-4.875236;(-0.2, 1.7, -0.3)
337;10.909;65.92863;-7.41754;1;1;1;76.96595;-4.854933;(-0.2, 1.7, -0.3)SaccadeStart;
338;10.936;65.36443;-7.38794;0;0;0;76.22855;-4.815148;(-0.2, 1.7, -0.3)
339;10.964;64.79465;-7.55214;0;0;0;75.598;-4.819528;(-0.2, 1.7, -0.3)
340;10.992;64.42033;-7.58407;0;0;0;75.06648;-4.861968;(-0.2, 1.7, -0.3)
341;11.020;64.45261;-7.576211;0;0;0;74.63995;-4.892071;(-0.2, 1.7, -0.3)
342;11.064;64.48214;-7.4719;0;0;0;74.29076;-4.917109;(-0.2, 1.7, -0.3)
343;11.092;64.60052;-7.506117;0;0;0;73.85355;-4.91773;(-0.2, 1.7, -0.3)
344;11.120;64.27943;-7.905128;0;0;0;73.59072;-4.852355;(-0.2, 1.7, -0.3)
345;11.150;62.21085;-7.709644;1;1;1;73.35361;-4.770229;(-0.2, 1.7, -0.3)SaccadeStart;
346;11.176;60.65164;-6.6143;1;0;1;73.1683;-4.676509;(-0.2, 1.7, -0.3)
347;11.205;60.61198;-6.37428;0;0;0;73.02525;-4.550441;(-0.2, 1.7, -0.3)
348;11.236;60.60198;-6.40038;0;0;0;72.94681;-4.428076;(-0.2, 1.7, -0.3)
349;11.265;60.56014;-6.468874;0;0;0;72.91008;-4.332253;(-0.2, 1.7, -0.3)
350;11.291;60.55692;-6.482924;0;0;0;72.88258;-4.254553;(-0.2, 1.7, -0.3)
351;11.365;60.50672;-6.487902;0;0;0;72.86289;-4.212615;(-0.2, 1.7, -0.3)
352;11.413;65.24551;1.019969;1;1;1;72.84671;-4.199218;(-0.2, 1.7, -0.3)SaccadeStart;
353;11.435;64.90397;2.972527;0;0;1;72.76382;-4.282071;(-0.2, 1.7, -0.3)
354;11.451;64.83947;2.873505;0;0;0;72.74704;-4.293869;(-0.2, 1.7, -0.3)
355;11.475;64.84167;2.882852;0;0;0;72.71638;-4.313584;(-0.2, 1.7, -0.3)
356;11.492;64.84174;2.87801;0;0;0;72.69918;-4.315271;(-0.2, 1.7, -0.3)
357;11.523;64.84545;2.880554;0;0;0;72.66936;-4.288184;(-0.2, 1.7, -0.3)
358;11.548;64.85774;2.877382;0;0;0;72.63324;-4.239611;(-0.2, 1.7, -0.3)
359;11.565;64.84236;2.886748;0;0;0;72.6111;-4.221501;(-0.2, 1.7, -0.3)
360;11.611;64.87902;2.885025;0;0;0;72.5518;-4.193619;(-0.2, 1.7, -0.3)
361;11.626;64.8594;2.888881;0;0;0;72.48679;-4.174305;(-0.2, 1.7, -0.3)
362;11.648;65.41768;4.420353;1;1;1;72.42733;-4.162589;(-0.2, 1.7, -0.3)SaccadeStart;
363;11.679;65.82845;5.249131;0;0;0;72.39018;-4.162957;(-0.2, 1.7, -0.3)
364;11.706;65.89588;5.4779;0;0;0;72.37837;-4.163147;(-0.2, 1.7, -0.3)
365;11.733;65.91518;5.564934;0;0;0;72.3846;-4.154576;(-0.2, 1.7, -0.3)
366;11.762;65.93335;5.623276;0;0;0;72.40696;-4.164182;(-0.2, 1.7, -0.3)
367;11.791;65.95168;5.637946;0;0;0;72.43447;-4.200168;(-0.2, 1.7, -0.3)
368;11.806;65.96056;5.639387;0;0;0;72.4495;-4.215461;(-0.2, 1.7, -0.3)
369;11.860;65.96341;5.652406;0;0;0;72.49094;-4.235679;(-0.2, 1.7, -0.3)
370;11.880;66.07194;5.637735;0;0;0;72.51995;-4.240729;(-0.2, 1.7, -0.3)
371;11.907;75.30789;1.136679;1;1;1;72.71622;-4.212117;(-0.2, 1.7, -0.3)SaccadeStart;
372;11.935;75.15034;0.3316686;0;0;0;72.83828;-4.159909;(-0.2, 1.7, -0.3)
373;11.963;75.0769;0.1374293;0;0;0;72.95672;-4.114473;(-0.2, 1.7, -0.3)
374;11.991;75.08753;0.1224547;0;0;0;73.08999;-4.107682;(-0.2, 1.7, -0.3)
375;12.020;75.09884;0.01241623;0;0;0;73.24126;-4.139859;(-0.2, 1.7, -0.3)
376;12.063;75.20246;-0.08234692;0;0;0;73.32572;-4.152641;(-0.2, 1.7, -0.3)
377;12.090;75.09141;-0.08358654;0;0;0;73.59457;-4.191276;(-0.2, 1.7, -0.3)
378;12.105;75.23611;-0.3188031;0;0;0;73.64208;-4.199533;(-0.2, 1.7, -0.3)
379;12.132;75.22803;-0.3439491;0;0;0;73.7048;-4.236439;(-0.2, 1.7, -0.3)
380;12.148;79.79805;-2.514513;1;1;1;73.72877;-4.270612;(-0.2, 1.7, -0.3)SaccadeStart;
381;12.177;79.8252;-2.560297;0;0;0;73.75636;-4.318398;(-0.2, 1.7, -0.3)
382;12.208;78.77805;-3.667561;0;0;0;73.78826;-4.36584;(-0.2, 1.7, -0.3)
383;12.233;78.8158;-3.626568;0;0;0;73.84145;-4.40127;(-0.2, 1.7, -0.3)
384;12.261;78.68423;-3.644232;0;0;0;73.93276;-4.402637;(-0.2, 1.7, -0.3)
385;12.278;78.57755;-3.712851;0;0;0;73.98458;-4.391312;(-0.2, 1.7, -0.3)
386;12.307;78.63647;-3.702988;0;0;0;74.0968;-4.331489;(-0.2, 1.7, -0.3)
387;12.388;78.67726;-3.636007;0;0;0;74.19986;-4.24166;(-0.2, 1.7, -0.3)
388;12.464;78.63657;-3.650908;0;0;0;74.29285;-4.137326;(-0.2, 1.7, -0.3)
389;12.527;78.0889;-3.886121;0;0;0;74.48172;-3.806646;(-0.2, 1.7, -0.3)
390;12.544;76.07127;-5.466282;1;1;1;74.42615;-3.822536;(-0.2, 1.7, -0.3)SaccadeStart;
391;12.564;76.00201;-5.549368;0;0;0;74.34157;-3.879173;(-0.2, 1.7, -0.3)
392;12.591;75.88492;-5.40875;0;0;0;74.2408;-3.986202;(-0.2, 1.7, -0.3)
393;12.623;75.82336;-5.339253;0;0;0;74.14214;-4.08981;(-0.2, 1.7, -0.3)
394;12.650;75.71908;-5.356753;0;0;0;74.05121;-4.131461;(-0.2, 1.7, -0.3)
395;12.678;75.71078;-5.373159;0;0;0;73.9819;-4.19294;(-0.2, 1.7, -0.3)
396;12.708;75.55445;-5.365857;0;0;0;73.9026;-4.302489;(-0.2, 1.7, -0.3)
397;12.735;75.14645;-5.758973;0;0;0;73.79333;-4.359372;(-0.2, 1.7, -0.3)
398;12.765;70.82166;-6.098814;1;1;1;73.69163;-4.323076;(-0.2, 1.7, -0.3)SaccadeStart;
399;12.792;70.20746;-6.404517;0;0;0;73.61428;-4.304216;(-0.2, 1.7, -0.3)
400;12.819;69.85266;-6.519792;0;0;0;73.53461;-4.233454;(-0.2, 1.7, -0.3)
401;12.894;69.64488;-6.538939;0;0;0;73.46958;-4.175317;(-0.2, 1.7, -0.3)
402;12.910;69.35185;-6.733274;0;0;0;73.4086;-4.139644;(-0.2, 1.7, -0.3)
403;12.936;69.13082;-6.932426;0;0;0;73.32073;-4.06098;(-0.2, 1.7, -0.3)
404;12.965;69.05778;-6.887814;0;0;0;73.30079;-4.047028;(-0.2, 1.7, -0.3)
405;12.991;69.02255;-6.893928;0;0;0;73.29232;-4.039678;(-0.2, 1.7, -0.3)
406;13.021;69.03805;-6.906777;0;0;0;73.30444;-4.037061;(-0.2, 1.7, -0.3)
407;13.055;69.04644;-6.927524;0;0;0;73.32204;-4.032615;(-0.2, 1.7, -0.3)
408;13.076;68.97765;-7.078682;0;0;0;73.33181;-4.054748;(-0.2, 1.7, -0.3)
409;13.106;69.05016;-7.189602;0;0;0;73.33783;-4.076939;(-0.2, 1.7, -0.3)
410;13.134;69.06082;-7.180916;0;0;0;73.34387;-4.103138;(-0.2, 1.7, -0.3)
411;13.163;68.44231;-7.518337;0;0;0;73.34676;-4.155741;(-0.2, 1.7, -0.3)
412;13.193;68.44625;-7.592501;0;0;0;73.33533;-4.21111;(-0.2, 1.7, -0.3)
413;13.220;68.48083;-7.568586;0;0;0;73.31819;-4.246497;(-0.2, 1.7, -0.3)
414;13.248;68.60149;-7.685867;0;0;0;73.31406;-4.291594;(-0.2, 1.7, -0.3)
415;13.264;71.28527;-8.230575;1;0;1;73.32133;-4.31775;(-0.2, 1.7, -0.3)SaccadeStart;
416;13.292;71.30604;-8.235296;0;0;0;73.34995;-4.368403;(-0.2, 1.7, -0.3)
417;13.322;71.30898;-8.244163;0;0;0;73.36909;-4.409786;(-0.2, 1.7, -0.3)
418;13.349;71.37406;-8.231426;0;0;0;73.38802;-4.452724;(-0.2, 1.7, -0.3)
419;13.419;71.41715;-8.251751;0;0;0;73.39968;-4.516689;(-0.2, 1.7, -0.3)
420;13.460;71.49343;-8.254636;0;0;0;73.39912;-4.589702;(-0.2, 1.7, -0.3)
421;13.476;71.72143;-8.191734;0;0;0;73.39768;-4.731515;(-0.2, 1.7, -0.3)
422;13.506;71.69191;-8.331453;0;0;0;73.38842;-4.775972;(-0.2, 1.7, -0.3)
423;13.537;71.72704;-8.331689;0;0;0;73.37541;-4.793732;(-0.2, 1.7, -0.3)
424;13.585;71.85192;-8.378375;0;0;0;73.3863;-4.784825;(-0.2, 1.7, -0.3)
425;13.600;71.86808;-8.393392;0;0;0;73.4408;-4.755517;(-0.2, 1.7, -0.3)
426;13.619;71.88744;-8.430296;0;0;0;73.52001;-4.733978;(-0.2, 1.7, -0.3)
427;13.648;71.99511;-8.39332;0;0;0;73.60542;-4.726225;(-0.2, 1.7, -0.3)
428;13.677;72.02162;-8.439727;0;0;0;73.6785;-4.737532;(-0.2, 1.7, -0.3)
429;13.705;72.08333;-8.494884;0;0;0;73.75082;-4.756235;(-0.2, 1.7, -0.3)
430;13.736;75.3595;-8.364128;1;1;1;73.82298;-4.773724;(-0.2, 1.7, -0.3)SaccadeStart;
431;13.762;75.79099;-8.246041;0;0;0;73.88629;-4.78358;(-0.2, 1.7, -0.3)
432;13.790;75.95438;-8.201612;0;0;0;73.91836;-4.774589;(-0.2, 1.7, -0.3)
433;13.805;75.95663;-8.204183;0;0;0;73.91795;-4.76275;(-0.2, 1.7, -0.3)
434;13.834;75.97672;-8.200408;0;0;0;73.89188;-4.725277;(-0.2, 1.7, -0.3)
435;13.851;76.02734;-8.230664;0;0;0;73.86986;-4.690872;(-0.2, 1.7, -0.3)
436;13.922;76.04032;-8.245375;0;0;0;73.84145;-4.630343;(-0.2, 1.7, -0.3)
437;13.939;76.0269;-8.24486;0;0;0;73.83224;-4.557188;(-0.2, 1.7, -0.3)
438;13.961;75.86552;-8.450291;0;0;0;73.86114;-4.414206;(-0.2, 1.7, -0.3)
439;13.991;75.90794;-8.429374;0;0;0;73.87693;-4.313877;(-0.2, 1.7, -0.3)
440;14.021;78.52789;-6.398496;1;1;1;73.88163;-4.191541;(-0.2, 1.7, -0.3)SaccadeStart;
441;14.051;79.94488;-4.134482;1;1;1;73.87947;-4.125734;(-0.2, 1.7, -0.3)
442;14.076;79.71545;-4.282993;0;0;0;73.87959;-3.967998;(-0.2, 1.7, -0.3)
443;14.094;78.60273;-4.961972;1;1;1;73.88843;-3.919804;(-0.2, 1.7, -0.3)SaccadeStart;
444;14.120;78.94565;-4.736546;0;0;0;73.91376;-3.855086;(-0.2, 1.7, -0.3)
445;14.148;79.15251;-4.491545;0;0;0;73.93616;-3.810094;(-0.2, 1.7, -0.3)
446;14.162;79.86929;-3.92984;1;1;1;73.93964;-3.794438;(-0.2, 1.7, -0.3)SaccadeStart;
447;14.194;79.74075;-4.738019;0;0;0;73.94225;-3.756566;(-0.2, 1.7, -0.3)
448;14.220;79.38062;-5.016853;0;0;0;73.94784;-3.706815;(-0.2, 1.7, -0.3)
449;14.252;79.09086;-1.905833;1;1;1;73.9584;-3.654087;(-0.2, 1.7, -0.3)SaccadeStart;
450;14.277;78.86288;-1.401993;0;0;0;73.98078;-3.60257;(-0.2, 1.7, -0.3)
451;14.297;79.13838;-0.8414176;0;0;0;73.99525;-3.574505;(-0.2, 1.7, -0.3)
452;14.338;79.2028;-0.7058278;0;0;0;74.01739;-3.496393;(-0.2, 1.7, -0.3)
453;14.363;79.09019;-0.642902;0;0;0;74.01253;-3.439386;(-0.2, 1.7, -0.3)
454;14.439;79.06187;-0.6369006;0;0;0;73.99345;-3.392904;(-0.2, 1.7, -0.3)
455;14.489;78.87975;-0.6876136;0;0;0;73.94974;-3.380328;(-0.2, 1.7, -0.3)
456;14.505;78.72678;-0.6441932;0;0;0;73.6415;-3.558949;(-0.2, 1.7, -0.3)
457;14.535;78.41312;-0.8191082;0;0;0;73.44583;-3.656133;(-0.2, 1.7, -0.3)
458;14.562;78.07122;-0.9691561;0;0;0;73.22724;-3.725301;(-0.2, 1.7, -0.3)
459;14.593;78.04774;-1.031354;0;0;0;73.00055;-3.769209;(-0.2, 1.7, -0.3)
460;14.620;71.47511;-1.1864;1;1;1;72.7599;-3.785843;(-0.2, 1.7, -0.3)SaccadeStart;
461;14.649;70.33029;-2.572169;0;1;1;72.52177;-3.781157;(-0.2, 1.7, -0.3)
462;14.684;69.54982;-3.171715;0;0;0;72.27619;-3.765675;(-0.2, 1.7, -0.3)
463;14.699;69.57452;-3.229046;0;0;0;72.13158;-3.749983;(-0.2, 1.7, -0.3)
464;14.720;69.61874;-3.209247;0;0;0;71.83855;-3.716496;(-0.2, 1.7, -0.3)
465;14.750;69.52238;-3.255076;0;0;0;71.51229;-3.672037;(-0.2, 1.7, -0.3)
466;14.778;69.29334;-3.334106;0;0;0;71.17227;-3.635275;(-0.2, 1.7, -0.3)
467;14.805;68.62466;-3.442193;0;0;0;70.77132;-3.603213;(-0.2, 1.7, -0.3)
468;14.835;68.2559;-3.552174;0;0;0;70.31101;-3.583786;(-0.2, 1.7, -0.3)
469;14.862;68.20944;-3.593368;0;0;0;69.80021;-3.584251;(-0.2, 1.7, -0.3)
470;14.890;68.15727;-3.630296;0;0;0;69.24384;-3.589504;(-0.2, 1.7, -0.3)
471;14.966;67.56666;-3.814855;0;0;0;68.67841;-3.570417;(-0.2, 1.7, -0.3)
472;14.983;66.76456;-4.308997;1;1;1;68.0602;-3.516229;(-0.2, 1.7, -0.3)SaccadeStart;
473;15.006;60.93311;-5.949348;1;0;1;66.9015;-3.344126;(-0.2, 1.7, -0.3)
474;15.047;60.36757;-5.937183;0;0;0;66.23795;-3.125107;(-0.2, 1.7, -0.3)
475;15.061;60.74388;-6.806592;1;0;1;65.39126;-2.826391;(-0.2, 1.7, -0.3)SaccadeStart;
476;15.078;60.27475;-6.628047;0;0;0;64.94347;-2.665927;(-0.2, 1.7, -0.3)
477;15.105;60.31007;-6.661598;0;0;0;64.00778;-2.328872;(-0.2, 1.7, -0.3)
478;15.136;60.27088;-6.80519;0;0;0;63.10327;-1.991224;(-0.2, 1.7, -0.3)
479;15.163;59.6074;-6.863184;0;0;0;62.29241;-1.663293;(-0.2, 1.7, -0.3)
480;15.190;59.5172;-6.978081;0;0;0;61.54467;-1.350982;(-0.2, 1.7, -0.3)
481;15.206;59.34257;-6.964316;0;0;0;61.17223;-1.177446;(-0.2, 1.7, -0.3)
482;15.235;59.39338;-7.0879;0;0;0;60.54068;-0.8586086;(-0.2, 1.7, -0.3)
483;15.262;57.76376;-3.19687;1;0;1;59.91389;-0.4933338;(-0.2, 1.7, -0.3)SaccadeStart;
484;15.276;57.65865;-3.131752;0;0;0;59.60514;-0.291988;(-0.2, 1.7, -0.3)
485;15.306;57.61416;-3.125968;0;0;0;58.93967;0.1567993;(-0.2, 1.7, -0.3)
486;15.333;57.59104;-3.340496;0;0;0;58.27807;0.5834656;(-0.2, 1.7, -0.3)
487;15.361;57.56349;-3.366963;0;0;0;57.54996;1.01593;(-0.2, 1.7, -0.3)
488;15.376;57.34011;-3.245968;0;0;0;57.19299;1.200958;(-0.2, 1.7, -0.3)
489;15.390;57.39095;-3.279809;0;0;0;56.81379;1.385071;(-0.2, 1.7, -0.3)
490;15.405;57.24692;-3.235623;0;0;0;56.46342;1.55365;(-0.2, 1.7, -0.3)
491;15.476;57.1187;-3.251225;0;0;0;55.77618;1.914154;(-0.2, 1.7, -0.3)
492;15.528;57.01045;-3.205691;0;0;0;55.04987;2.195465;(-0.2, 1.7, -0.3)
493;15.568;53.90322;-0.7671525;1;0;1;53.10608;2.664551;(-0.2, 1.7, -0.3)SaccadeStart;
494;15.584;52.27157;-0.2127266;1;0;1;52.43845;2.682495;(-0.2, 1.7, -0.3)
495;15.605;52.07931;0.01509573;0;0;0;51.7999;2.723572;(-0.2, 1.7, -0.3)
496;15.621;51.81153;0.02176951;0;0;0;51.50127;2.772369;(-0.2, 1.7, -0.3)
497;15.650;51.72761;-0.01424531;0;0;0;50.87863;2.865723;(-0.2, 1.7, -0.3)
498;15.676;51.41111;-0.05238585;0;0;0;50.26817;2.833069;(-0.2, 1.7, -0.3)
499;15.689;51.26295;-0.02430812;0;0;0;49.94946;2.769806;(-0.2, 1.7, -0.3)
500;15.706;51.04527;-0.01827865;0;0;0;49.66305;2.71933;(-0.2, 1.7, -0.3)
501;15.733;51.1841;0.01676373;0;0;0;49.09718;2.684875;(-0.2, 1.7, -0.3)
502;15.749;50.96385;0.006580163;0;0;0;48.81273;2.646301;(-0.2, 1.7, -0.2)
503;15.776;50.97046;0.01893466;0;0;0;48.25315;2.483948;(-0.2, 1.7, -0.2)
504;15.790;50.70808;0.1095379;0;0;0;47.98488;2.400177;(-0.2, 1.7, -0.2)
505;15.819;50.52446;0.1884364;0;0;0;47.51271;2.225708;(-0.2, 1.7, -0.2)
506;15.847;49.27723;-0.1131193;0;0;0;47.08029;2.024963;(-0.2, 1.7, -0.2)
507;15.861;44.02014;-2.630281;1;0;1;46.89962;1.93222;(-0.2, 1.7, -0.2)SaccadeStart;
508;15.876;43.02517;-3.242965;1;0;1;46.73957;1.85144;(-0.2, 1.7, -0.2)
509;15.906;42.416;-3.933224;0;0;0;46.48454;1.688904;(-0.2, 1.7, -0.2)
510;15.934;42.4661;-3.97981;0;0;0;46.32219;1.52475;(-0.2, 1.7, -0.2)
511;15.989;42.39658;-3.988386;0;0;0;46.18916;1.401367;(-0.2, 1.7, -0.2)
512;16.004;42.34647;-4.026102;0;0;0;46.12595;1.356812;(-0.2, 1.7, -0.2)
513;16.041;42.55471;-4.382174;0;0;0;45.94486;1.24707;(-0.2, 1.7, -0.2)
514;16.061;42.7774;-4.507706;0;0;0;45.79239;1.095062;(-0.2, 1.7, -0.2)
515;16.076;42.68221;-4.583937;0;0;0;45.75373;1.049377;(-0.2, 1.7, -0.2)
516;16.092;42.71303;-4.542915;0;0;0;45.71765;1.011871;(-0.2, 1.7, -0.2)
517;16.119;42.70037;-4.558483;0;0;0;45.65367;0.9526978;(-0.2, 1.7, -0.2)
518;16.151;42.70768;-4.553694;0;0;0;45.59432;0.8960266;(-0.2, 1.7, -0.2)
519;16.175;42.74455;-4.500211;0;0;0;45.5448;0.8294983;(-0.2, 1.7, -0.2)
520;16.205;37.2526;-5.808525;1;1;1;45.48942;0.7685852;(-0.2, 1.7, -0.2)SaccadeStart;
521;16.237;37.19856;-5.824551;0;0;0;45.43427;0.7137451;(-0.2, 1.7, -0.2)
522;16.276;37.18523;-5.835583;0;0;0;45.3258;0.6374512;(-0.2, 1.7, -0.2)
523;16.308;37.09915;-5.84253;0;0;0;45.23311;0.5769653;(-0.2, 1.7, -0.2)
524;16.335;37.07566;-5.829832;0;0;0;45.12532;0.5093079;(-0.2, 1.7, -0.2)
525;16.366;37.02613;-5.790558;0;0;0;45.00089;0.4406128;(-0.2, 1.7, -0.2)
526;16.393;37.03078;-5.772799;0;0;0;44.86882;0.375946;(-0.2, 1.7, -0.2)
527;16.423;36.98825;-5.746114;0;0;0;44.74623;0.3425903;(-0.2, 1.7, -0.2)
528;16.449;36.9483;-5.73156;0;0;0;44.64888;0.3277588;(-0.2, 1.7, -0.2)
529;16.522;36.94072;-5.722104;0;0;0;44.56863;0.3102112;(-0.2, 1.7, -0.2)
530;16.571;37.87545;-4.238902;0;0;0;44.48823;0.2918091;(-0.2, 1.7, -0.2)
531;16.612;38.34781;-1.229463;1;0;1;44.29764;0.2473145;(-0.2, 1.7, -0.2)SaccadeStart;
532;16.629;38.20068;-1.261208;0;0;0;44.24749;0.2375793;(-0.2, 1.7, -0.2)
533;16.649;38.21612;-1.238836;0;0;0;44.19704;0.2330627;(-0.2, 1.7, -0.2)
534;16.676;38.18986;-1.246735;0;0;0;44.13886;0.2242432;(-0.2, 1.7, -0.2)
535;16.692;38.17558;-1.269954;0;0;0;44.10347;0.2145996;(-0.2, 1.7, -0.2)
536;16.720;38.2113;-1.259104;0;0;0;44.02268;0.1984253;(-0.2, 1.7, -0.2)
537;16.748;38.19121;-1.262581;0;0;0;43.9359;0.2041321;(-0.2, 1.7, -0.2)
538;16.776;38.17302;-1.256828;0;0;0;43.83432;0.2118225;(-0.2, 1.7, -0.2)
539;16.805;38.18645;-1.250552;0;0;0;43.69992;0.1964722;(-0.2, 1.7, -0.2)
540;16.836;35.82226;0.7996206;1;0;1;43.54908;0.165863;(-0.2, 1.7, -0.2)SaccadeStart;
541;16.863;35.31099;0.6987155;0;0;0;43.38283;0.1454773;(-0.2, 1.7, -0.2)
542;16.891;35.24028;0.6485701;0;0;0;43.2201;0.1297913;(-0.2, 1.7, -0.2)
543;16.905;35.18554;0.5981073;0;0;0;43.13393;0.1163025;(-0.2, 1.7, -0.2)
544;16.933;35.05204;0.7254316;0;0;0;42.97649;0.08349609;(-0.2, 1.7, -0.2)
545;16.949;34.98304;0.7778443;0;0;0;42.90166;0.06661987;(-0.2, 1.7, -0.2)
546;17.019;34.98306;0.7771055;0;0;0;42.75446;0.03594971;(-0.2, 1.7, -0.2)
547;17.054;34.93666;0.7684644;0;0;0;42.61044;0.01516724;(-0.2, 1.7, -0.2)
548;17.075;34.88401;0.7597144;0;0;0;42.22689;-0.05839492;(-0.2, 1.7, -0.2)
549;17.091;34.58308;0.7139779;0;0;0;42.13831;-0.08461134;(-0.2, 1.7, -0.2)
550;17.106;34.5041;0.7526757;0;0;0;42.04182;-0.1168151;(-0.2, 1.7, -0.2)
551;17.134;34.53049;0.7649503;0;0;0;41.85905;-0.1853452;(-0.2, 1.7, -0.2)
552;17.163;33.75129;0.6047181;0;0;0;41.67093;-0.2518165;(-0.2, 1.7, -0.2)
553;17.192;28.80039;-3.328575;1;0;1;41.49976;-0.3143142;(-0.2, 1.7, -0.2)SaccadeStart;
554;17.208;28.18892;-4.481798;1;0;1;41.41096;-0.346832;(-0.2, 1.7, -0.2)
555;17.233;28.20937;-4.512212;0;0;0;41.25959;-0.4132281;(-0.2, 1.7, -0.2)
556;17.261;28.18661;-4.498761;0;0;0;41.11347;-0.4880842;(-0.2, 1.7, -0.2)
557;17.276;28.0984;-4.454466;0;0;0;41.04039;-0.5230891;(-0.2, 1.7, -0.2)
558;17.291;28.05861;-4.422232;0;0;0;40.96484;-0.5583221;(-0.2, 1.7, -0.2)
559;17.319;28.00001;-4.407355;0;0;0;40.79749;-0.6265193;(-0.2, 1.7, -0.2)
560;17.334;27.90834;-4.307794;0;0;0;40.71286;-0.6550944;(-0.2, 1.7, -0.2)
561;17.363;27.89096;-4.307864;0;0;0;40.52191;-0.7064229;(-0.2, 1.7, -0.2)
562;17.390;27.83178;-4.298385;0;0;0;40.32402;-0.7669773;(-0.2, 1.7, -0.2)
563;17.419;24.57445;-5.45969;1;0;1;40.14233;-0.8242728;(-0.2, 1.7, -0.2)SaccadeStart;
564;17.449;22.49633;-6.016099;1;1;1;39.98066;-0.8664524;(-0.2, 1.7, -0.2)
565;17.475;22.21151;-6.073513;0;0;0;39.85643;-0.9046248;(-0.2, 1.7, -0.2)
566;17.535;22.07782;-6.137288;0;0;0;39.81307;-0.9225934;(-0.2, 1.7, -0.2)
567;17.578;22.02037;-6.172785;0;0;0;39.75329;-0.9527494;(-0.2, 1.7, -0.2)
568;17.605;21.60584;-6.201514;0;0;0;39.74542;-1.037152;(-0.2, 1.7, -0.2)
569;17.622;25.29656;-5.194641;1;1;1;39.75579;-1.052239;(-0.2, 1.7, -0.2)SaccadeStart;
570;17.648;29.64644;-3.399886;1;0;1;39.7948;-1.07654;(-0.2, 1.7, -0.2)
571;17.664;33.77449;-2.736109;1;1;1;39.82541;-1.084274;(-0.2, 1.7, -0.2)
572;17.712;33.77717;-2.739992;0;0;0;39.89191;-1.07875;(-0.2, 1.7, -0.2)
573;17.726;33.81098;-2.730692;0;0;0;39.95467;-1.059472;(-0.2, 1.7, -0.2)
574;17.752;33.87302;-2.730592;0;0;0;39.99544;-1.011497;(-0.2, 1.7, -0.2)
575;17.776;33.97148;-2.714614;0;0;0;40.00148;-0.9818793;(-0.2, 1.7, -0.2)
576;17.806;34.06944;-2.673722;0;0;0;39.99148;-0.968643;(-0.2, 1.7, -0.2)
577;17.835;34.11947;-2.669055;0;0;0;39.98667;-0.9673165;(-0.2, 1.7, -0.2)
578;17.864;34.16759;-2.690267;0;0;0;39.9953;-0.9725677;(-0.2, 1.7, -0.2)
579;17.890;37.61227;-2.591299;1;1;1;40.00626;-0.9778609;(-0.2, 1.7, -0.2)SaccadeStart;
580;17.919;41.06217;-3.252986;1;1;1;40.00291;-0.9650227;(-0.2, 1.7, -0.2)
581;17.948;41.14696;-3.284794;0;0;0;39.98368;-0.9501143;(-0.2, 1.7, -0.2)
582;17.976;41.21618;-3.272746;0;0;0;39.95824;-0.9196182;(-0.2, 1.7, -0.2)
583;18.038;41.28661;-3.281141;0;0;0;39.9485;-0.9069459;(-0.2, 1.7, -0.2)
584;18.086;41.32048;-3.29176;0;0;0;39.93041;-0.8990871;(-0.2, 1.7, -0.2)
585;18.106;41.52819;-3.34245;0;0;0;39.87519;-0.8592482;(-0.2, 1.7, -0.2)
586;18.135;41.49359;-3.337397;0;0;0;39.86429;-0.8560394;(-0.2, 1.7, -0.2)
587;18.164;41.52666;-3.383941;0;0;0;39.85744;-0.8547226;(-0.2, 1.7, -0.2)
588;18.192;39.88272;-2.029921;1;0;1;39.84203;-0.8511123;(-0.2, 1.7, -0.2)SaccadeStart;
589;18.207;37.20438;0.8782639;1;0;1;39.82903;-0.8387058;(-0.2, 1.7, -0.2)
590;18.235;37.19006;0.8899645;0;0;0;39.79851;-0.7994927;(-0.2, 1.7, -0.2)
591;18.271;36.76086;1.305047;0;0;0;39.76982;-0.7596271;(-0.2, 1.7, -0.2)
592;18.291;36.72712;1.374219;0;0;0;39.747;-0.7334855;(-0.2, 1.7, -0.2)
593;18.306;36.73121;1.429097;0;0;0;39.73554;-0.7238076;(-0.2, 1.7, -0.2)
594;18.335;36.73036;1.445001;0;0;0;39.71669;-0.6954326;(-0.2, 1.7, -0.2)
595;18.363;36.74417;1.467913;0;0;0;39.69885;-0.6751462;(-0.2, 1.7, -0.2)
596;18.390;36.74807;1.491249;0;0;0;39.6805;-0.6814528;(-0.2, 1.7, -0.2)
597;18.421;36.74969;1.486158;0;0;0;39.66365;-0.6900063;(-0.2, 1.7, -0.2)
598;18.448;36.76579;1.447465;0;0;0;39.65826;-0.6991307;(-0.2, 1.7, -0.2)
599;18.475;36.84711;1.267886;0;0;0;39.66793;-0.7036384;(-0.2, 1.7, -0.2)
600;18.535;36.83032;1.176005;0;0;0;39.67625;-0.7083839;(-0.2, 1.7, -0.2)
601;18.551;36.83375;1.150681;0;0;0;39.69556;-0.7062369;(-0.2, 1.7, -0.2)
602;18.606;36.86016;1.089875;0;0;0;39.72416;-0.6805355;(-0.2, 1.7, -0.2)
603;18.633;39.24073;5.357055;1;0;1;39.72352;-0.7218544;(-0.2, 1.7, -0.2)SaccadeStart;
604;18.665;39.48787;5.350698;0;0;0;39.7122;-0.7429268;(-0.2, 1.7, -0.2)
605;18.691;39.66738;5.466013;0;0;0;39.69895;-0.7577452;(-0.2, 1.7, -0.2)
606;18.719;39.79428;5.553791;0;0;0;39.69025;-0.7707183;(-0.2, 1.7, -0.2)
607;18.734;39.94904;5.9602;0;0;0;39.69111;-0.7799469;(-0.2, 1.7, -0.2)
608;18.762;39.90366;6.729441;0;0;0;39.69326;-0.8127381;(-0.2, 1.7, -0.2)
609;18.798;38.54825;10.13388;1;0;1;39.69078;-0.8308106;(-0.2, 1.7, -0.2)SaccadeStart;
610;18.812;38.54456;10.23405;0;0;0;39.67498;-0.8758317;(-0.2, 1.7, -0.2)
611;18.836;38.6274;10.33204;0;0;0;39.64571;-0.9313396;(-0.2, 1.7, -0.2)
612;18.864;38.7289;10.41187;0;0;0;39.62009;-0.977865;(-0.2, 1.7, -0.2)
613;18.892;38.87352;10.46974;0;0;0;39.61128;-1.021415;(-0.2, 1.7, -0.2)
614;18.920;39.04495;10.49689;0;0;0;39.61791;-1.064443;(-0.2, 1.7, -0.2)
615;18.936;39.15921;10.51648;0;0;0;39.6193;-1.082033;(-0.2, 1.7, -0.2)
616;18.961;39.18796;10.51209;0;0;0;39.61253;-1.106991;(-0.2, 1.7, -0.2)
617;18.977;39.33274;10.52023;0;0;0;39.60588;-1.118726;(-0.2, 1.7, -0.2)
618;19.047;39.36958;10.50957;0;0;0;39.59621;-1.134306;(-0.2, 1.7, -0.2)
619;19.089;39.59193;10.51474;0;0;0;39.58975;-1.128872;(-0.2, 1.7, -0.2)
620;19.106;39.91204;10.6397;0;0;0;39.56377;-1.16475;(-0.2, 1.7, -0.2)
621;19.133;39.96118;10.67103;0;0;0;39.54445;-1.190115;(-0.2, 1.7, -0.2)
622;19.147;38.14932;7.207488;1;0;1;39.53596;-1.206454;(-0.2, 1.7, -0.2)SaccadeStart;
623;19.162;38.14158;7.191086;0;0;0;39.52995;-1.22535;(-0.2, 1.7, -0.2)
624;19.178;37.84855;4.059156;1;0;1;39.52608;-1.240467;(-0.2, 1.7, -0.2)SaccadeStart;
625;19.205;37.94434;3.348422;0;0;0;39.52268;-1.245413;(-0.2, 1.7, -0.2)
626;19.235;38.33542;2.133027;0;0;0;39.52016;-1.229773;(-0.2, 1.7, -0.2)
627;19.261;38.46648;1.700951;0;0;0;39.50923;-1.210609;(-0.2, 1.7, -0.2)
628;19.276;38.55459;1.54676;0;0;0;39.50101;-1.200845;(-0.2, 1.7, -0.2)
629;19.291;38.59545;1.491254;0;0;0;39.49202;-1.190813;(-0.2, 1.7, -0.2)
630;19.321;38.6634;1.421975;0;0;0;39.47036;-1.173919;(-0.2, 1.7, -0.2)
631;19.345;38.69486;1.379895;0;0;0;39.4511;-1.163198;(-0.2, 1.7, -0.2)
632;19.362;38.77771;1.313468;0;0;0;39.44231;-1.165722;(-0.2, 1.7, -0.2)
633;19.375;38.80947;1.293297;0;0;0;39.43534;-1.170432;(-0.2, 1.7, -0.2)
634;19.392;38.8341;1.292976;0;0;0;39.42874;-1.177974;(-0.2, 1.7, -0.2)
635;19.419;38.86779;1.284149;0;0;0;39.41842;-1.185588;(-0.2, 1.7, -0.2)
636;19.433;36.22132;-1.371114;1;0;1;39.41215;-1.188765;(-0.2, 1.7, -0.2)SaccadeStart;
637;19.449;35.1581;-2.297329;1;0;1;39.4027;-1.194091;(-0.2, 1.7, -0.2)
638;19.475;34.61063;-2.737132;0;0;0;39.39392;-1.209642;(-0.2, 1.7, -0.2)
639;19.492;34.52182;-2.789831;0;0;0;39.39361;-1.224265;(-0.2, 1.7, -0.2)
640;19.563;34.45771;-2.795352;0;0;0;39.39526;-1.253756;(-0.2, 1.7, -0.2)
641;19.607;34.21451;-2.944754;0;0;0;39.39258;-1.283596;(-0.2, 1.7, -0.2)
642;19.654;28.3781;-4.970873;1;0;1;39.42048;-1.31894;(-0.2, 1.7, -0.2)SaccadeStart;
643;19.669;28.38758;-5.084211;0;0;0;39.44179;-1.313916;(-0.2, 1.7, -0.2)
644;19.689;28.38101;-5.13411;0;0;0;39.46098;-1.309312;(-0.2, 1.7, -0.2)
645;19.704;28.38393;-5.168111;0;0;0;39.46752;-1.299133;(-0.2, 1.7, -0.2)
646;19.719;28.39268;-5.193902;0;0;0;39.47458;-1.284573;(-0.2, 1.7, -0.2)
647;19.736;28.41623;-5.393269;0;0;0;39.48263;-1.267057;(-0.2, 1.7, -0.2)
648;19.761;28.38045;-5.41634;0;0;0;39.51069;-1.242847;(-0.2, 1.7, -0.2)
649;19.775;28.37232;-5.616467;0;0;0;39.5277;-1.238302;(-0.2, 1.7, -0.2)
650;19.792;31.97808;-6.065496;1;1;1;39.54652;-1.237888;(-0.2, 1.7, -0.2)SaccadeStart;
651;19.821;31.99831;-6.062999;0;0;0;39.59245;-1.2451;(-0.2, 1.7, -0.2)
652;19.848;43.66771;-6.54225;1;1;1;39.64404;-1.262375;(-0.2, 1.7, -0.2)SaccadeStart;
653;19.861;43.99758;-6.499528;0;0;0;39.666;-1.269986;(-0.2, 1.7, -0.2)
654;19.891;44.09336;-6.506613;0;0;0;39.71178;-1.287612;(-0.2, 1.7, -0.2)
655;19.907;44.39147;-6.555342;0;0;0;39.73746;-1.293524;(-0.2, 1.7, -0.2)
656;19.934;45.21461;-5.070154;1;0;1;39.78753;-1.290101;(-0.2, 1.7, -0.2)SaccadeStart;
657;19.964;45.565;-4.76242;0;0;0;39.83606;-1.282727;(-0.2, 1.7, -0.2)
658;19.991;45.58155;-4.795238;0;0;0;39.88118;-1.289639;(-0.2, 1.7, -0.2)
659;20.018;45.61507;-4.886344;0;0;0;39.93442;-1.321475;(-0.2, 1.7, -0.2)
660;20.113;46.26086;-5.408127;0;0;0;39.96331;-1.341615;(-0.2, 1.7, -0.2)
661;20.129;49.63921;-5.145477;1;1;1;40.08719;-1.442657;(-0.2, 1.7, -0.2)SaccadeStart;
662;20.148;49.90541;-5.274255;0;0;0;40.16864;-1.520062;(-0.2, 1.7, -0.2)
663;20.162;50.42147;-5.349484;0;0;0;40.1736;-1.53354;(-0.2, 1.7, -0.2)
664;20.190;50.61459;-5.416979;0;0;0;40.16864;-1.553632;(-0.2, 1.7, -0.2)
665;20.204;50.99462;-5.484452;0;0;0;40.16599;-1.567595;(-0.2, 1.7, -0.2)
666;20.218;50.9999;-5.49779;0;0;0;40.16201;-1.585115;(-0.2, 1.7, -0.2)
667;20.233;51.01027;-5.482065;0;0;0;40.16047;-1.606473;(-0.2, 1.7, -0.2)
668;20.248;51.17273;-5.602042;0;0;0;40.15937;-1.627911;(-0.2, 1.7, -0.2)
669;20.261;51.38479;-5.406997;0;0;0;40.15874;-1.647685;(-0.2, 1.7, -0.2)
670;20.277;51.38976;-5.407162;0;0;0;40.1586;-1.664034;(-0.2, 1.7, -0.2)
671;20.292;51.42949;-5.371205;0;0;0;40.16129;-1.675856;(-0.2, 1.7, -0.2)
672;20.320;51.48779;-5.403042;0;0;0;40.17476;-1.700718;(-0.2, 1.7, -0.2)
673;20.348;51.84082;-5.454398;0;0;0;40.19746;-1.72349;(-0.2, 1.7, -0.2)
674;20.376;52.02684;-5.54228;0;0;0;40.24235;-1.734369;(-0.2, 1.7, -0.2)
675;20.390;56.22048;-3.894823;1;0;1;40.27184;-1.73839;(-0.2, 1.7, -0.2)SaccadeStart;
676;20.407;56.58024;-4.347055;0;0;0;40.30685;-1.743866;(-0.2, 1.7, -0.2)
677;20.433;57.50131;-4.98461;0;0;0;40.37897;-1.758632;(-0.2, 1.7, -0.2)
678;20.449;57.5383;-4.953174;0;0;0;40.42304;-1.768868;(-0.2, 1.7, -0.2)
679;20.466;57.55828;-4.944122;0;0;0;40.46633;-1.776865;(-0.2, 1.7, -0.2)
680;20.491;57.70721;-4.836421;0;0;0;40.56105;-1.808479;(-0.2, 1.7, -0.2)
681;20.505;58.36173;-4.28905;1;0;1;40.61463;-1.839551;(-0.2, 1.7, -0.2)SaccadeStart;
682;20.532;58.38708;-4.242194;0;0;0;40.71176;-1.900732;(-0.2, 1.7, -0.2)
683;20.548;58.44235;-4.217847;0;0;0;40.76075;-1.926655;(-0.2, 1.7, -0.2)
684;20.568;58.56346;-4.422579;0;0;0;40.80583;-1.949895;(-0.2, 1.7, -0.2)
685;20.670;58.83947;-4.670072;0;0;0;40.89539;-2.006256;(-0.2, 1.7, -0.2)
686;20.688;58.92199;-4.555132;0;0;0;41.11729;-2.114119;(-0.2, 1.7, -0.2)
687;20.704;59.15307;-4.413773;0;0;0;41.50152;-2.152162;(-0.2, 1.7, -0.2)
688;20.721;59.46795;-4.449796;0;0;0;41.64752;-2.148874;(-0.2, 1.7, -0.2)
689;20.748;59.67661;-4.636788;0;0;0;42.03835;-2.140023;(-0.2, 1.7, -0.2)
690;20.784;61.87231;-2.0802;1;0;1;42.5268;-2.11355;(-0.2, 1.7, -0.2)SaccadeStart;
691;20.799;61.88544;-1.764151;0;0;0;42.8045;-2.099982;(-0.2, 1.7, -0.2)
692;20.824;61.7467;-1.695387;0;0;0;43.42416;-2.089236;(-0.2, 1.7, -0.2)
693;20.848;61.94536;-1.629433;0;0;0;44.05372;-2.08578;(-0.2, 1.7, -0.2)
694;20.876;62.06995;-1.952095;0;0;0;44.72614;-2.069327;(-0.2, 1.7, -0.2)
695;20.892;62.03825;-2.228581;0;0;0;45.05337;-2.062946;(-0.2, 1.7, -0.2)
696;20.920;62.01151;-2.193187;0;0;0;45.70445;-2.062005;(-0.2, 1.7, -0.2)
697;20.949;62.41202;-2.046447;0;0;0;46.26763;-2.064565;(-0.2, 1.7, -0.2)
698;20.977;62.98256;-2.418595;0;0;0;46.75195;-2.078214;(-0.2, 1.7, -0.2)
699;21.005;62.98524;-2.4831;0;0;0;47.13198;-2.106933;(-0.2, 1.7, -0.2)
700;21.036;63.40562;-2.676445;0;0;0;47.27901;-2.115811;(-0.2, 1.7, -0.2)
701;21.060;63.74641;-3.000731;0;0;0;47.61437;-2.125487;(-0.2, 1.7, -0.2)
702;21.076;64.72388;-3.482769;1;0;1;47.68648;-2.133798;(-0.2, 1.7, -0.2)SaccadeStart;
703;21.104;64.32632;-2.890443;0;0;0;47.78616;-2.165582;(-0.2, 1.7, -0.2)
704;21.165;67.26615;-2.023437;0;0;0;47.82161;-2.177309;(-0.2, 1.7, -0.2)
705;21.181;68.47351;-1.661628;1;0;1;47.85902;-2.179167;(-0.2, 1.7, -0.2)SaccadeStart;
706;21.204;69.24107;-1.812757;0;0;0;47.83919;-2.201083;(-0.2, 1.7, -0.2)
707;21.234;69.5288;-1.870391;0;0;0;47.81854;-2.198485;(-0.2, 1.7, -0.2)
708;21.249;69.7612;-1.943377;0;0;0;47.80315;-2.199162;(-0.2, 1.7, -0.2)
709;21.276;69.92359;-1.980622;0;0;0;47.77028;-2.224981;(-0.2, 1.7, -0.2)
710;21.291;70.04287;-2.016737;0;0;0;47.75587;-2.247133;(-0.2, 1.7, -0.2)
711;21.306;70.18935;-2.037122;0;0;0;47.74672;-2.271482;(-0.2, 1.7, -0.2)
712;21.333;70.31755;-2.118973;0;0;0;47.75256;-2.318707;(-0.2, 1.7, -0.2)
713;21.347;70.52028;-2.14381;0;0;0;47.77128;-2.349904;(-0.2, 1.7, -0.2)
714;21.362;70.55994;-2.145228;0;0;0;47.80491;-2.385689;(-0.2, 1.7, -0.2)
715;21.375;70.6226;-2.170706;0;0;0;47.85736;-2.425236;(-0.2, 1.7, -0.2)
716;21.391;70.65151;-2.156649;0;0;0;47.93244;-2.465691;(-0.2, 1.7, -0.2)
717;21.407;70.67574;-2.172488;0;0;0;48.03785;-2.512635;(-0.2, 1.7, -0.2)
718;21.432;71.08449;-2.28637;0;0;0;48.31604;-2.602925;(-0.2, 1.7, -0.2)
719;21.461;78.23929;-2.222787;1;1;1;48.71502;-2.721073;(-0.2, 1.7, -0.2)SaccadeStart;
720;21.492;77.87623;-1.793153;0;0;0;49.22279;-2.87123;(-0.2, 1.7, -0.2)
721;21.507;77.7052;-1.10571;0;0;0;49.52694;-2.962836;(-0.2, 1.7, -0.2)
722;21.533;77.92697;-1.055984;0;0;0;50.26908;-3.175709;(-0.2, 1.7, -0.2)
723;21.549;78.46722;-1.655733;1;1;1;50.68002;-3.271898;(-0.2, 1.7, -0.2)SaccadeStart;
724;21.575;78.22741;-1.736722;0;0;0;51.63358;-3.459626;(-0.2, 1.7, -0.2)
725;21.616;78.24033;-1.765008;0;0;0;52.14398;-3.555732;(-0.2, 1.7, -0.2)
726;21.687;76.63616;-1.507122;0;0;0;53.90728;-3.816237;(-0.2, 1.7, -0.3)
727;21.703;77.66922;-1.583861;1;0;1;55.28683;-3.962623;(-0.2, 1.7, -0.3)SaccadeStart;
728;21.719;76.20629;-2.542711;0;1;1;57.99022;-4.104864;(-0.2, 1.7, -0.3)
729;21.749;77.97651;-2.744563;1;0;1;59.3387;-4.095167;(-0.2, 1.7, -0.3)SaccadeStart;
730;21.778;80.41805;-4.787719;0;1;1;60.72868;-4.052426;(-0.2, 1.7, -0.3)
731;21.806;81.76801;-5.533339;1;1;1;62.1071;-3.995924;(-0.2, 1.7, -0.3)SaccadeStart;
732;21.833;82.40524;-5.110275;0;0;0;63.43903;-3.881066;(-0.2, 1.7, -0.3)
733;21.848;82.80025;-5.012767;0;0;0;64.10316;-3.80929;(-0.2, 1.7, -0.3)
734;21.878;83.05273;-5.241195;0;0;0;65.44608;-3.6786;(-0.2, 1.7, -0.3)
735;21.906;83.13096;-5.1681;0;0;0;66.6807;-3.571604;(-0.2, 1.7, -0.3)
736;21.935;83.40989;-5.02818;0;0;0;67.88609;-3.478194;(-0.2, 1.7, -0.3)
737;21.964;83.52928;-4.997691;0;0;0;68.99224;-3.419652;(-0.2, 1.7, -0.3)
738;21.991;83.82953;-4.925886;0;0;0;69.96783;-3.401908;(-0.2, 1.7, -0.3)
739;22.021;84.21304;-4.782809;0;0;0;70.79409;-3.418778;(-0.2, 1.7, -0.3)
740;22.074;84.17618;-4.564678;0;0;0;71.52808;-3.465773;(-0.2, 1.7, -0.3)
741;22.092;84.50085;-4.28047;0;0;0;72.35284;-3.5805;(-0.2, 1.7, -0.3)
742;22.120;84.96001;-4.361217;0;0;0;72.79173;-3.662586;(-0.2, 1.7, -0.3)
743;22.148;85.04097;-4.385308;0;0;0;73.13748;-3.744488;(-0.2, 1.7, -0.3)
744;22.207;85.10036;-4.39112;0;0;0;73.42922;-3.824205;(-0.2, 1.7, -0.3)
745;22.223;82.84502;-6.381123;1;1;1;73.55895;-3.863282;(-0.2, 1.7, -0.3)SaccadeStart;
746;22.249;82.88272;-6.440456;0;0;0;73.99295;-3.99944;(-0.2, 1.7, -0.3)
747;22.276;82.59315;-6.648432;0;0;0;74.14655;-4.041232;(-0.2, 1.7, -0.3)
748;22.289;82.59978;-6.617322;0;0;0;74.21182;-4.061982;(-0.2, 1.7, -0.3)
749;22.305;82.65963;-6.546823;0;0;0;74.27544;-4.083311;(-0.2, 1.7, -0.3)
750;22.334;82.15127;-6.708033;0;0;0;74.39703;-4.128058;(-0.2, 1.7, -0.3)
751;22.364;82.12803;-6.493264;0;0;0;74.5659;-4.174158;(-0.2, 1.7, -0.3)
752;22.391;82.71118;-6.00774;0;0;0;74.76713;-4.214549;(-0.2, 1.7, -0.3)
753;22.405;83.03951;-5.875136;0;0;0;74.87663;-4.236706;(-0.2, 1.7, -0.3)
754;22.420;83.38867;-5.762849;0;0;0;75.00381;-4.265308;(-0.2, 1.7, -0.3)
755;22.447;83.37904;-5.778941;0;0;0;75.26426;-4.338078;(-0.2, 1.7, -0.3)
756;22.460;83.35982;-5.991296;0;0;0;75.40295;-4.384588;(-0.2, 1.7, -0.3)
757;22.476;83.36771;-6.010641;0;0;0;75.54845;-4.436809;(-0.2, 1.7, -0.3)
758;22.506;83.27824;-6.101676;0;0;0;75.78941;-4.541263;(-0.2, 1.7, -0.3)
759;22.533;83.28184;-6.114298;0;0;0;75.92669;-4.638759;(-0.2, 1.7, -0.3)
760;22.550;83.29066;-6.102351;0;0;0;75.95142;-4.681404;(-0.2, 1.7, -0.3)
761;22.576;83.25745;-6.122292;0;0;0;75.91344;-4.750702;(-0.2, 1.7, -0.3)
762;22.638;83.23758;-6.155966;0;0;0;75.77979;-4.790499;(-0.2, 1.7, -0.3)
763;22.660;82.29459;-6.463944;1;1;1;75.33135;-4.796748;(-0.2, 1.7, -0.3)SaccadeStart;
764;22.725;82.40408;-6.504448;0;0;0;75.20595;-4.785708;(-0.2, 1.7, -0.3)
765;22.753;82.42786;-6.508893;0;0;0;74.9463;-4.759958;(-0.2, 1.7, -0.3)
766;22.766;83.06803;-3.91536;1;1;1;74.41975;-4.691659;(-0.2, 1.7, -0.3)SaccadeStart;
767;22.792;73.39713;-0.695234;0;1;1;74.15999;-4.677314;(-0.2, 1.7, -0.3)
768;22.818;68.90204;0.4233198;1;0;1;73.91774;-4.662948;(-0.2, 1.7, -0.3)SaccadeStart;
769;22.836;68.87641;0.4188598;0;0;0;73.81328;-4.652983;(-0.2, 1.7, -0.3)
770;22.863;68.88082;0.4087128;0;0;0;73.61306;-4.63624;(-0.2, 1.7, -0.3)
771;22.878;68.87412;0.4051954;0;0;0;73.50819;-4.628762;(-0.2, 1.7, -0.3)
772;22.906;68.8567;0.4029152;0;0;0;73.27407;-4.596136;(-0.2, 1.7, -0.3)
773;22.933;68.88542;0.3802982;0;0;0;73.03198;-4.553929;(-0.2, 1.7, -0.3)
774;22.947;66.80242;0.1792431;1;1;1;72.90092;-4.533585;(-0.2, 1.7, -0.3)SaccadeStart;
775;22.962;65.0099;0.2726328;1;1;1;72.75128;-4.511004;(-0.2, 1.7, -0.3)
776;22.976;64.07192;0.1869678;1;1;1;72.60908;-4.487776;(-0.2, 1.7, -0.3)
777;22.991;63.98275;0.1726706;0;0;0;72.4649;-4.461168;(-0.2, 1.7, -0.3)
778;23.018;63.87281;0.05694877;0;0;0;72.16364;-4.408231;(-0.2, 1.7, -0.3)
779;23.053;63.71841;0.05089992;0;0;0;72.01498;-4.386689;(-0.2, 1.7, -0.3)
780;23.076;63.54565;-0.7399964;0;0;0;71.51913;-4.31388;(-0.2, 1.7, -0.3)
781;23.090;63.2642;-0.7713516;0;0;0;71.34014;-4.282906;(-0.2, 1.7, -0.3)
782;23.105;63.28197;-1.15441;0;0;0;71.1377;-4.243047;(-0.2, 1.7, -0.3)
783;23.133;63.23407;-1.227537;0;0;0;70.71336;-4.142319;(-0.2, 1.7, -0.3)
784;23.161;63.16311;-1.273263;0;0;0;70.1749;-3.96466;(-0.2, 1.7, -0.3)
785;23.175;63.26571;-1.295009;0;0;0;69.88599;-3.867062;(-0.2, 1.7, -0.3)
786;23.218;63.21895;-1.284405;0;0;0;69.58271;-3.763984;(-0.2, 1.7, -0.3)
787;23.232;63.20493;-1.276475;0;0;0;69.26572;-3.64423;(-0.2, 1.7, -0.3)
788;23.247;61.035;-1.604659;1;1;1;68.14969;-3.113743;(-0.2, 1.7, -0.3)SaccadeStart;
789;23.261;57.32754;-0.1757403;1;0;1;67.75002;-2.909701;(-0.2, 1.7, -0.3)
790;23.276;56.99062;-0.02963876;0;0;0;67.33574;-2.700659;(-0.2, 1.7, -0.3)
791;23.291;57.10149;-0.09553705;0;0;0;66.90663;-2.496672;(-0.2, 1.7, -0.3)
792;23.318;57.01104;-0.02424177;0;0;0;65.98199;-2.103073;(-0.2, 1.7, -0.3)
793;23.334;57.10491;-0.03796216;0;0;0;65.52194;-1.918966;(-0.2, 1.7, -0.3)
794;23.360;57.14007;-0.07560248;0;0;0;64.56515;-1.562308;(-0.2, 1.7, -0.3)
795;23.376;57.0635;-0.05281827;0;0;0;64.11262;-1.417309;(-0.2, 1.7, -0.3)
796;23.389;56.85096;-0.005007762;0;0;0;63.67216;-1.293429;(-0.2, 1.7, -0.3)
797;23.404;56.68579;-0.1415687;0;0;0;63.24332;-1.18878;(-0.2, 1.7, -0.3)
798;23.418;56.65511;-0.1316553;0;0;0;62.79274;-1.085844;(-0.2, 1.7, -0.3)
799;23.433;56.45781;-0.09523444;0;0;0;62.37605;-0.9867611;(-0.2, 1.7, -0.3)
800;23.448;56.57961;-0.1180458;0;0;0;61.93644;-0.8885437;(-0.2, 1.7, -0.3)
801;23.464;56.43526;-0.08479731;0;0;0;61.53682;-0.814716;(-0.2, 1.7, -0.3)
802;23.490;54.44546;-0.6260695;1;0;1;60.79502;-0.7257669;(-0.2, 1.7, -0.3)SaccadeStart;
803;23.504;52.46828;0.6284465;0;0;1;60.45994;-0.7098398;(-0.2, 1.7, -0.3)
804;23.520;52.32381;0.7235848;0;0;0;60.12637;-0.709401;(-0.2, 1.7, -0.3)
805;23.551;52.13256;0.7648506;0;0;0;59.58335;-0.7422087;(-0.2, 1.7, -0.3)
806;23.565;51.78908;0.6167246;0;0;0;59.3355;-0.7717669;(-0.2, 1.7, -0.3)
807;23.589;51.72217;0.5278352;0;0;0;58.95987;-0.8494269;(-0.2, 1.7, -0.3)
808;23.632;51.56594;0.4831439;0;0;0;58.81593;-0.8988886;(-0.2, 1.7, -0.3)
809;23.647;51.10045;0.3108072;0;0;0;58.5187;-1.082711;(-0.2, 1.7, -0.3)
810;23.674;50.86185;0.1359473;0;0;0;58.4001;-1.194154;(-0.2, 1.7, -0.3)
811;23.689;50.83033;0.1818921;0;0;0;58.35735;-1.236599;(-0.2, 1.7, -0.3)
812;23.733;50.79957;0.1788992;0;0;0;58.32132;-1.275101;(-0.2, 1.7, -0.3)
813;23.749;50.76823;0.1742736;0;0;0;58.29038;-1.314591;(-0.2, 1.7, -0.3)
814;23.798;49.50475;-2.061796;1;0;1;58.21555;-1.435129;(-0.2, 1.7, -0.3)SaccadeStart;
815;23.813;49.02427;-6.164113;1;0;1;58.1978;-1.48474;(-0.2, 1.7, -0.3)
816;23.835;49.05164;-6.252247;0;0;0;58.18071;-1.541462;(-0.2, 1.7, -0.3)
817;23.862;49.02356;-6.27604;0;0;0;58.13308;-1.603717;(-0.2, 1.7, -0.3)
818;23.877;49.04811;-6.287974;0;0;0;58.09536;-1.63252;(-0.2, 1.7, -0.3)
819;23.920;49.01161;-6.316355;0;0;0;57.93501;-1.736063;(-0.2, 1.7, -0.3)
820;23.933;49.01183;-6.351769;0;0;0;57.8674;-1.769927;(-0.2, 1.7, -0.3)
821;23.964;49.03374;-6.345581;0;0;0;57.70416;-1.829296;(-0.2, 1.7, -0.3)
822;23.993;49.07711;-6.431152;0;0;0;57.51067;-1.880693;(-0.2, 1.7, -0.3)
823;24.010;49.09057;-6.479468;0;0;0;57.39933;-1.907408;(-0.2, 1.7, -0.3)
824;24.057;49.12715;-6.51594;0;0;0;57.14242;-1.973723;(-0.2, 1.7, -0.3)
825;24.076;48.42456;-8.649768;1;0;1;56.70104;-2.083353;(-0.2, 1.7, -0.3)SaccadeStart;
826;24.106;48.18339;-8.755838;0;0;0;56.38938;-2.134211;(-0.2, 1.7, -0.3)
827;24.133;48.25321;-8.966681;0;0;0;56.02032;-2.169512;(-0.2, 1.7, -0.3)
828;24.149;48.1974;-9.037172;0;0;0;55.81782;-2.182937;(-0.2, 1.7, -0.3)
829;24.164;48.16617;-9.11623;0;0;0;55.58052;-2.193444;(-0.2, 1.7, -0.3)
830;24.190;48.04753;-9.199912;0;0;0;55.078;-2.212957;(-0.2, 1.7, -0.3)
831;24.236;48.01643;-9.240582;0;0;0;54.80519;-2.214122;(-0.2, 1.7, -0.3)
832;24.250;48.09146;-9.269717;0;0;0;54.49856;-2.202693;(-0.2, 1.7, -0.3)
833;24.276;48.46518;-9.406953;0;0;0;53.24063;-2.134733;(-0.2, 1.7, -0.3)
834;24.293;47.93512;-9.447716;0;0;0;52.9088;-2.116696;(-0.2, 1.7, -0.3)
835;24.320;47.8944;-9.442342;0;0;0;52.181;-2.077134;(-0.2, 1.7, -0.3)
836;24.349;47.8783;-9.533725;0;0;0;51.37171;-2.039873;(-0.2, 1.7, -0.3)
837;24.376;47.30046;-9.697056;0;0;0;50.50361;-2.008227;(-0.2, 1.7, -0.3)
838;24.391;42.12314;-9.615894;1;1;1;50.04717;-1.983969;(-0.2, 1.7, -0.3)SaccadeStart;
839;24.405;39.59164;-9.252885;1;1;1;49.59109;-1.952798;(-0.2, 1.7, -0.3)
840;24.432;39.53818;-9.217321;0;0;0;48.65204;-1.883594;(-0.2, 1.7, -0.3)
841;24.447;39.21088;-9.193724;0;0;0;48.18823;-1.839383;(-0.2, 1.7, -0.3)
842;24.462;39.41776;-9.196699;0;0;0;47.68436;-1.786432;(-0.2, 1.7, -0.3)
843;24.475;39.27391;-9.170766;0;0;0;47.21424;-1.734435;(-0.2, 1.7, -0.2)
844;24.505;39.14758;-9.155663;0;0;0;46.27502;-1.624192;(-0.2, 1.7, -0.2)
845;24.522;39.29693;-9.190264;0;0;0;45.78601;-1.563061;(-0.2, 1.7, -0.2)
846;24.550;39.17295;-9.190238;0;0;0;44.91345;-1.438213;(-0.2, 1.7, -0.2)
847;24.577;39.11114;-9.252443;0;0;0;44.04675;-1.272899;(-0.2, 1.7, -0.2)
848;24.605;38.78928;-9.225391;0;0;0;43.24957;-1.117708;(-0.2, 1.7, -0.2)
849;24.655;38.71742;-9.331941;0;0;0;42.45473;-0.9854529;(-0.2, 1.7, -0.2)
850;24.686;34.47028;-8.601148;1;1;1;41.31812;-0.8162509;(-0.2, 1.7, -0.2)SaccadeStart;
851;24.751;33.66774;-8.341652;0;0;0;40.61972;-0.7049634;(-0.2, 1.7, -0.2)
852;24.767;33.22322;-8.297756;0;0;0;39.93273;-0.6057276;(-0.2, 1.7, -0.2)
853;24.790;33.79488;-8.366168;0;0;0;38.62126;-0.6646221;(-0.2, 1.7, -0.2)
854;24.840;33.08204;-8.326025;0;0;0;37.91489;-0.8126302;(-0.2, 1.7, -0.2)
855;24.855;32.96182;-8.35952;0;0;0;37.1713;-0.974258;(-0.2, 1.7, -0.2)
856;24.876;33.20427;-8.307694;0;0;0;36.29711;-1.143321;(-0.2, 1.7, -0.2)
857;24.890;32.8842;-8.381968;0;0;0;35.8296;-1.227252;(-0.2, 1.7, -0.2)
858;24.905;33.03698;-8.419061;0;0;0;35.33673;-1.317024;(-0.2, 1.7, -0.2)
859;24.918;33.0002;-8.496452;0;0;0;34.7873;-1.416332;(-0.2, 1.7, -0.2)
860;24.933;32.82469;-8.536973;0;0;0;34.25648;-1.507625;(-0.2, 1.7, -0.2)
861;24.961;31.50367;-8.571148;0;0;0;33.10764;-1.67227;(-0.2, 1.7, -0.2)
862;24.975;26.78279;-8.39158;1;1;1;32.53442;-1.731073;(-0.2, 1.7, -0.2)SaccadeStart;
863;24.991;26.73548;-8.338989;0;0;0;31.95187;-1.776769;(-0.2, 1.7, -0.2)
864;25.018;26.56551;-8.354346;0;0;0;30.72061;-1.812932;(-0.2, 1.7, -0.2)
865;25.056;26.4407;-8.366606;0;0;0;30.11852;-1.805392;(-0.2, 1.7, -0.2)
866;25.075;27.56351;-8.436435;1;1;1;28.28311;-1.744881;(-0.2, 1.7, -0.2)SaccadeStart;
867;25.090;26.63388;-8.525066;0;1;1;27.69994;-1.71836;(-0.2, 1.7, -0.2)
868;25.105;26.42803;-8.51601;0;0;0;27.0837;-1.685527;(-0.2, 1.7, -0.2)
869;25.119;26.34615;-8.515928;0;0;0;26.55381;-1.647772;(-0.2, 1.7, -0.2)
870;25.132;25.63278;-8.549347;1;1;1;25.94374;-1.591448;(-0.2, 1.7, -0.2)SaccadeStart;
871;25.147;23.29464;-7.855729;1;1;1;25.38043;-1.532947;(-0.2, 1.7, -0.2)
872;25.162;20.68754;-7.007792;1;0;1;24.82715;-1.472459;(-0.2, 1.7, -0.2)
873;25.175;19.92331;-6.578794;1;0;1;24.25456;-1.406567;(-0.2, 1.7, -0.2)
874;25.191;19.88853;-6.592131;0;0;0;23.74561;-1.34759;(-0.2, 1.7, -0.2)
875;25.249;19.59896;-6.234906;0;0;0;23.2642;-1.285293;(-0.2, 1.7, -0.2)
876;25.265;19.47905;-6.171785;0;0;0;22.36098;-1.125083;(-0.2, 1.7, -0.2)
877;25.288;20.16239;-6.282303;0;0;0;20.93933;-0.7072118;(-0.2, 1.7, -0.2)
878;25.303;19.58009;-6.113715;0;0;0;20.63836;-0.5910172;(-0.2, 1.7, -0.2)
879;25.320;19.51907;-6.10036;0;0;0;20.33119;-0.4689656;(-0.2, 1.7, -0.2)
880;25.335;19.47628;-6.077226;0;0;0;20.06163;-0.3618497;(-0.2, 1.7, -0.2)
881;25.361;17.24075;-5.250447;1;0;1;19.55378;-0.1618164;(-0.2, 1.7, -0.2)SaccadeStart;
882;25.375;13.14978;-1.26481;1;0;1;19.33195;-0.06752139;(-0.2, 1.7, -0.2)
883;25.390;12.29931;-1.121552;0;1;1;19.11969;0.02096558;(-0.2, 1.7, -0.2)
884;25.407;11.95239;-0.9397219;0;0;0;18.90259;0.1035156;(-0.2, 1.7, -0.2)
885;25.432;11.91805;-1.034033;0;0;0;18.51612;0.2052307;(-0.2, 1.7, -0.2)
886;25.445;11.78277;-1.200052;0;0;0;18.32401;0.2306213;(-0.2, 1.7, -0.2)
887;25.460;11.68266;-1.102854;0;0;0;18.11404;0.2466125;(-0.2, 1.7, -0.2)
888;25.475;11.53255;-1.090458;0;0;0;17.91496;0.2593079;(-0.2, 1.7, -0.2)
889;25.490;11.54729;-1.016432;0;0;0;17.71185;0.2685852;(-0.2, 1.7, -0.2)
890;25.505;11.44714;-0.9238191;0;0;0;17.48877;0.2703247;(-0.2, 1.7, -0.2)
891;25.532;11.4662;-0.8484118;0;0;0;17.05925;0.2502136;(-0.2, 1.7, -0.2)
892;25.546;11.39883;-0.7337518;0;0;0;16.84101;0.2333984;(-0.2, 1.7, -0.2)
893;25.565;11.33307;-0.7382455;0;0;0;16.57537;0.2153625;(-0.2, 1.7, -0.2)
894;25.590;11.32361;-0.7226629;0;0;0;16.17727;0.1852112;(-0.2, 1.7, -0.2)
895;25.603;11.14445;-0.702831;0;0;0;15.963;0.1629028;(-0.2, 1.7, -0.2)
896;25.618;11.07744;-0.4879123;0;0;0;15.73169;0.1317749;(-0.2, 1.7, -0.2)
897;25.658;11.04901;-0.4854854;0;0;0;15.51299;0.0965271;(-0.2, 1.7, -0.2)
898;25.673;11.37414;-0.1680968;0;0;0;14.83547;-0.02141257;(-0.2, 1.7, -0.2)
899;25.696;10.87272;-0.2466376;0;0;0;14.5977;-0.06382953;(-0.2, 1.7, -0.2)
900;25.755;9.639548;-1.051925;0;0;0;14.34595;-0.1053239;(-0.2, 1.7, -0.2)
901;25.772;5.767745;-2.288962;1;1;1;13.79421;-0.1833877;(-0.2, 1.7, -0.2)SaccadeStart;
902;25.790;3.386019;-3.155379;1;0;1;12.71388;-0.2952863;(-0.2, 1.7, -0.2)
903;25.826;2.617032;-3.204007;0;0;0;12.21392;-0.3465224;(-0.2, 1.7, -0.2)
904;25.847;2.480632;-3.533363;0;0;0;11.75527;-0.4082142;(-0.2, 1.7, -0.2)
905;25.861;2.582968;-3.517416;0;0;0;11.55819;-0.4360582;(-0.2, 1.7, -0.2)
906;25.889;2.605576;-3.503628;0;0;0;11.13194;-0.5039819;(-0.2, 1.7, -0.2)
907;25.910;2.534187;-3.53976;0;0;0;10.93304;-0.5449366;(-0.2, 1.7, -0.2)
908;25.934;2.499042;-3.55516;0;0;0;10.54654;-0.6570521;(-0.2, 1.7, -0.2)
909;25.962;2.833505;-3.575672;0;0;0;10.24988;-0.7574227;(-0.2, 1.7, -0.2)
910;25.990;2.916412;-3.580406;0;0;0;10.02987;-0.8577936;(-0.2, 1.7, -0.2)
911;26.007;2.945873;-3.584036;0;0;0;9.949139;-0.909991;(-0.2, 1.7, -0.2)
912;26.049;2.945662;-3.598576;0;0;0;9.832978;-0.9981854;(-0.2, 1.7, -0.2)
913;26.075;3.111422;-3.548148;0;0;0;9.733224;-1.070799;(-0.2, 1.7, -0.2)
914;26.091;5.20577;-4.760206;1;0;1;9.710196;-1.083611;(-0.2, 1.7, -0.2)SaccadeStart;
915;26.117;5.233642;-4.769918;0;0;0;9.665359;-1.080259;(-0.2, 1.7, -0.2)
916;26.135;5.161983;-4.782466;0;0;0;9.645101;-1.062846;(-0.2, 1.7, -0.2)
917;26.161;5.132309;-4.778879;0;0;0;9.611135;-0.9908485;(-0.2, 1.7, -0.2)
918;26.176;5.06619;-4.82406;0;0;0;9.594319;-0.9476404;(-0.2, 1.7, -0.2)
919;26.204;5.046355;-4.839813;0;0;0;9.558639;-0.8625991;(-0.2, 1.7, -0.3)
920;26.269;5.023069;-4.822777;0;0;0;9.545048;-0.8199421;(-0.2, 1.7, -0.3)
921;26.284;4.967229;-4.892971;0;0;0;9.535069;-0.7701866;(-0.2, 1.7, -0.3)
922;26.306;4.885538;-4.831059;0;0;0;9.570953;-0.7621544;(-0.2, 1.7, -0.3)
923;26.332;4.857375;-4.818429;0;0;0;9.635672;-0.7377449;(-0.2, 1.7, -0.3)
924;26.346;4.767529;-4.858348;0;0;0;9.676759;-0.7146373;(-0.2, 1.7, -0.3)
925;26.364;4.775704;-4.841893;0;0;0;9.716465;-0.6851673;(-0.2, 1.7, -0.3)
926;26.390;4.788332;-4.852224;0;0;0;9.769251;-0.6068749;(-0.2, 1.7, -0.3)
927;26.405;4.751683;-4.783498;0;0;0;9.781655;-0.5593893;(-0.2, 1.7, -0.3)
928;26.420;4.818706;-4.724604;0;0;0;9.784369;-0.5045114;(-0.2, 1.7, -0.3)
929;26.433;6.423242;-3.921319;1;0;1;9.776943;-0.4516204;(-0.2, 1.7, -0.3)SaccadeStart;
930;26.464;11.74619;-1.740175;1;0;1;9.748059;-0.3436453;(-0.2, 1.7, -0.3)
931;26.491;11.40265;-1.375913;0;0;0;9.714181;-0.2680886;(-0.2, 1.7, -0.3)
932;26.519;11.37249;-1.26484;0;0;0;9.681855;-0.2386126;(-0.2, 1.7, -0.3)
933;26.549;11.35108;-1.183391;0;0;0;9.645848;-0.2678573;(-0.2, 1.7, -0.3)
934;26.577;11.33631;-1.057353;0;0;0;9.605653;-0.3379852;(-0.2, 1.7, -0.3)
935;26.591;11.33779;-0.9591984;0;0;0;9.583556;-0.3706827;(-0.2, 1.7, -0.3)
936;26.618;11.33923;-0.9414188;0;0;0;9.528228;-0.4597213;(-0.2, 1.7, -0.3)
937;26.634;11.32566;-0.8846144;0;0;0;9.498359;-0.5120428;(-0.2, 1.7, -0.3)
938;26.675;11.29594;-0.8553898;0;0;0;9.4688;-0.5701221;(-0.2, 1.7, -0.3)
939;26.690;11.3394;-0.2231682;0;0;0;9.371613;-0.7884275;(-0.2, 1.7, -0.3)
940;26.720;11.26099;-0.3429981;0;0;0;9.295784;-0.9574624;(-0.2, 1.7, -0.3)
941;26.780;11.02168;0.1174229;0;0;0;9.252386;-1.043468;(-0.2, 1.7, -0.3)
942;26.793;10.96652;0.2355253;0;0;0;9.140285;-1.232401;(-0.2, 1.7, -0.2)
943;26.817;0.6546944;-4.567561;1;0;1;8.867713;-1.624616;(-0.2, 1.7, -0.2)SaccadeStart;
944;26.833;0.3822753;-4.895718;0;0;0;8.791614;-1.714233;(-0.2, 1.7, -0.2)
945;26.847;0.324093;-4.934462;0;0;0;8.72214;-1.787243;(-0.2, 1.7, -0.2)
946;26.860;0.2887928;-4.954027;0;0;0;8.648983;-1.855249;(-0.2, 1.7, -0.2)
947;26.875;0.3686426;-5.182509;0;0;0;8.58212;-1.908371;(-0.2, 1.7, -0.2)
948;26.890;0.4288985;-5.279505;0;0;0;8.515748;-1.951922;(-0.2, 1.7, -0.2)
949;26.919;0.4260156;-5.323666;0;0;0;8.389633;-2.024594;(-0.2, 1.7, -0.2)
950;26.945;0.4729442;-5.575279;0;0;0;8.28915;-2.060988;(-0.2, 1.7, -0.2)
951;26.959;-0.3548459;-6.214995;1;0;1;8.25027;-2.066333;(-0.2, 1.7, -0.2)SaccadeStart;
952;26.976;-3.32676;-6.986334;1;1;1;8.216756;-2.071576;(-0.2, 1.7, -0.2)
953;26.990;-4.609788;-7.25084;1;1;1;8.192715;-2.07999;(-0.2, 1.7, -0.2)
954;27.006;-5.959039;-7.468446;1;1;1;8.173595;-2.090531;(-0.2, 1.7, -0.2)
955;27.044;-5.973186;-7.476759;0;0;0;8.15719;-2.102058;(-0.2, 1.7, -0.2)
956;27.060;-6.145267;-7.457724;0;0;0;8.109345;-2.103535;(-0.2, 1.7, -0.2)
957;27.074;-6.230866;-7.43944;0;0;0;8.096359;-2.094498;(-0.2, 1.7, -0.2)
958;27.091;-6.241215;-7.436473;0;0;0;8.085887;-2.082551;(-0.2, 1.7, -0.2)
959;27.105;-6.234883;-7.524438;0;0;0;8.077897;-2.068901;(-0.2, 1.7, -0.2)
960;27.119;-6.236159;-7.525936;0;0;0;8.06091;-2.054237;(-0.2, 1.7, -0.2)
961;27.135;-6.224772;-7.552058;0;0;0;8.047947;-2.03789;(-0.2, 1.7, -0.2)
962;27.161;-6.326171;-7.77391;0;0;0;8.023371;-1.989535;(-0.2, 1.7, -0.2)
963;27.189;-6.141719;-8.054178;0;0;0;7.981296;-1.942459;(-0.2, 1.7, -0.2)
964;27.203;-6.115124;-8.05232;0;0;0;7.96134;-1.913047;(-0.2, 1.7, -0.2)
965;27.217;-6.115833;-8.040176;0;0;0;7.938626;-1.872672;(-0.2, 1.7, -0.2)
966;27.231;-6.114537;-8.033099;0;0;0;7.912089;-1.833565;(-0.2, 1.7, -0.2)
967;27.246;-6.063809;-8.088248;0;0;0;7.87926;-1.804067;(-0.2, 1.7, -0.2)
968;27.288;-6.051869;-8.107425;0;0;0;7.838488;-1.784761;(-0.2, 1.7, -0.2)
969;27.301;-5.944599;-8.167127;0;0;0;7.796748;-1.775494;(-0.2, 1.7, -0.2)
970;27.317;-5.878998;-8.165181;0;0;0;7.689707;-1.777105;(-0.2, 1.7, -0.2)
971;27.334;-5.950277;-8.178884;0;0;0;7.672251;-1.781556;(-0.2, 1.7, -0.2)
972;27.362;-5.933737;-8.180661;0;0;0;7.672352;-1.805145;(-0.2, 1.7, -0.2)
973;27.377;-5.933567;-8.185688;0;0;0;7.686546;-1.831764;(-0.2, 1.7, -0.2)
974;27.404;-5.970967;-8.199957;0;0;0;7.731856;-1.908158;(-0.2, 1.7, -0.2)
975;27.433;-6.059717;-7.865214;0;0;0;7.787153;-1.991345;(-0.2, 1.7, -0.2)
976;27.447;-6.112714;-7.814039;0;0;0;7.814204;-2.037727;(-0.2, 1.7, -0.2)
977;27.464;-6.114058;-7.792628;0;0;0;7.840865;-2.090106;(-0.2, 1.7, -0.2)
978;27.478;-6.262976;-7.850275;0;0;0;7.871085;-2.151565;(-0.2, 1.7, -0.2)
979;27.505;-5.528877;-8.214203;0;0;0;7.937967;-2.271323;(-0.2, 1.7, -0.3)
980;27.521;-0.8624567;-10.48804;1;0;1;7.978502;-2.336214;(-0.2, 1.7, -0.3)SaccadeStart;
981;27.550;-0.8495764;-10.50235;0;0;0;8.067799;-2.471474;(-0.2, 1.7, -0.3)
982;27.577;-0.6444744;-10.1884;0;0;0;8.18727;-2.645405;(-0.2, 1.7, -0.3)
983;27.590;-0.3879563;-10.23073;0;0;0;8.252151;-2.741083;(-0.2, 1.7, -0.3)
984;27.605;-0.3476852;-10.2566;0;0;0;8.32408;-2.850096;(-0.2, 1.7, -0.3)
985;27.619;0.1324465;-10.37025;0;0;0;8.409124;-2.985377;(-0.2, 1.7, -0.3)
986;27.636;0.3078827;-10.53656;0;0;0;8.498906;-3.122645;(-0.2, 1.7, -0.3)
987;27.696;0.5888993;-10.9923;0;0;0;8.712113;-3.411706;(-0.2, 1.7, -0.3)
988;27.718;1.006136;-10.48987;0;0;0;9.296578;-4.140852;(-0.2, 1.7, -0.2)
989;27.734;1.842321;-11.20694;1;0;1;9.473378;-4.348823;(-0.2, 1.7, -0.2)SaccadeStart;
990;27.803;4.671473;-13.47434;1;0;1;9.887701;-4.75793;(-0.2, 1.7, -0.2)
991;27.840;5.592807;-15.47451;1;0;1;10.10426;-4.944791;(-0.2, 1.7, -0.2)
992;27.856;6.458354;-14.82034;0;0;1;11.40715;-5.61135;(-0.2, 1.7, -0.2)
993;27.876;8.348873;-15.59396;1;0;1;11.95409;-5.721079;(-0.2, 1.7, -0.2)SaccadeStart;
994;27.892;8.70575;-15.75292;0;0;0;12.20824;-5.75878;(-0.2, 1.7, -0.2)
995;27.921;8.844344;-15.79175;0;0;0;12.71836;-5.769128;(-0.2, 1.7, -0.2)
996;27.948;9.354299;-15.79366;0;0;0;13.18059;-5.691092;(-0.2, 1.7, -0.2)
997;27.976;8.527697;-15.32864;0;0;0;13.60722;-5.57896;(-0.2, 1.7, -0.2)
998;27.990;5.686241;-12.42464;1;0;1;13.78705;-5.522242;(-0.2, 1.7, -0.2)SaccadeStart;
999;28.006;5.505904;-12.44001;0;0;0;13.94478;-5.467404;(-0.2, 1.7, -0.2)
1000;28.047;5.517583;-12.42636;0;0;0;14.20941;-5.36251;(-0.2, 1.7, -0.2)
1001;28.065;5.374651;-12.54531;0;0;0;14.41638;-5.235231;(-0.2, 1.7, -0.2)
1002;28.091;5.439707;-12.5216;0;0;0;14.59653;-5.057919;(-0.2, 1.7, -0.2)
1003;28.117;5.444393;-12.56622;0;0;0;14.76506;-4.84126;(-0.2, 1.7, -0.2)
1004;28.135;8.365157;-9.493438;1;0;1;14.84338;-4.718085;(-0.2, 1.7, -0.2)SaccadeStart;
1005;28.148;8.469458;-8.561878;0;0;1;14.92004;-4.588333;(-0.2, 1.7, -0.2)
1006;28.175;9.421348;-6.271178;1;0;1;15.06477;-4.308033;(-0.2, 1.7, -0.2)SaccadeStart;
1007;28.203;9.310665;-5.99504;0;0;0;15.18757;-4.014626;(-0.2, 1.7, -0.2)
1008;28.218;9.377194;-5.984436;0;0;0;15.2395;-3.882028;(-0.2, 1.7, -0.2)
1009;28.233;9.392735;-5.951841;0;0;0;15.28457;-3.754847;(-0.2, 1.7, -0.2)
1010;28.308;9.285569;-6.409541;0;0;0;15.33934;-3.567374;(-0.2, 1.7, -0.2)
1011;28.326;9.311768;-6.515701;0;0;0;15.35125;-3.424012;(-0.2, 1.7, -0.2)
1012;28.346;9.376757;-6.654405;0;0;0;15.33778;-3.237805;(-0.2, 1.7, -0.3)
1013;28.361;9.413546;-6.581524;0;0;0;15.33697;-3.198425;(-0.2, 1.7, -0.3)
1014;28.377;9.51574;-6.723106;0;0;0;15.33263;-3.159276;(-0.2, 1.7, -0.3)
1015;28.405;9.579342;-6.888907;0;0;0;15.3068;-3.107082;(-0.2, 1.7, -0.3)
1016;28.434;9.974982;-5.895936;0;0;0;15.27814;-3.073289;(-0.2, 1.7, -0.3)
1017;28.449;11.14924;-2.610357;1;0;1;15.26985;-3.06702;(-0.2, 1.7, -0.3)SaccadeStart;
1018;28.477;11.16164;-2.575759;0;0;0;15.25889;-3.07393;(-0.2, 1.7, -0.3)
1019;28.490;11.15497;-2.54741;0;0;0;15.25155;-3.076855;(-0.2, 1.7, -0.3)
1020;28.506;11.21311;-2.499062;0;0;0;15.24164;-3.075477;(-0.2, 1.7, -0.3)
1021;28.520;11.24615;-2.494195;0;0;0;15.22967;-3.071308;(-0.2, 1.7, -0.3)
1022;28.548;11.31503;-2.542778;0;0;0;15.20675;-3.063786;(-0.2, 1.7, -0.3)
1023;28.576;11.39733;-2.598659;0;0;0;15.18686;-3.051269;(-0.2, 1.7, -0.3)
1024;28.591;11.44005;-2.658313;0;0;0;15.1791;-3.041601;(-0.2, 1.7, -0.3)
1025;28.618;11.45044;-2.693677;0;0;0;15.17062;-3.008467;(-0.2, 1.7, -0.3)
1026;28.634;11.49565;-2.823495;0;0;0;15.17067;-2.990539;(-0.2, 1.7, -0.3)
1027;28.649;11.50288;-2.893147;0;0;0;15.17364;-2.975936;(-0.2, 1.7, -0.3)
1028;28.705;11.52991;-2.900875;0;0;0;15.18976;-2.943939;(-0.2, 1.7, -0.3)
1029;28.722;11.76291;-3.216495;0;0;0;15.25609;-2.886879;(-0.2, 1.7, -0.3)
1030;28.748;11.80757;-3.14089;0;0;0;15.30473;-2.877836;(-0.2, 1.7, -0.3)
1031;28.762;11.86675;-3.125533;0;0;0;15.32995;-2.880754;(-0.2, 1.7, -0.2)
1032;28.832;11.93767;-3.147591;0;0;0;15.37265;-2.913415;(-0.2, 1.7, -0.2)
1033;28.849;12.20399;-3.260568;0;0;0;15.3742;-2.930477;(-0.2, 1.7, -0.2)
1034;28.875;12.25695;-3.155058;0;0;0;15.36236;-3.035651;(-0.2, 1.7, -0.3)
1035;28.897;12.31544;-3.242873;0;0;0;15.36361;-3.0582;(-0.2, 1.7, -0.3)
1036;28.910;12.3232;-3.262977;0;0;0;15.36535;-3.0782;(-0.2, 1.7, -0.3)
1037;28.932;12.37215;-3.326044;0;0;0;15.36945;-3.12396;(-0.2, 1.7, -0.3)
1038;28.948;12.39127;-3.347796;0;0;0;15.37052;-3.147496;(-0.2, 1.7, -0.3)
1039;28.964;12.40666;-3.343666;0;0;0;15.37176;-3.173208;(-0.2, 1.7, -0.3)
1040;28.991;12.47595;-3.299892;0;0;0;15.37695;-3.216098;(-0.2, 1.7, -0.3)
1041;29.006;12.58614;-3.38455;0;0;0;15.38327;-3.23777;(-0.2, 1.7, -0.3)
1042;29.034;12.58846;-3.394744;0;0;0;15.40084;-3.284056;(-0.2, 1.7, -0.3)
1043;29.060;14.81139;-4.535795;1;0;1;15.41273;-3.322173;(-0.2, 1.7, -0.3)SaccadeStart;
1044;29.077;15.75792;-5.300948;1;0;1;15.41532;-3.341633;(-0.2, 1.7, -0.3)
1045;29.103;15.84526;-5.453552;0;0;0;15.41371;-3.362842;(-0.2, 1.7, -0.3)
1046;29.119;15.92283;-5.759802;0;0;0;15.41094;-3.367192;(-0.2, 1.7, -0.3)
1047;29.132;15.93554;-5.766978;0;0;0;15.40733;-3.369204;(-0.2, 1.7, -0.3)
1048;29.149;15.95151;-5.905192;0;0;0;15.40506;-3.366413;(-0.2, 1.7, -0.3)
1049;29.164;15.95325;-5.907531;0;0;0;15.4049;-3.36034;(-0.2, 1.7, -0.3)
1050;29.189;16.00264;-6.0277;0;0;0;15.41129;-3.351321;(-0.2, 1.7, -0.3)
1051;29.204;16.00408;-6.031087;0;0;0;15.41542;-3.347796;(-0.2, 1.7, -0.3)
1052;29.217;16.01314;-6.048432;0;0;0;15.41722;-3.347112;(-0.2, 1.7, -0.3)
1053;29.232;16.01557;-6.051222;0;0;0;15.41774;-3.348848;(-0.2, 1.7, -0.3)
1054;29.251;16.02818;-6.097229;0;0;0;15.41801;-3.352974;(-0.2, 1.7, -0.3)
1055;29.273;16.03725;-6.10299;0;0;0;15.42393;-3.36172;(-0.2, 1.7, -0.3)
1056;29.288;16.0446;-6.109879;0;0;0;15.42995;-3.364132;(-0.2, 1.7, -0.3)
1057;29.303;16.05483;-6.120941;0;0;0;15.43731;-3.36646;(-0.2, 1.7, -0.3)
1058;29.350;16.05916;-6.125821;0;0;0;15.4468;-3.3699;(-0.2, 1.7, -0.3)
1059;29.366;16.05413;-6.179258;0;0;0;15.45706;-3.373207;(-0.2, 1.7, -0.3)
1060;29.389;15.78525;-8.381223;1;0;1;15.49816;-3.38386;(-0.2, 1.7, -0.3)SaccadeStart;
1061;29.404;15.81046;-8.392437;0;0;0;15.50456;-3.386054;(-0.2, 1.7, -0.3)
1062;29.417;15.79818;-8.421572;0;0;0;15.50959;-3.388317;(-0.2, 1.7, -0.3)
1063;29.432;15.80387;-8.440775;0;0;0;15.51384;-3.390517;(-0.2, 1.7, -0.3)
1064;29.448;15.80612;-8.457951;0;0;0;15.51913;-3.393084;(-0.2, 1.7, -0.3)
1065;29.479;15.80703;-8.491601;0;0;0;15.52516;-3.401905;(-0.2, 1.7, -0.3)
1066;29.505;15.80708;-8.508708;0;0;0;15.52584;-3.415;(-0.2, 1.7, -0.3)
1067;29.520;15.80201;-8.528199;0;0;0;15.52293;-3.426628;(-0.2, 1.7, -0.3)
1068;29.549;15.80421;-8.611042;0;0;0;15.51105;-3.454685;(-0.2, 1.7, -0.3)
1069;29.577;15.82756;-8.707137;0;0;0;15.49068;-3.480531;(-0.2, 1.7, -0.3)
1070;29.593;15.82946;-8.743217;0;0;0;15.48198;-3.490199;(-0.2, 1.7, -0.3)
1071;29.619;18.11749;-6.988426;1;0;1;15.46917;-3.504069;(-0.2, 1.7, -0.3)SaccadeStart;
1072;29.650;20.61493;0.9380567;0;0;1;15.4699;-3.503084;(-0.2, 1.7, -0.3)
1073;29.712;20.64277;0.9218441;0;0;0;15.47354;-3.48983;(-0.2, 1.7, -0.3)
1074;29.741;20.52861;-0.3314323;0;0;0;15.4463;-3.456503;(-0.2, 1.7, -0.3)
1075;29.758;20.50848;-0.3664636;0;0;0;15.43242;-3.452846;(-0.2, 1.7, -0.3)
1076;29.776;20.51464;-0.3613752;0;0;0;15.40678;-3.457872;(-0.2, 1.7, -0.3)
1077;29.806;20.49721;-0.3694057;0;0;0;15.39107;-3.471005;(-0.2, 1.7, -0.3)
1078;29.868;20.4619;-0.6675534;0;0;0;15.38762;-3.47859;(-0.2, 1.7, -0.3)
1079;29.886;20.45017;-0.7020316;0;0;0;15.38548;-3.496045;(-0.2, 1.7, -0.3)
1080;29.907;20.47135;-0.8382274;0;0;0;15.3811;-3.532212;(-0.2, 1.7, -0.3)
1081;29.932;20.47421;-0.9065765;0;0;0;15.38079;-3.550759;(-0.2, 1.7, -0.3)
1082;29.948;20.41388;-0.9964423;0;0;0;15.38585;-3.565723;(-0.2, 1.7, -0.3)
1083;29.975;20.41478;-1.011977;0;0;0;15.40118;-3.605875;(-0.2, 1.7, -0.3)
1084;29.989;20.35933;-1.025478;0;0;0;15.40709;-3.631155;(-0.2, 1.7, -0.3)
1085;30.003;20.47156;-1.278891;0;0;0;15.41065;-3.661856;(-0.2, 1.7, -0.3)
1086;30.044;20.79512;-3.670192;1;0;1;15.41214;-3.693638;(-0.2, 1.7, -0.3)SaccadeStart;
1087;30.060;18.78026;-9.926241;1;0;1;15.40739;-3.770076;(-0.2, 1.7, -0.3)
1088;30.077;18.77762;-9.995189;0;0;0;15.40512;-3.788322;(-0.2, 1.7, -0.3)
1089;30.105;18.79466;-10.04726;0;0;0;15.40303;-3.813509;(-0.2, 1.7, -0.3)
1090;30.122;18.83094;-10.14742;0;0;0;15.40441;-3.818169;(-0.2, 1.7, -0.3)
1091;30.148;18.83811;-10.15959;0;0;0;15.40588;-3.818448;(-0.2, 1.7, -0.3)
1092;30.162;18.97909;-10.40306;0;0;0;15.40355;-3.816395;(-0.2, 1.7, -0.3)
1093;30.189;19.05815;-10.53122;0;0;0;15.39912;-3.80458;(-0.2, 1.7, -0.3)
1094;30.204;19.09049;-10.58515;0;0;0;15.40167;-3.793146;(-0.2, 1.7, -0.3)
1095;30.217;19.13008;-10.63728;0;0;0;15.40895;-3.77685;(-0.2, 1.7, -0.3)
1096;30.234;19.15417;-10.80172;0;0;0;15.41806;-3.760405;(-0.2, 1.7, -0.3)
1097;30.248;19.16559;-10.82273;0;0;0;15.42811;-3.750817;(-0.2, 1.7, -0.3)
1098;30.274;19.18859;-10.83212;0;0;0;15.44566;-3.751601;(-0.2, 1.7, -0.3)
1099;30.289;19.28934;-10.97238;0;0;0;15.45313;-3.755339;(-0.2, 1.7, -0.3)
1100;30.304;19.19902;-11.21693;0;0;0;15.45829;-3.755114;(-0.2, 1.7, -0.3)
1101;30.320;15.58682;-13.08443;1;0;1;15.46162;-3.755939;(-0.2, 1.7, -0.3)SaccadeStart;
1102;30.379;15.46197;-13.11068;0;0;0;15.46616;-3.762548;(-0.2, 1.7, -0.3)
1103;30.393;14.94291;-13.73625;1;0;1;15.46914;-3.765978;(-0.2, 1.7, -0.3)SaccadeStart;
1104;30.418;14.87132;-13.89433;0;0;0;15.48656;-3.75761;(-0.2, 1.7, -0.3)
1105;30.434;14.94835;-14.00563;0;0;0;15.486;-3.748078;(-0.2, 1.7, -0.3)
1106;30.447;14.98643;-14.06877;0;0;0;15.4832;-3.738354;(-0.2, 1.7, -0.3)
1107;30.460;15.04456;-14.10759;0;0;0;15.47717;-3.726459;(-0.2, 1.7, -0.3)
1108;30.474;15.10518;-14.14333;0;0;0;15.4716;-3.711698;(-0.2, 1.7, -0.3)
1109;30.489;15.11791;-14.15098;0;0;0;15.46633;-3.69736;(-0.2, 1.7, -0.3)
1110;30.502;15.11332;-14.18835;0;0;0;15.46139;-3.686665;(-0.2, 1.7, -0.3)
1111;30.517;15.05724;-14.21729;0;0;0;15.45639;-3.678093;(-0.2, 1.7, -0.3)
1112;30.532;10.89094;-13.86828;1;1;1;15.45183;-3.670932;(-0.2, 1.7, -0.3)SaccadeStart;
1113;30.547;7.899066;-12.16519;1;0;1;15.44964;-3.665476;(-0.2, 1.7, -0.3)
1114;30.561;7.878111;-12.16687;0;0;0;15.44835;-3.663458;(-0.2, 1.7, -0.3)
1115;30.577;7.73774;-12.23298;0;0;0;15.44877;-3.663733;(-0.2, 1.7, -0.3)
1116;30.605;7.753513;-12.23396;0;0;0;15.45051;-3.657995;(-0.2, 1.7, -0.3)
1117;30.620;7.783753;-12.23918;0;0;0;15.45114;-3.649696;(-0.2, 1.7, -0.3)
1118;30.646;7.801818;-12.23996;0;0;0;15.45226;-3.621219;(-0.2, 1.7, -0.3)
1119;30.661;7.7057;-12.36217;0;0;0;15.45237;-3.603021;(-0.2, 1.7, -0.3)
1120;30.708;7.67913;-12.34881;0;0;0;15.45264;-3.582784;(-0.2, 1.7, -0.3)
1121;30.733;7.191646;-12.60429;0;0;0;15.47962;-3.506162;(-0.2, 1.7, -0.3)
1122;30.761;7.209937;-12.5755;0;0;0;15.51119;-3.491138;(-0.2, 1.7, -0.3)
1123;30.774;7.224632;-12.61378;0;0;0;15.52733;-3.48345;(-0.2, 1.7, -0.3)
1124;30.791;7.253291;-12.65354;0;0;0;15.54578;-3.472042;(-0.2, 1.7, -0.3)
1125;30.804;7.283204;-12.66023;0;0;0;15.56242;-3.461366;(-0.2, 1.7, -0.3)
1126;30.833;12.19279;-9.981073;1;0;1;15.59147;-3.437834;(-0.2, 1.7, -0.3)SaccadeStart;
1127;30.888;18.16154;-6.322386;1;0;1;15.60067;-3.427665;(-0.2, 1.7, -0.3)
1128;30.905;21.57447;-4.170625;1;0;1;15.60591;-3.417867;(-0.2, 1.7, -0.3)
1129;30.934;22.73988;-2.047164;1;0;1;15.59488;-3.352484;(-0.2, 1.7, -0.3)
1130;30.949;23.95181;-1.89435;0;1;1;15.5877;-3.335682;(-0.2, 1.7, -0.3)
1131;30.977;24.11992;-1.857849;0;0;0;15.57256;-3.296184;(-0.2, 1.7, -0.3)
1132;31.004;24.8409;-2.028044;0;0;0;15.56707;-3.26993;(-0.2, 1.7, -0.3)
