Timestamp;Main Camera (1)_position;Main Camera (1)_orientation;messages;
0.00000;Origin: (0.000, 0.000, 0.000), Dir: (0.000, 0.000, 1.000);Origin: (0.000, 0.000, 0.000), Dir: (0.000, 0.000, 1.000);(0.000, 1.600, 0.000);(0.000, 0.000, 0.000, 1.000);
0.02000;Origin: (0.000, 0.000, 0.000), Dir: (0.000, 0.000, 1.000);Origin: (0.000, 0.000, 0.000), Dir: (0.000, 0.000, 1.000);(0.000, 1.600, 0.000);(0.000, 0.000, 0.000, 1.000);
0.35333;Origin: (0.251, 1.567, 0.379), Dir: (-0.256, 0.150, 0.955);Origin: (0.193, 1.570, 0.354), Dir: (-0.593, 0.416, 0.689);(0.222, 1.568, 0.366);(-0.207, -0.195, -0.067, 0.956);
0.63088;Origin: (0.231, 1.592, 0.568), Dir: (-0.310, 0.140, 0.940);Origin: (0.175, 1.588, 0.540), Dir: (-0.667, 0.355, 0.655);(0.203, 1.590, 0.554);(-0.205, -0.226, -0.008, 0.952);
0.77814;Origin: (0.222, 1.607, 0.498), Dir: (0.032, 0.094, 0.995);Origin: (0.159, 1.601, 0.492), Dir: (-0.405, 0.308, 0.861);(0.191, 1.604, 0.495);(-0.180, -0.058, 0.036, 0.981);
0.87684;Origin: (0.231, 1.602, 0.506), Dir: (0.134, 0.020, 0.991);Origin: (0.168, 1.599, 0.506), Dir: (-0.304, 0.259, 0.917);(0.200, 1.601, 0.506);(-0.144, -0.006, 0.022, 0.989);
0.93130;Origin: (0.208, 1.594, 0.394), Dir: (0.382, 0.009, 0.924);Origin: (0.147, 1.593, 0.410), Dir: (-0.052, 0.262, 0.964);(0.177, 1.593, 0.402);(-0.139, 0.123, 0.025, 0.982);
0.95798;Origin: (0.208, 1.588, 0.388), Dir: (0.421, 0.008, 0.907);Origin: (0.147, 1.588, 0.406), Dir: (-0.009, 0.267, 0.964);(0.178, 1.588, 0.397);(-0.140, 0.145, 0.022, 0.979);
0.98124;Origin: (0.208, 1.583, 0.381), Dir: (0.441, 0.010, 0.897);Origin: (0.148, 1.583, 0.401), Dir: (0.015, 0.272, 0.962);(0.178, 1.583, 0.391);(-0.142, 0.156, 0.020, 0.977);
1.01139;Origin: (0.300, 1.622, 0.388), Dir: (0.069, 0.010, 0.998);Origin: (0.237, 1.622, 0.383), Dir: (-0.350, 0.273, 0.896);(0.268, 1.622, 0.385);(-0.143, -0.035, -0.009, 0.989);
1.04516;Origin: (0.305, 1.626, 0.387), Dir: (0.074, 0.012, 0.997);Origin: (0.242, 1.626, 0.383), Dir: (-0.345, 0.274, 0.898);(0.274, 1.626, 0.385);(-0.144, -0.033, -0.008, 0.989);
1.11248;Origin: (0.306, 1.626, 0.385), Dir: (0.079, 0.015, 0.997);Origin: (0.243, 1.627, 0.381), Dir: (-0.342, 0.276, 0.898);(0.274, 1.626, 0.383);(-0.145, -0.031, -0.007, 0.989);
1.13227;Origin: (0.309, 1.621, 0.384), Dir: (0.082, 0.017, 0.996);Origin: (0.247, 1.621, 0.380), Dir: (-0.339, 0.278, 0.899);(0.278, 1.621, 0.382);(-0.146, -0.029, -0.007, 0.989);
1.16782;Origin: (0.314, 1.616, 0.382), Dir: (0.087, 0.024, 0.996);Origin: (0.252, 1.616, 0.378), Dir: (-0.335, 0.284, 0.899);(0.283, 1.616, 0.380);(-0.150, -0.026, -0.005, 0.988);
1.19692;Origin: (0.310, 1.615, 0.380), Dir: (0.086, 0.029, 0.996);Origin: (0.247, 1.615, 0.377), Dir: (-0.337, 0.286, 0.897);(0.278, 1.615, 0.378);(-0.152, -0.027, -0.003, 0.988);
1.26050;Origin: (0.297, 1.615, 0.378), Dir: (0.083, 0.031, 0.996);Origin: (0.235, 1.615, 0.375), Dir: (-0.340, 0.287, 0.895);(0.266, 1.615, 0.377);(-0.153, -0.029, -0.002, 0.988);
1.27985;Origin: (0.295, 1.616, 0.377), Dir: (0.081, 0.031, 0.996);Origin: (0.232, 1.615, 0.373), Dir: (-0.342, 0.287, 0.895);(0.264, 1.615, 0.375);(-0.153, -0.030, -0.002, 0.988);
1.31060;Origin: (0.291, 1.616, 0.374), Dir: (0.075, 0.027, 0.997);Origin: (0.228, 1.616, 0.370), Dir: (-0.347, 0.284, 0.894);(0.260, 1.616, 0.372);(-0.151, -0.033, -0.004, 0.988);
1.33948;Origin: (0.291, 1.616, 0.373), Dir: (0.070, 0.023, 0.997);Origin: (0.228, 1.616, 0.368), Dir: (-0.351, 0.281, 0.893);(0.259, 1.616, 0.371);(-0.149, -0.035, -0.005, 0.988);
1.36638;Origin: (0.289, 1.615, 0.373), Dir: (0.063, 0.018, 0.998);Origin: (0.226, 1.615, 0.368), Dir: (-0.357, 0.278, 0.892);(0.258, 1.615, 0.371);(-0.147, -0.039, -0.007, 0.988);
1.43363;Origin: (0.288, 1.614, 0.374), Dir: (0.056, 0.014, 0.998);Origin: (0.225, 1.615, 0.368), Dir: (-0.362, 0.275, 0.890);(0.256, 1.615, 0.371);(-0.145, -0.042, -0.008, 0.989);
1.45528;Origin: (0.286, 1.613, 0.374), Dir: (0.049, 0.009, 0.999);Origin: (0.223, 1.613, 0.368), Dir: (-0.368, 0.271, 0.890);(0.255, 1.613, 0.371);(-0.142, -0.045, -0.009, 0.989);
1.48744;Origin: (0.285, 1.610, 0.376), Dir: (0.038, 0.005, 0.999);Origin: (0.223, 1.610, 0.369), Dir: (-0.378, 0.267, 0.886);(0.254, 1.610, 0.372);(-0.140, -0.051, -0.010, 0.989);
1.51303;Origin: (0.286, 1.608, 0.376), Dir: (0.033, 0.003, 0.999);Origin: (0.223, 1.608, 0.369), Dir: (-0.383, 0.265, 0.885);(0.254, 1.608, 0.373);(-0.139, -0.053, -0.010, 0.989);
1.54380;Origin: (0.285, 1.609, 0.377), Dir: (0.029, 0.001, 1.000);Origin: (0.222, 1.609, 0.370), Dir: (-0.387, 0.262, 0.884);(0.254, 1.609, 0.374);(-0.138, -0.055, -0.009, 0.989);
1.60266;Origin: (0.285, 1.608, 0.377), Dir: (0.026, -0.001, 1.000);Origin: (0.222, 1.608, 0.370), Dir: (-0.390, 0.260, 0.883);(0.253, 1.608, 0.373);(-0.137, -0.057, -0.008, 0.989);
1.62372;Origin: (0.284, 1.606, 0.377), Dir: (0.023, -0.001, 1.000);Origin: (0.221, 1.606, 0.370), Dir: (-0.394, 0.258, 0.882);(0.253, 1.606, 0.373);(-0.137, -0.059, -0.007, 0.989);
1.65075;Origin: (0.283, 1.601, 0.375), Dir: (0.020, 0.001, 1.000);Origin: (0.220, 1.601, 0.367), Dir: (-0.397, 0.260, 0.881);(0.251, 1.601, 0.371);(-0.138, -0.060, -0.007, 0.989);
1.68130;Origin: (0.282, 1.599, 0.373), Dir: (0.022, 0.002, 1.000);Origin: (0.219, 1.599, 0.366), Dir: (-0.395, 0.260, 0.881);(0.251, 1.599, 0.369);(-0.138, -0.059, -0.007, 0.989);
1.71220;Origin: (0.281, 1.597, 0.372), Dir: (0.024, 0.004, 1.000);Origin: (0.219, 1.597, 0.364), Dir: (-0.394, 0.262, 0.881);(0.250, 1.597, 0.368);(-0.139, -0.058, -0.006, 0.988);
1.77569;Origin: (0.280, 1.597, 0.370), Dir: (0.024, 0.007, 1.000);Origin: (0.218, 1.596, 0.362), Dir: (-0.394, 0.264, 0.880);(0.249, 1.597, 0.366);(-0.141, -0.058, -0.005, 0.988);
1.79634;Origin: (0.280, 1.596, 0.368), Dir: (0.022, 0.010, 1.000);Origin: (0.217, 1.595, 0.361), Dir: (-0.396, 0.266, 0.879);(0.248, 1.596, 0.364);(-0.142, -0.059, -0.004, 0.988);
1.82535;Origin: (0.278, 1.592, 0.363), Dir: (0.016, 0.013, 1.000);Origin: (0.216, 1.592, 0.355), Dir: (-0.402, 0.268, 0.876);(0.247, 1.592, 0.359);(-0.144, -0.063, -0.004, 0.988);
1.85230;Origin: (0.278, 1.590, 0.360), Dir: (0.014, 0.018, 1.000);Origin: (0.215, 1.590, 0.352), Dir: (-0.403, 0.273, 0.874);(0.247, 1.590, 0.356);(-0.146, -0.063, -0.005, 0.987);
1.88232;Origin: (0.277, 1.588, 0.358), Dir: (0.015, 0.022, 1.000);Origin: (0.215, 1.588, 0.350), Dir: (-0.401, 0.278, 0.873);(0.246, 1.588, 0.354);(-0.148, -0.063, -0.006, 0.987);
1.94651;Origin: (0.277, 1.588, 0.355), Dir: (0.017, 0.027, 0.999);Origin: (0.214, 1.588, 0.347), Dir: (-0.399, 0.283, 0.872);(0.246, 1.588, 0.351);(-0.151, -0.062, -0.007, 0.987);
1.96864;Origin: (0.276, 1.589, 0.353), Dir: (0.017, 0.039, 0.999);Origin: (0.214, 1.588, 0.345), Dir: (-0.400, 0.292, 0.869);(0.245, 1.588, 0.349);(-0.156, -0.062, -0.004, 0.986);
1.99709;Origin: (0.274, 1.589, 0.348), Dir: (0.012, 0.078, 0.997);Origin: (0.212, 1.586, 0.340), Dir: (-0.410, 0.316, 0.855);(0.243, 1.588, 0.344);(-0.175, -0.066, 0.007, 0.982);
2.02511;Origin: (0.272, 1.590, 0.346), Dir: (0.007, 0.100, 0.995);Origin: (0.210, 1.586, 0.337), Dir: (-0.418, 0.329, 0.847);(0.241, 1.588, 0.341);(-0.185, -0.069, 0.015, 0.980);
2.06087;Origin: (0.270, 1.590, 0.343), Dir: (0.000, 0.119, 0.993);Origin: (0.208, 1.585, 0.335), Dir: (-0.427, 0.339, 0.838);(0.239, 1.588, 0.339);(-0.194, -0.072, 0.021, 0.978);
2.13791;Origin: (0.267, 1.590, 0.342), Dir: (-0.010, 0.135, 0.991);Origin: (0.205, 1.585, 0.333), Dir: (-0.436, 0.350, 0.829);(0.236, 1.587, 0.337);(-0.202, -0.077, 0.024, 0.976);
2.15690;Origin: (0.263, 1.590, 0.342), Dir: (-0.014, 0.138, 0.990);Origin: (0.201, 1.586, 0.333), Dir: (-0.439, 0.354, 0.825);(0.232, 1.588, 0.337);(-0.203, -0.079, 0.022, 0.976);
2.18062;Origin: (0.261, 1.590, 0.342), Dir: (-0.025, 0.139, 0.990);Origin: (0.199, 1.586, 0.332), Dir: (-0.445, 0.361, 0.820);(0.230, 1.588, 0.337);(-0.205, -0.084, 0.014, 0.975);
2.21245;Origin: (0.261, 1.589, 0.343), Dir: (-0.028, 0.140, 0.990);Origin: (0.199, 1.585, 0.333), Dir: (-0.446, 0.364, 0.818);(0.230, 1.587, 0.338);(-0.205, -0.086, 0.011, 0.975);
2.28566;Origin: (0.261, 1.587, 0.343), Dir: (-0.030, 0.138, 0.990);Origin: (0.199, 1.584, 0.333), Dir: (-0.446, 0.365, 0.817);(0.230, 1.586, 0.338);(-0.204, -0.086, 0.007, 0.975);
2.30693;Origin: (0.262, 1.587, 0.341), Dir: (-0.032, 0.136, 0.990);Origin: (0.200, 1.585, 0.330), Dir: (-0.446, 0.365, 0.817);(0.231, 1.586, 0.336);(-0.203, -0.087, 0.005, 0.975);
2.33853;Origin: (0.265, 1.588, 0.337), Dir: (-0.034, 0.129, 0.991);Origin: (0.203, 1.585, 0.326), Dir: (-0.447, 0.361, 0.818);(0.234, 1.587, 0.332);(-0.200, -0.088, 0.003, 0.976);
2.36838;Origin: (0.267, 1.588, 0.336), Dir: (-0.034, 0.127, 0.991);Origin: (0.205, 1.586, 0.326), Dir: (-0.448, 0.359, 0.819);(0.236, 1.587, 0.331);(-0.199, -0.088, 0.003, 0.976);
2.43582;Origin: (0.268, 1.588, 0.337), Dir: (-0.036, 0.126, 0.991);Origin: (0.206, 1.586, 0.326), Dir: (-0.449, 0.359, 0.818);(0.237, 1.587, 0.332);(-0.199, -0.089, 0.002, 0.976);
2.45668;Origin: (0.268, 1.588, 0.336), Dir: (-0.039, 0.124, 0.991);Origin: (0.206, 1.586, 0.325), Dir: (-0.451, 0.358, 0.818);(0.237, 1.587, 0.331);(-0.198, -0.090, 0.001, 0.976);
2.48088;Origin: (0.267, 1.587, 0.338), Dir: (-0.047, 0.118, 0.992);Origin: (0.205, 1.586, 0.326), Dir: (-0.455, 0.357, 0.816);(0.236, 1.587, 0.332);(-0.195, -0.094, -0.004, 0.976);
2.51007;Origin: (0.267, 1.587, 0.338), Dir: (-0.050, 0.114, 0.992);Origin: (0.205, 1.585, 0.326), Dir: (-0.456, 0.356, 0.816);(0.236, 1.586, 0.332);(-0.193, -0.095, -0.008, 0.977);
2.54243;Origin: (0.267, 1.587, 0.339), Dir: (-0.052, 0.108, 0.993);Origin: (0.205, 1.586, 0.327), Dir: (-0.455, 0.354, 0.817);(0.236, 1.586, 0.333);(-0.190, -0.095, -0.013, 0.977);
2.60919;Origin: (0.266, 1.586, 0.341), Dir: (-0.054, 0.100, 0.994);Origin: (0.204, 1.586, 0.328), Dir: (-0.454, 0.352, 0.818);(0.235, 1.586, 0.334);(-0.187, -0.096, -0.018, 0.978);
2.63003;Origin: (0.266, 1.585, 0.342), Dir: (-0.055, 0.095, 0.994);Origin: (0.204, 1.585, 0.330), Dir: (-0.453, 0.351, 0.819);(0.235, 1.585, 0.336);(-0.184, -0.096, -0.023, 0.978);
2.66994;Origin: (0.265, 1.585, 0.343), Dir: (-0.057, 0.090, 0.994);Origin: (0.204, 1.586, 0.331), Dir: (-0.452, 0.353, 0.820);(0.234, 1.585, 0.337);(-0.182, -0.097, -0.030, 0.978);
2.69621;Origin: (0.265, 1.584, 0.345), Dir: (-0.057, 0.091, 0.994);Origin: (0.203, 1.586, 0.332), Dir: (-0.450, 0.355, 0.820);(0.234, 1.585, 0.339);(-0.183, -0.096, -0.031, 0.978);
2.76378;Origin: (0.264, 1.584, 0.345), Dir: (-0.056, 0.092, 0.994);Origin: (0.203, 1.586, 0.332), Dir: (-0.448, 0.356, 0.820);(0.233, 1.585, 0.338);(-0.183, -0.096, -0.033, 0.978);
2.78831;Origin: (0.265, 1.584, 0.343), Dir: (-0.056, 0.092, 0.994);Origin: (0.203, 1.586, 0.331), Dir: (-0.447, 0.358, 0.820);(0.234, 1.585, 0.337);(-0.183, -0.095, -0.034, 0.978);
2.81725;Origin: (0.263, 1.583, 0.342), Dir: (-0.056, 0.092, 0.994);Origin: (0.201, 1.585, 0.330), Dir: (-0.448, 0.358, 0.819);(0.232, 1.584, 0.336);(-0.183, -0.096, -0.035, 0.978);
2.85238;Origin: (0.263, 1.583, 0.341), Dir: (-0.058, 0.093, 0.994);Origin: (0.201, 1.585, 0.328), Dir: (-0.450, 0.358, 0.818);(0.232, 1.584, 0.334);(-0.184, -0.097, -0.033, 0.978);
2.91829;Origin: (0.263, 1.583, 0.339), Dir: (-0.059, 0.094, 0.994);Origin: (0.201, 1.585, 0.326), Dir: (-0.451, 0.358, 0.817);(0.232, 1.584, 0.333);(-0.184, -0.097, -0.032, 0.977);
2.93996;Origin: (0.263, 1.583, 0.338), Dir: (-0.059, 0.095, 0.994);Origin: (0.201, 1.585, 0.325), Dir: (-0.452, 0.358, 0.817);(0.232, 1.584, 0.332);(-0.185, -0.097, -0.031, 0.977);
2.96749;Origin: (0.262, 1.583, 0.336), Dir: (-0.057, 0.096, 0.994);Origin: (0.200, 1.584, 0.324), Dir: (-0.451, 0.357, 0.818);(0.231, 1.583, 0.330);(-0.185, -0.096, -0.030, 0.978);
3.01654;Origin: (0.262, 1.583, 0.335), Dir: (-0.055, 0.095, 0.994);Origin: (0.200, 1.584, 0.323), Dir: (-0.450, 0.357, 0.819);(0.231, 1.583, 0.329);(-0.185, -0.096, -0.029, 0.978);
3.11332;Origin: (0.262, 1.582, 0.335), Dir: (-0.053, 0.095, 0.994);Origin: (0.200, 1.584, 0.322), Dir: (-0.448, 0.356, 0.820);(0.231, 1.583, 0.329);(-0.185, -0.095, -0.029, 0.978);
3.15980;Origin: (0.261, 1.581, 0.334), Dir: (-0.051, 0.093, 0.994);Origin: (0.199, 1.583, 0.322), Dir: (-0.446, 0.356, 0.821);(0.230, 1.582, 0.328);(-0.184, -0.094, -0.030, 0.978);
3.20074;Origin: (0.260, 1.581, 0.336), Dir: (-0.045, 0.088, 0.995);Origin: (0.199, 1.583, 0.324), Dir: (-0.439, 0.355, 0.825);(0.229, 1.582, 0.330);(-0.182, -0.090, -0.033, 0.979);
3.27666;Origin: (0.259, 1.580, 0.338), Dir: (-0.042, 0.085, 0.996);Origin: (0.197, 1.582, 0.326), Dir: (-0.435, 0.353, 0.828);(0.228, 1.581, 0.332);(-0.180, -0.088, -0.035, 0.979);
3.31482;Origin: (0.258, 1.579, 0.339), Dir: (-0.038, 0.081, 0.996);Origin: (0.196, 1.582, 0.327), Dir: (-0.431, 0.352, 0.831);(0.227, 1.580, 0.333);(-0.179, -0.086, -0.037, 0.979);
3.35824;Origin: (0.258, 1.580, 0.340), Dir: (-0.033, 0.080, 0.996);Origin: (0.196, 1.582, 0.329), Dir: (-0.426, 0.352, 0.833);(0.227, 1.581, 0.335);(-0.178, -0.084, -0.038, 0.980);
3.43153;Origin: (0.258, 1.580, 0.341), Dir: (-0.033, 0.082, 0.996);Origin: (0.196, 1.583, 0.330), Dir: (-0.426, 0.353, 0.833);(0.227, 1.581, 0.335);(-0.179, -0.083, -0.038, 0.980);
3.47302;Origin: (0.258, 1.580, 0.341), Dir: (-0.033, 0.084, 0.996);Origin: (0.196, 1.583, 0.330), Dir: (-0.426, 0.355, 0.832);(0.227, 1.582, 0.335);(-0.180, -0.084, -0.037, 0.979);
3.49475;Origin: (0.257, 1.580, 0.340), Dir: (-0.034, 0.087, 0.996);Origin: (0.195, 1.583, 0.329), Dir: (-0.427, 0.356, 0.831);(0.226, 1.581, 0.334);(-0.181, -0.084, -0.036, 0.979);
3.52572;Origin: (0.257, 1.580, 0.339), Dir: (-0.034, 0.088, 0.996);Origin: (0.195, 1.582, 0.328), Dir: (-0.428, 0.356, 0.830);(0.226, 1.581, 0.334);(-0.182, -0.085, -0.035, 0.979);
3.59566;Origin: (0.257, 1.580, 0.339), Dir: (-0.034, 0.089, 0.995);Origin: (0.195, 1.582, 0.328), Dir: (-0.428, 0.357, 0.830);(0.226, 1.581, 0.333);(-0.182, -0.085, -0.035, 0.979);
3.62188;Origin: (0.258, 1.580, 0.338), Dir: (-0.034, 0.089, 0.995);Origin: (0.196, 1.582, 0.327), Dir: (-0.428, 0.357, 0.830);(0.227, 1.581, 0.332);(-0.183, -0.085, -0.034, 0.979);
3.65457;Origin: (0.260, 1.580, 0.334), Dir: (-0.033, 0.090, 0.995);Origin: (0.198, 1.582, 0.323), Dir: (-0.428, 0.358, 0.830);(0.229, 1.581, 0.328);(-0.183, -0.084, -0.034, 0.979);
3.68212;Origin: (0.260, 1.580, 0.333), Dir: (-0.033, 0.089, 0.995);Origin: (0.198, 1.582, 0.321), Dir: (-0.427, 0.357, 0.831);(0.229, 1.581, 0.327);(-0.183, -0.084, -0.035, 0.979);
3.75103;Origin: (0.261, 1.579, 0.332), Dir: (-0.032, 0.089, 0.996);Origin: (0.199, 1.582, 0.321), Dir: (-0.426, 0.357, 0.831);(0.230, 1.581, 0.326);(-0.183, -0.083, -0.035, 0.979);
3.77319;Origin: (0.261, 1.579, 0.331), Dir: (-0.031, 0.089, 0.996);Origin: (0.199, 1.582, 0.320), Dir: (-0.425, 0.357, 0.831);(0.230, 1.581, 0.326);(-0.183, -0.083, -0.034, 0.979);
3.79580;Origin: (0.261, 1.579, 0.331), Dir: (-0.029, 0.089, 0.996);Origin: (0.199, 1.582, 0.320), Dir: (-0.424, 0.357, 0.832);(0.230, 1.581, 0.325);(-0.183, -0.082, -0.035, 0.979);
3.82678;Origin: (0.261, 1.579, 0.331), Dir: (-0.029, 0.089, 0.996);Origin: (0.199, 1.582, 0.320), Dir: (-0.424, 0.358, 0.832);(0.230, 1.581, 0.325);(-0.183, -0.082, -0.034, 0.979);
3.85463;Origin: (0.261, 1.579, 0.331), Dir: (-0.030, 0.090, 0.996);Origin: (0.199, 1.582, 0.320), Dir: (-0.425, 0.358, 0.832);(0.230, 1.581, 0.325);(-0.183, -0.082, -0.034, 0.979);
3.91836;Origin: (0.261, 1.580, 0.331), Dir: (-0.030, 0.090, 0.995);Origin: (0.199, 1.582, 0.320), Dir: (-0.425, 0.358, 0.831);(0.230, 1.581, 0.325);(-0.183, -0.083, -0.034, 0.979);
3.93941;Origin: (0.260, 1.580, 0.331), Dir: (-0.030, 0.091, 0.995);Origin: (0.198, 1.582, 0.320), Dir: (-0.425, 0.358, 0.831);(0.229, 1.581, 0.325);(-0.183, -0.083, -0.034, 0.979);
3.96965;Origin: (0.260, 1.580, 0.331), Dir: (-0.029, 0.091, 0.995);Origin: (0.198, 1.582, 0.320), Dir: (-0.425, 0.358, 0.831);(0.229, 1.581, 0.326);(-0.184, -0.082, -0.033, 0.979);
3.99637;Origin: (0.260, 1.580, 0.332), Dir: (-0.028, 0.091, 0.995);Origin: (0.198, 1.582, 0.321), Dir: (-0.424, 0.358, 0.832);(0.229, 1.581, 0.326);(-0.183, -0.082, -0.033, 0.979);
4.02626;Origin: (0.260, 1.580, 0.332), Dir: (-0.027, 0.090, 0.996);Origin: (0.198, 1.582, 0.321), Dir: (-0.424, 0.357, 0.832);(0.229, 1.581, 0.326);(-0.183, -0.081, -0.033, 0.979);
4.10738;Origin: (0.260, 1.580, 0.332), Dir: (-0.027, 0.090, 0.996);Origin: (0.198, 1.582, 0.321), Dir: (-0.423, 0.357, 0.833);(0.229, 1.581, 0.326);(-0.183, -0.081, -0.033, 0.979);
4.13012;Origin: (0.260, 1.580, 0.332), Dir: (-0.025, 0.090, 0.996);Origin: (0.198, 1.582, 0.321), Dir: (-0.421, 0.357, 0.834);(0.229, 1.581, 0.326);(-0.183, -0.080, -0.033, 0.979);
4.15801;Origin: (0.259, 1.579, 0.334), Dir: (-0.023, 0.090, 0.996);Origin: (0.197, 1.582, 0.324), Dir: (-0.420, 0.357, 0.835);(0.228, 1.580, 0.329);(-0.183, -0.079, -0.033, 0.979);
4.18443;Origin: (0.258, 1.579, 0.335), Dir: (-0.023, 0.090, 0.996);Origin: (0.196, 1.582, 0.325), Dir: (-0.419, 0.357, 0.835);(0.227, 1.580, 0.330);(-0.183, -0.079, -0.033, 0.979);
4.24913;Origin: (0.257, 1.579, 0.337), Dir: (-0.023, 0.090, 0.996);Origin: (0.195, 1.582, 0.326), Dir: (-0.419, 0.357, 0.835);(0.226, 1.580, 0.331);(-0.183, -0.079, -0.033, 0.979);
4.27172;Origin: (0.257, 1.579, 0.338), Dir: (-0.023, 0.091, 0.996);Origin: (0.195, 1.582, 0.327), Dir: (-0.420, 0.358, 0.834);(0.226, 1.581, 0.333);(-0.183, -0.079, -0.032, 0.979);
4.30014;Origin: (0.256, 1.580, 0.339), Dir: (-0.026, 0.094, 0.995);Origin: (0.194, 1.582, 0.328), Dir: (-0.423, 0.360, 0.832);(0.225, 1.581, 0.334);(-0.185, -0.081, -0.032, 0.979);
4.36611;Origin: (0.257, 1.580, 0.338), Dir: (-0.028, 0.096, 0.995);Origin: (0.195, 1.582, 0.327), Dir: (-0.425, 0.362, 0.830);(0.226, 1.581, 0.332);(-0.186, -0.082, -0.032, 0.979);
4.44165;Origin: (0.257, 1.580, 0.336), Dir: (-0.031, 0.098, 0.995);Origin: (0.195, 1.582, 0.325), Dir: (-0.427, 0.363, 0.828);(0.226, 1.581, 0.331);(-0.187, -0.083, -0.032, 0.978);
4.48850;Origin: (0.257, 1.581, 0.336), Dir: (-0.040, 0.106, 0.994);Origin: (0.195, 1.583, 0.325), Dir: (-0.435, 0.369, 0.821);(0.226, 1.582, 0.330);(-0.191, -0.088, -0.032, 0.977);
4.50918;Origin: (0.258, 1.581, 0.334), Dir: (-0.051, 0.112, 0.992);Origin: (0.196, 1.583, 0.322), Dir: (-0.444, 0.373, 0.814);(0.227, 1.582, 0.328);(-0.193, -0.093, -0.032, 0.976);
4.54161;Origin: (0.258, 1.582, 0.333), Dir: (-0.053, 0.118, 0.992);Origin: (0.196, 1.583, 0.320), Dir: (-0.447, 0.376, 0.812);(0.227, 1.582, 0.326);(-0.196, -0.095, -0.029, 0.976);
4.60374;Origin: (0.258, 1.582, 0.332), Dir: (-0.054, 0.123, 0.991);Origin: (0.197, 1.583, 0.319), Dir: (-0.450, 0.378, 0.809);(0.228, 1.583, 0.326);(-0.199, -0.096, -0.026, 0.975);
4.62415;Origin: (0.259, 1.583, 0.331), Dir: (-0.055, 0.136, 0.989);Origin: (0.197, 1.583, 0.319), Dir: (-0.453, 0.385, 0.804);(0.228, 1.583, 0.325);(-0.204, -0.096, -0.021, 0.974);
4.65427;Origin: (0.259, 1.584, 0.332), Dir: (-0.057, 0.180, 0.982);Origin: (0.197, 1.583, 0.320), Dir: (-0.461, 0.411, 0.787);(0.228, 1.584, 0.326);(-0.226, -0.099, -0.008, 0.969);
4.68193;Origin: (0.259, 1.584, 0.333), Dir: (-0.062, 0.197, 0.979);Origin: (0.197, 1.582, 0.320), Dir: (-0.467, 0.420, 0.778);(0.228, 1.583, 0.326);(-0.234, -0.101, -0.002, 0.967);
4.71051;Origin: (0.259, 1.584, 0.332), Dir: (-0.066, 0.203, 0.977);Origin: (0.197, 1.581, 0.319), Dir: (-0.472, 0.422, 0.774);(0.228, 1.583, 0.325);(-0.237, -0.103, 0.001, 0.966);
4.77811;Origin: (0.259, 1.585, 0.330), Dir: (-0.070, 0.202, 0.977);Origin: (0.198, 1.581, 0.317), Dir: (-0.476, 0.421, 0.772);(0.228, 1.583, 0.324);(-0.237, -0.105, 0.001, 0.966);
4.79811;Origin: (0.260, 1.585, 0.328), Dir: (-0.071, 0.199, 0.977);Origin: (0.198, 1.582, 0.315), Dir: (-0.476, 0.419, 0.773);(0.229, 1.583, 0.322);(-0.235, -0.106, 0.000, 0.966);
4.82396;Origin: (0.260, 1.583, 0.326), Dir: (-0.069, 0.191, 0.979);Origin: (0.198, 1.581, 0.313), Dir: (-0.472, 0.417, 0.777);(0.229, 1.582, 0.320);(-0.231, -0.105, -0.005, 0.967);
4.85330;Origin: (0.261, 1.582, 0.326), Dir: (-0.064, 0.185, 0.981);Origin: (0.199, 1.580, 0.314), Dir: (-0.466, 0.415, 0.781);(0.230, 1.581, 0.320);(-0.228, -0.102, -0.008, 0.968);
4.88362;Origin: (0.261, 1.582, 0.331), Dir: (-0.059, 0.179, 0.982);Origin: (0.199, 1.580, 0.319), Dir: (-0.462, 0.411, 0.786);(0.230, 1.581, 0.325);(-0.225, -0.100, -0.009, 0.969);
4.94687;Origin: (0.261, 1.582, 0.332), Dir: (-0.056, 0.175, 0.983);Origin: (0.200, 1.580, 0.319), Dir: (-0.459, 0.408, 0.789);(0.231, 1.581, 0.325);(-0.224, -0.098, -0.009, 0.970);
4.97101;Origin: (0.262, 1.583, 0.333), Dir: (-0.054, 0.174, 0.983);Origin: (0.200, 1.581, 0.320), Dir: (-0.457, 0.409, 0.790);(0.231, 1.582, 0.326);(-0.223, -0.097, -0.010, 0.970);
4.99713;Origin: (0.266, 1.582, 0.336), Dir: (-0.054, 0.173, 0.984);Origin: (0.204, 1.581, 0.324), Dir: (-0.454, 0.412, 0.790);(0.235, 1.581, 0.330);(-0.223, -0.097, -0.016, 0.970);
5.02478;Origin: (0.269, 1.581, 0.337), Dir: (-0.051, 0.165, 0.985);Origin: (0.208, 1.581, 0.325), Dir: (-0.449, 0.411, 0.794);(0.239, 1.581, 0.331);(-0.219, -0.095, -0.022, 0.971);
5.05991;Origin: (0.272, 1.579, 0.339), Dir: (-0.045, 0.158, 0.986);Origin: (0.210, 1.580, 0.327), Dir: (-0.440, 0.409, 0.799);(0.241, 1.580, 0.333);(-0.216, -0.091, -0.027, 0.972);
5.13984;Origin: (0.276, 1.576, 0.342), Dir: (-0.031, 0.144, 0.989);Origin: (0.214, 1.578, 0.331), Dir: (-0.424, 0.404, 0.810);(0.245, 1.577, 0.336);(-0.210, -0.084, -0.034, 0.974);
5.16216;Origin: (0.278, 1.576, 0.343), Dir: (-0.019, 0.133, 0.991);Origin: (0.216, 1.579, 0.332), Dir: (-0.412, 0.399, 0.819);(0.247, 1.578, 0.338);(-0.205, -0.077, -0.038, 0.975);
5.19805;Origin: (0.284, 1.575, 0.339), Dir: (0.016, 0.116, 0.993);Origin: (0.222, 1.577, 0.331), Dir: (-0.386, 0.380, 0.840);(0.253, 1.576, 0.335);(-0.197, -0.060, -0.030, 0.978);
5.22541;Origin: (0.284, 1.574, 0.338), Dir: (0.026, 0.110, 0.994);Origin: (0.222, 1.576, 0.330), Dir: (-0.380, 0.372, 0.847);(0.253, 1.575, 0.334);(-0.194, -0.056, -0.024, 0.979);
5.30122;Origin: (0.285, 1.573, 0.336), Dir: (0.032, 0.098, 0.995);Origin: (0.223, 1.575, 0.329), Dir: (-0.375, 0.362, 0.854);(0.254, 1.574, 0.333);(-0.188, -0.053, -0.025, 0.981);
5.32202;Origin: (0.286, 1.573, 0.334), Dir: (0.035, 0.084, 0.996);Origin: (0.224, 1.575, 0.327), Dir: (-0.371, 0.352, 0.860);(0.255, 1.574, 0.331);(-0.181, -0.051, -0.027, 0.982);
5.35364;Origin: (0.287, 1.572, 0.327), Dir: (0.033, 0.068, 0.997);Origin: (0.224, 1.575, 0.320), Dir: (-0.371, 0.339, 0.865);(0.255, 1.573, 0.324);(-0.173, -0.051, -0.029, 0.983);
5.38380;Origin: (0.287, 1.571, 0.326), Dir: (0.028, 0.060, 0.998);Origin: (0.224, 1.574, 0.319), Dir: (-0.375, 0.332, 0.865);(0.255, 1.573, 0.323);(-0.169, -0.053, -0.030, 0.984);
5.45403;Origin: (0.287, 1.571, 0.325), Dir: (0.024, 0.049, 0.999);Origin: (0.225, 1.573, 0.318), Dir: (-0.379, 0.324, 0.867);(0.256, 1.572, 0.321);(-0.164, -0.055, -0.031, 0.984);
5.47625;Origin: (0.287, 1.571, 0.324), Dir: (-0.025, -0.254, 0.967);Origin: (0.225, 1.573, 0.317), Dir: (-0.372, 0.327, 0.869);(0.256, 1.572, 0.320);(-0.159, -0.057, -0.032, 0.985);
5.51231;Origin: (0.289, 1.571, 0.322), Dir: (-0.015, -0.123, 0.992);Origin: (0.227, 1.573, 0.313), Dir: (-0.379, 0.315, 0.870);(0.258, 1.572, 0.318);(-0.150, -0.066, -0.031, 0.986);
5.54476;Origin: (0.289, 1.571, 0.322), Dir: (-0.023, -0.082, 0.996);Origin: (0.226, 1.573, 0.312), Dir: (-0.348, 0.183, 0.919);(0.258, 1.572, 0.317);(-0.147, -0.071, -0.029, 0.986);
5.62396;Origin: (0.288, 1.570, 0.321), Dir: (0.088, 0.583, 0.808);Origin: (0.226, 1.572, 0.311), Dir: (-0.343, 0.187, 0.921);(0.257, 1.571, 0.316);(-0.140, -0.080, -0.026, 0.987);
5.65000;Origin: (0.288, 1.569, 0.321), Dir: (0.064, 0.452, 0.890);Origin: (0.226, 1.571, 0.310), Dir: (-0.316, 0.161, 0.935);(0.257, 1.570, 0.316);(-0.131, -0.087, -0.024, 0.987);
5.68540;Origin: (0.284, 1.567, 0.320), Dir: (0.032, 0.412, 0.911);Origin: (0.222, 1.569, 0.306), Dir: (-0.356, 0.071, 0.932);(0.253, 1.568, 0.313);(-0.101, -0.111, -0.029, 0.988);
5.71544;Origin: (0.282, 1.566, 0.320), Dir: (0.029, 0.419, 0.907);Origin: (0.221, 1.568, 0.305), Dir: (-0.365, 0.057, 0.929);(0.251, 1.567, 0.313);(-0.095, -0.117, -0.032, 0.988);
5.78607;Origin: (0.280, 1.564, 0.320), Dir: (0.027, 0.417, 0.909);Origin: (0.219, 1.567, 0.305), Dir: (-0.368, 0.052, 0.928);(0.250, 1.566, 0.313);(-0.090, -0.120, -0.034, 0.988);
5.80975;Origin: (0.279, 1.563, 0.320), Dir: (0.004, 0.394, 0.919);Origin: (0.218, 1.566, 0.305), Dir: (-0.372, 0.038, 0.928);(0.248, 1.565, 0.313);(-0.088, -0.122, -0.036, 0.988);
5.84141;Origin: (0.276, 1.561, 0.321), Dir: (-0.017, 0.380, 0.925);Origin: (0.215, 1.564, 0.306), Dir: (-0.381, 0.043, 0.923);(0.245, 1.563, 0.313);(-0.090, -0.120, -0.036, 0.988);
5.87195;Origin: (0.275, 1.561, 0.321), Dir: (-0.019, 0.379, 0.925);Origin: (0.214, 1.564, 0.306), Dir: (-0.382, 0.052, 0.923);(0.245, 1.562, 0.313);(-0.090, -0.119, -0.034, 0.988);
5.94217;Origin: (0.274, 1.561, 0.321), Dir: (-0.028, 0.368, 0.929);Origin: (0.213, 1.564, 0.306), Dir: (-0.380, 0.052, 0.923);(0.244, 1.562, 0.314);(-0.089, -0.119, -0.032, 0.988);
5.96560;Origin: (0.273, 1.561, 0.321), Dir: (-0.035, 0.350, 0.936);Origin: (0.212, 1.564, 0.306), Dir: (-0.346, 0.061, 0.936);(0.243, 1.563, 0.314);(-0.089, -0.119, -0.032, 0.988);
5.99810;Origin: (0.271, 1.562, 0.321), Dir: (-0.036, 0.340, 0.940);Origin: (0.210, 1.565, 0.306), Dir: (-0.331, 0.056, 0.942);(0.240, 1.563, 0.314);(-0.084, -0.123, -0.036, 0.988);
6.02787;Origin: (0.271, 1.562, 0.322), Dir: (-0.031, 0.330, 0.943);Origin: (0.210, 1.565, 0.306), Dir: (-0.312, 0.060, 0.948);(0.240, 1.563, 0.314);(-0.081, -0.126, -0.037, 0.988);
6.10832;Origin: (0.270, 1.562, 0.322), Dir: (-0.028, 0.330, 0.943);Origin: (0.209, 1.565, 0.306), Dir: (-0.242, -0.005, 0.970);(0.240, 1.563, 0.314);(-0.081, -0.127, -0.037, 0.988);
6.13134;Origin: (0.270, 1.561, 0.322), Dir: (-0.065, 0.328, 0.943);Origin: (0.209, 1.564, 0.306), Dir: (-0.397, 0.032, 0.917);(0.239, 1.563, 0.314);(-0.080, -0.129, -0.037, 0.988);
6.16936;Origin: (0.270, 1.560, 0.320), Dir: (-0.063, 0.320, 0.945);Origin: (0.209, 1.563, 0.304), Dir: (-0.394, 0.024, 0.919);(0.240, 1.561, 0.312);(-0.076, -0.128, -0.035, 0.988);
6.19810;Origin: (0.271, 1.560, 0.318), Dir: (-0.060, 0.317, 0.947);Origin: (0.210, 1.563, 0.302), Dir: (-0.390, 0.021, 0.921);(0.240, 1.561, 0.310);(-0.074, -0.126, -0.035, 0.989);
6.26794;Origin: (0.270, 1.560, 0.317), Dir: (-0.056, 0.314, 0.948);Origin: (0.209, 1.563, 0.301), Dir: (-0.386, 0.017, 0.923);(0.240, 1.561, 0.309);(-0.073, -0.123, -0.034, 0.989);
6.29271;Origin: (0.270, 1.559, 0.316), Dir: (-0.053, 0.314, 0.948);Origin: (0.209, 1.562, 0.300), Dir: (-0.382, 0.016, 0.924);(0.239, 1.561, 0.308);(-0.072, -0.122, -0.033, 0.989);
6.32684;Origin: (0.267, 1.559, 0.314), Dir: (-0.054, 0.314, 0.948);Origin: (0.206, 1.562, 0.299), Dir: (-0.383, 0.016, 0.924);(0.236, 1.560, 0.307);(-0.072, -0.122, -0.032, 0.989);
6.35675;Origin: (0.266, 1.559, 0.314), Dir: (-0.055, 0.313, 0.948);Origin: (0.205, 1.561, 0.299), Dir: (-0.384, 0.015, 0.923);(0.235, 1.560, 0.307);(-0.072, -0.123, -0.032, 0.989);
6.42218;Origin: (0.265, 1.558, 0.314), Dir: (-0.053, 0.327, 0.944);Origin: (0.204, 1.561, 0.299), Dir: (-0.387, 0.029, 0.921);(0.234, 1.560, 0.306);(-0.071, -0.124, -0.033, 0.989);
6.44540;Origin: (0.264, 1.558, 0.314), Dir: (-0.051, 0.427, 0.903);Origin: (0.203, 1.561, 0.299), Dir: (-0.383, 0.026, 0.923);(0.234, 1.559, 0.307);(-0.070, -0.125, -0.033, 0.989);
6.48287;Origin: (0.262, 1.557, 0.315), Dir: (-0.051, 0.442, 0.896);Origin: (0.202, 1.560, 0.299), Dir: (-0.386, 0.020, 0.922);(0.232, 1.558, 0.307);(-0.066, -0.128, -0.033, 0.989);
6.51392;Origin: (0.262, 1.556, 0.315), Dir: (-0.047, 0.442, 0.896);Origin: (0.202, 1.559, 0.299), Dir: (-0.388, 0.019, 0.922);(0.232, 1.558, 0.307);(-0.063, -0.129, -0.033, 0.989);
6.58270;Origin: (0.262, 1.555, 0.316), Dir: (-0.050, 0.418, 0.907);Origin: (0.201, 1.559, 0.299), Dir: (-0.390, 0.016, 0.921);(0.232, 1.557, 0.308);(-0.059, -0.129, -0.032, 0.989);
6.60854;Origin: (0.262, 1.554, 0.316), Dir: (-0.052, 0.434, 0.900);Origin: (0.201, 1.557, 0.300), Dir: (-0.386, 0.026, 0.922);(0.231, 1.556, 0.308);(-0.054, -0.130, -0.031, 0.990);
6.64219;Origin: (0.260, 1.551, 0.317), Dir: (-0.072, 0.410, 0.909);Origin: (0.200, 1.554, 0.300), Dir: (-0.397, -0.019, 0.918);(0.230, 1.553, 0.309);(-0.031, -0.136, -0.027, 0.990);
6.67144;Origin: (0.260, 1.549, 0.317), Dir: (-0.075, 0.410, 0.909);Origin: (0.200, 1.552, 0.300), Dir: (-0.405, -0.047, 0.913);(0.230, 1.551, 0.309);(-0.021, -0.138, -0.028, 0.990);
6.73796;Origin: (0.262, 1.547, 0.317), Dir: (-0.075, 0.403, 0.912);Origin: (0.201, 1.551, 0.300), Dir: (-0.409, -0.063, 0.910);(0.232, 1.549, 0.309);(-0.012, -0.138, -0.031, 0.990);
6.76170;Origin: (0.262, 1.544, 0.318), Dir: (-0.148, -0.057, 0.987);Origin: (0.202, 1.548, 0.301), Dir: (-0.418, -0.091, 0.904);(0.232, 1.546, 0.309);(-0.003, -0.138, -0.031, 0.990);
6.80025;Origin: (0.264, 1.539, 0.319), Dir: (-0.197, -0.060, 0.979);Origin: (0.203, 1.543, 0.303), Dir: (-0.414, -0.120, 0.902);(0.234, 1.541, 0.311);(-0.008, 0.135, 0.029, -0.990);
6.83003;Origin: (0.264, 1.538, 0.320), Dir: (-0.249, -0.041, 0.968);Origin: (0.203, 1.542, 0.303), Dir: (-0.412, -0.128, 0.902);(0.234, 1.540, 0.311);(-0.010, 0.134, 0.029, -0.991);
6.89371;Origin: (0.264, 1.537, 0.320), Dir: (-0.239, -0.046, 0.970);Origin: (0.203, 1.541, 0.303), Dir: (-0.411, -0.134, 0.902);(0.234, 1.539, 0.312);(-0.012, 0.133, 0.030, -0.991);
6.91619;Origin: (0.264, 1.538, 0.321), Dir: (-0.252, -0.084, 0.964);Origin: (0.203, 1.542, 0.305), Dir: (-0.410, -0.137, 0.902);(0.233, 1.540, 0.313);(-0.012, 0.132, 0.029, -0.991);
6.95490;Origin: (0.262, 1.540, 0.323), Dir: (-0.232, -0.110, 0.966);Origin: (0.201, 1.543, 0.307), Dir: (-0.406, -0.140, 0.903);(0.232, 1.542, 0.315);(-0.015, 0.130, 0.029, -0.991);
6.98464;Origin: (0.262, 1.540, 0.323), Dir: (-0.232, -0.109, 0.967);Origin: (0.201, 1.544, 0.307), Dir: (-0.404, -0.142, 0.904);(0.231, 1.542, 0.315);(-0.017, 0.129, 0.029, -0.991);
7.05585;Origin: (0.261, 1.540, 0.324), Dir: (-0.234, -0.111, 0.966);Origin: (0.200, 1.544, 0.308), Dir: (-0.402, -0.145, 0.904);(0.231, 1.542, 0.316);(-0.019, 0.129, 0.030, -0.991);
7.09371;Origin: (0.261, 1.540, 0.324), Dir: (-0.236, -0.113, 0.965);Origin: (0.200, 1.544, 0.308), Dir: (-0.395, -0.155, 0.906);(0.231, 1.542, 0.316);(-0.021, 0.129, 0.031, -0.991);
7.12818;Origin: (0.261, 1.538, 0.326), Dir: (-0.241, -0.122, 0.963);Origin: (0.200, 1.543, 0.309), Dir: (-0.401, -0.162, 0.902);(0.230, 1.541, 0.317);(-0.021, 0.131, 0.031, -0.991);
7.15571;Origin: (0.261, 1.538, 0.326), Dir: (-0.252, -0.129, 0.959);Origin: (0.200, 1.543, 0.309), Dir: (-0.403, -0.164, 0.900);(0.231, 1.540, 0.318);(-0.019, 0.130, 0.031, -0.991);
7.22979;Origin: (0.262, 1.539, 0.325), Dir: (-0.254, -0.131, 0.958);Origin: (0.201, 1.543, 0.309), Dir: (-0.404, -0.164, 0.900);(0.231, 1.541, 0.317);(-0.016, 0.128, 0.030, -0.991);
7.25435;Origin: (0.262, 1.539, 0.325), Dir: (-0.225, -0.099, 0.969);Origin: (0.201, 1.543, 0.309), Dir: (-0.410, -0.157, 0.898);(0.232, 1.541, 0.317);(-0.013, 0.126, 0.029, -0.992);
7.28487;Origin: (0.264, 1.539, 0.324), Dir: (-0.212, -0.079, 0.974);Origin: (0.202, 1.543, 0.309), Dir: (-0.397, -0.153, 0.905);(0.233, 1.541, 0.316);(-0.013, 0.116, 0.027, -0.993);
7.31270;Origin: (0.264, 1.540, 0.323), Dir: (-0.205, -0.091, 0.974);Origin: (0.203, 1.543, 0.309), Dir: (-0.391, -0.152, 0.908);(0.233, 1.541, 0.316);(-0.013, 0.112, 0.027, -0.993);
7.38170;Origin: (0.265, 1.540, 0.323), Dir: (-0.204, -0.092, 0.975);Origin: (0.203, 1.544, 0.309), Dir: (-0.383, -0.153, 0.911);(0.234, 1.542, 0.316);(-0.012, 0.107, 0.026, -0.994);
7.40672;Origin: (0.266, 1.541, 0.322), Dir: (-0.216, -0.101, 0.971);Origin: (0.204, 1.544, 0.309), Dir: (-0.373, -0.155, 0.915);(0.235, 1.542, 0.316);(-0.010, 0.102, 0.025, -0.994);
7.44169;Origin: (0.268, 1.543, 0.321), Dir: (-0.202, -0.096, 0.975);Origin: (0.206, 1.545, 0.310), Dir: (-0.347, -0.150, 0.926);(0.237, 1.544, 0.316);(-0.005, 0.092, 0.021, -0.996);
7.47115;Origin: (0.269, 1.543, 0.321), Dir: (-0.188, -0.117, 0.975);Origin: (0.207, 1.545, 0.310), Dir: (-0.341, -0.147, 0.929);(0.238, 1.544, 0.315);(-0.002, 0.088, 0.019, -0.996);
7.54093;Origin: (0.269, 1.543, 0.320), Dir: (-0.168, -0.093, 0.981);Origin: (0.207, 1.546, 0.310), Dir: (-0.332, -0.141, 0.933);(0.238, 1.544, 0.315);(0.000, 0.084, 0.018, -0.996);
7.56647;Origin: (0.270, 1.544, 0.320), Dir: (-0.179, -0.101, 0.979);Origin: (0.208, 1.546, 0.310), Dir: (-0.324, -0.136, 0.936);(0.239, 1.545, 0.315);(-0.001, -0.082, -0.018, 0.997);
7.60047;Origin: (0.271, 1.544, 0.323), Dir: (-0.157, -0.082, 0.984);Origin: (0.209, 1.546, 0.314), Dir: (-0.312, -0.136, 0.940);(0.240, 1.545, 0.319);(-0.003, -0.075, -0.017, 0.997);
7.62900;Origin: (0.271, 1.544, 0.324), Dir: (-0.156, -0.081, 0.984);Origin: (0.209, 1.546, 0.315), Dir: (-0.307, -0.133, 0.942);(0.240, 1.545, 0.320);(-0.005, -0.072, -0.017, 0.997);
7.69936;Origin: (0.271, 1.544, 0.325), Dir: (-0.150, -0.070, 0.986);Origin: (0.209, 1.546, 0.316), Dir: (-0.300, -0.129, 0.945);(0.240, 1.545, 0.320);(-0.007, -0.069, -0.016, 0.997);
7.72669;Origin: (0.271, 1.545, 0.325), Dir: (-0.146, -0.058, 0.988);Origin: (0.209, 1.547, 0.317), Dir: (-0.292, -0.125, 0.948);(0.240, 1.546, 0.321);(-0.008, -0.067, -0.016, 0.998);
7.75629;Origin: (0.272, 1.546, 0.325), Dir: (-0.141, -0.052, 0.989);Origin: (0.209, 1.548, 0.318), Dir: (-0.285, -0.122, 0.951);(0.240, 1.547, 0.321);(-0.012, -0.062, -0.014, 0.998);
7.78669;Origin: (0.272, 1.547, 0.325), Dir: (-0.154, -0.040, 0.987);Origin: (0.209, 1.548, 0.318), Dir: (-0.279, -0.118, 0.953);(0.240, 1.548, 0.322);(-0.014, -0.060, -0.012, 0.998);
7.85333;Origin: (0.272, 1.547, 0.326), Dir: (-0.104, -0.028, 0.994);Origin: (0.210, 1.548, 0.318), Dir: (-0.273, -0.114, 0.955);(0.241, 1.548, 0.322);(-0.016, -0.059, -0.010, 0.998);
7.87752;Origin: (0.273, 1.548, 0.325), Dir: (-0.107, 0.004, 0.994);Origin: (0.210, 1.549, 0.318), Dir: (-0.266, -0.109, 0.958);(0.241, 1.549, 0.322);(-0.016, -0.057, -0.010, 0.998);
7.91196;Origin: (0.272, 1.548, 0.324), Dir: (-0.124, 0.009, 0.992);Origin: (0.210, 1.549, 0.317), Dir: (-0.263, -0.108, 0.959);(0.241, 1.549, 0.321);(-0.016, -0.057, -0.011, 0.998);
7.94269;Origin: (0.272, 1.548, 0.324), Dir: (-0.125, -0.003, 0.992);Origin: (0.210, 1.549, 0.317), Dir: (-0.262, -0.108, 0.959);(0.241, 1.549, 0.320);(-0.017, -0.057, -0.011, 0.998);
8.01090;Origin: (0.273, 1.548, 0.324), Dir: (-0.079, -0.004, 0.997);Origin: (0.210, 1.549, 0.317), Dir: (-0.262, -0.108, 0.959);(0.241, 1.549, 0.320);(-0.018, -0.057, -0.012, 0.998);
8.04797;Origin: (0.273, 1.548, 0.324), Dir: (-0.134, -0.012, 0.991);Origin: (0.210, 1.549, 0.316), Dir: (-0.260, -0.105, 0.960);(0.241, 1.549, 0.320);(-0.019, -0.056, -0.012, 0.998);
8.08484;Origin: (0.273, 1.548, 0.323), Dir: (-0.150, 0.006, 0.989);Origin: (0.210, 1.549, 0.316), Dir: (-0.259, -0.104, 0.960);(0.242, 1.549, 0.319);(-0.019, -0.057, -0.011, 0.998);
8.11404;Origin: (0.273, 1.548, 0.323), Dir: (-0.140, 0.002, 0.990);Origin: (0.210, 1.549, 0.316), Dir: (-0.259, -0.103, 0.960);(0.242, 1.549, 0.319);(-0.019, -0.057, -0.011, 0.998);
8.18199;Origin: (0.273, 1.548, 0.323), Dir: (-0.134, 0.001, 0.991);Origin: (0.211, 1.549, 0.315), Dir: (-0.258, -0.103, 0.961);(0.242, 1.549, 0.319);(-0.019, -0.057, -0.011, 0.998);
8.20547;Origin: (0.273, 1.548, 0.323), Dir: (-0.137, -0.003, 0.991);Origin: (0.211, 1.549, 0.315), Dir: (-0.257, -0.103, 0.961);(0.242, 1.549, 0.319);(-0.018, -0.058, -0.012, 0.998);
8.24130;Origin: (0.273, 1.548, 0.322), Dir: (-0.140, -0.004, 0.990);Origin: (0.211, 1.549, 0.315), Dir: (-0.259, -0.102, 0.961);(0.242, 1.549, 0.319);(-0.018, -0.059, -0.012, 0.998);
8.27143;Origin: (0.273, 1.548, 0.322), Dir: (-0.131, -0.014, 0.991);Origin: (0.211, 1.549, 0.315), Dir: (-0.259, -0.103, 0.961);(0.242, 1.549, 0.319);(-0.018, -0.059, -0.012, 0.998);
8.33930;Origin: (0.273, 1.548, 0.322), Dir: (-0.132, -0.013, 0.991);Origin: (0.211, 1.549, 0.315), Dir: (-0.259, -0.102, 0.961);(0.242, 1.549, 0.319);(-0.018, -0.059, -0.012, 0.998);
8.36251;Origin: (0.273, 1.548, 0.322), Dir: (-0.140, -0.011, 0.990);Origin: (0.211, 1.549, 0.315), Dir: (-0.259, -0.102, 0.961);(0.242, 1.549, 0.319);(-0.018, -0.059, -0.012, 0.998);
8.39849;Origin: (0.273, 1.548, 0.323), Dir: (-0.147, -0.015, 0.989);Origin: (0.210, 1.549, 0.315), Dir: (-0.259, -0.102, 0.960);(0.242, 1.548, 0.319);(-0.018, -0.059, -0.012, 0.998);
8.42662;Origin: (0.273, 1.547, 0.323), Dir: (-0.148, -0.015, 0.989);Origin: (0.210, 1.549, 0.315), Dir: (-0.259, -0.102, 0.960);(0.242, 1.548, 0.319);(-0.018, -0.059, -0.012, 0.998);
8.49879;Origin: (0.273, 1.547, 0.323), Dir: (-0.150, -0.019, 0.988);Origin: (0.210, 1.548, 0.315), Dir: (-0.259, -0.102, 0.960);(0.241, 1.548, 0.319);(-0.018, -0.060, -0.012, 0.998);
8.52373;Origin: (0.273, 1.547, 0.323), Dir: (-0.164, -0.019, 0.986);Origin: (0.210, 1.548, 0.315), Dir: (-0.259, -0.102, 0.960);(0.241, 1.548, 0.319);(-0.018, -0.060, -0.012, 0.998);
8.55594;Origin: (0.272, 1.547, 0.323), Dir: (-0.157, -0.022, 0.987);Origin: (0.210, 1.548, 0.315), Dir: (-0.259, -0.102, 0.960);(0.241, 1.548, 0.319);(-0.018, -0.060, -0.012, 0.998);
8.58436;Origin: (0.272, 1.547, 0.323), Dir: (-0.161, -0.033, 0.986);Origin: (0.210, 1.548, 0.315), Dir: (-0.260, -0.102, 0.960);(0.241, 1.548, 0.319);(-0.018, -0.060, -0.012, 0.998);
8.65047;Origin: (0.272, 1.547, 0.323), Dir: (-0.156, -0.021, 0.988);Origin: (0.210, 1.548, 0.315), Dir: (-0.260, -0.102, 0.960);(0.241, 1.548, 0.319);(-0.018, -0.060, -0.012, 0.998);
8.67506;Origin: (0.272, 1.547, 0.323), Dir: (-0.137, -0.034, 0.990);Origin: (0.210, 1.548, 0.315), Dir: (-0.260, -0.102, 0.960);(0.241, 1.548, 0.319);(-0.018, -0.061, -0.012, 0.998);
8.71314;Origin: (0.272, 1.547, 0.323), Dir: (-0.145, -0.034, 0.989);Origin: (0.209, 1.548, 0.315), Dir: (-0.261, -0.101, 0.960);(0.241, 1.548, 0.319);(-0.018, -0.061, -0.012, 0.998);
8.74346;Origin: (0.272, 1.547, 0.323), Dir: (-0.149, -0.036, 0.988);Origin: (0.209, 1.548, 0.316), Dir: (-0.261, -0.102, 0.960);(0.241, 1.548, 0.319);(-0.018, -0.061, -0.012, 0.998);
8.82439;Origin: (0.272, 1.547, 0.323), Dir: (-0.151, -0.036, 0.988);Origin: (0.209, 1.548, 0.316), Dir: (-0.261, -0.101, 0.960);(0.241, 1.548, 0.319);(-0.018, -0.061, -0.012, 0.998);
8.85654;Origin: (0.272, 1.547, 0.323), Dir: (-0.186, -0.021, 0.982);Origin: (0.209, 1.549, 0.316), Dir: (-0.262, -0.102, 0.960);(0.241, 1.548, 0.320);(-0.018, -0.061, -0.012, 0.998);
8.88693;Origin: (0.272, 1.547, 0.323), Dir: (-0.147, -0.019, 0.989);Origin: (0.209, 1.549, 0.316), Dir: (-0.262, -0.102, 0.960);(0.240, 1.548, 0.319);(-0.018, -0.061, -0.013, 0.998);
8.91855;Origin: (0.272, 1.547, 0.323), Dir: (-0.147, -0.019, 0.989);Origin: (0.209, 1.549, 0.316), Dir: (-0.262, -0.102, 0.960);(0.241, 1.548, 0.320);(-0.018, -0.062, -0.013, 0.998);
9.00227;Origin: (0.272, 1.547, 0.323), Dir: (-0.162, -0.034, 0.986);Origin: (0.209, 1.549, 0.316), Dir: (-0.262, -0.101, 0.960);(0.240, 1.548, 0.320);(-0.019, -0.062, -0.014, 0.998);
9.05932;Origin: (0.272, 1.547, 0.323), Dir: (-0.157, -0.034, 0.987);Origin: (0.209, 1.549, 0.316), Dir: (-0.266, -0.100, 0.959);(0.241, 1.548, 0.319);(-0.020, -0.062, -0.014, 0.998);
9.08332;Origin: (0.272, 1.548, 0.323), Dir: (-0.142, -0.037, 0.989);Origin: (0.209, 1.549, 0.316), Dir: (-0.266, -0.101, 0.959);(0.241, 1.548, 0.320);(-0.020, -0.061, -0.014, 0.998);
9.15947;Origin: (0.272, 1.548, 0.324), Dir: (-0.090, -0.101, 0.991);Origin: (0.209, 1.549, 0.316), Dir: (-0.264, -0.101, 0.959);(0.240, 1.549, 0.320);(-0.022, -0.060, -0.013, 0.998);
9.19991;Origin: (0.272, 1.547, 0.324), Dir: (-0.138, -0.049, 0.989);Origin: (0.209, 1.549, 0.317), Dir: (-0.262, -0.124, 0.957);(0.241, 1.548, 0.320);(-0.026, -0.061, -0.012, 0.998);
9.22202;Origin: (0.272, 1.548, 0.327), Dir: (-0.146, 0.035, 0.989);Origin: (0.209, 1.549, 0.319), Dir: (-0.268, -0.043, 0.962);(0.241, 1.548, 0.323);(-0.049, -0.063, -0.008, 0.997);
9.25408;Origin: (0.272, 1.549, 0.329), Dir: (-0.148, 0.078, 0.986);Origin: (0.210, 1.549, 0.321), Dir: (-0.270, -0.001, 0.963);(0.241, 1.549, 0.325);(-0.070, -0.064, -0.006, 0.995);
9.32176;Origin: (0.272, 1.550, 0.331), Dir: (-0.149, 0.104, 0.983);Origin: (0.210, 1.549, 0.323), Dir: (-0.270, 0.024, 0.963);(0.241, 1.550, 0.327);(-0.084, -0.064, -0.004, 0.994);
9.34539;Origin: (0.273, 1.550, 0.332), Dir: (-0.149, 0.133, 0.980);Origin: (0.211, 1.550, 0.324), Dir: (-0.270, 0.052, 0.961);(0.242, 1.550, 0.328);(-0.098, -0.064, -0.002, 0.993);
9.38232;Origin: (0.275, 1.551, 0.338), Dir: (-0.147, 0.181, 0.973);Origin: (0.212, 1.550, 0.330), Dir: (-0.268, 0.099, 0.958);(0.243, 1.550, 0.334);(-0.123, -0.063, 0.000, 0.990);
9.41372;Origin: (0.275, 1.551, 0.340), Dir: (-0.146, 0.194, 0.970);Origin: (0.213, 1.550, 0.332), Dir: (-0.267, 0.112, 0.957);(0.244, 1.550, 0.336);(-0.129, -0.063, 0.000, 0.990);
9.47886;Origin: (0.276, 1.552, 0.343), Dir: (-0.143, 0.206, 0.968);Origin: (0.213, 1.551, 0.335), Dir: (-0.265, 0.124, 0.956);(0.245, 1.551, 0.339);(-0.135, -0.062, 0.000, 0.989);
9.50078;Origin: (0.277, 1.553, 0.346), Dir: (-0.141, 0.213, 0.967);Origin: (0.214, 1.552, 0.339), Dir: (-0.262, 0.132, 0.956);(0.245, 1.553, 0.342);(-0.139, -0.060, -0.003, 0.988);
9.52764;Origin: (0.278, 1.553, 0.350), Dir: (-0.136, 0.222, 0.966);Origin: (0.216, 1.552, 0.343), Dir: (-0.258, 0.143, 0.955);(0.247, 1.553, 0.347);(-0.143, -0.058, -0.008, 0.988);
9.55686;Origin: (0.279, 1.552, 0.352), Dir: (-0.136, 0.223, 0.965);Origin: (0.216, 1.553, 0.345), Dir: (-0.259, 0.144, 0.955);(0.247, 1.552, 0.349);(-0.143, -0.059, -0.010, 0.988);
9.58182;Origin: (0.279, 1.554, 0.354), Dir: (-0.137, 0.224, 0.965);Origin: (0.216, 1.554, 0.346), Dir: (-0.260, 0.144, 0.955);(0.247, 1.554, 0.350);(-0.143, -0.059, -0.010, 0.988);
9.65206;Origin: (0.279, 1.555, 0.355), Dir: (-0.139, 0.225, 0.964);Origin: (0.216, 1.555, 0.347), Dir: (-0.262, 0.145, 0.954);(0.247, 1.555, 0.351);(-0.144, -0.060, -0.010, 0.988);
9.67505;Origin: (0.278, 1.555, 0.356), Dir: (-0.141, 0.226, 0.964);Origin: (0.216, 1.556, 0.348), Dir: (-0.264, 0.147, 0.953);(0.247, 1.556, 0.352);(-0.145, -0.061, -0.010, 0.988);
9.69814;Origin: (0.278, 1.557, 0.357), Dir: (-0.145, 0.226, 0.963);Origin: (0.216, 1.557, 0.349), Dir: (-0.268, 0.146, 0.952);(0.247, 1.557, 0.353);(-0.145, -0.063, -0.010, 0.987);
9.72496;Origin: (0.278, 1.557, 0.358), Dir: (-0.146, 0.227, 0.963);Origin: (0.216, 1.557, 0.349), Dir: (-0.268, 0.147, 0.952);(0.247, 1.557, 0.354);(-0.145, -0.064, -0.009, 0.987);
9.75425;Origin: (0.278, 1.557, 0.358), Dir: (-0.147, 0.228, 0.963);Origin: (0.215, 1.557, 0.350), Dir: (-0.269, 0.148, 0.952);(0.247, 1.557, 0.354);(-0.146, -0.064, -0.008, 0.987);
9.81991;Origin: (0.278, 1.558, 0.358), Dir: (-0.148, 0.229, 0.962);Origin: (0.215, 1.557, 0.349), Dir: (-0.270, 0.149, 0.951);(0.246, 1.558, 0.353);(-0.146, -0.065, -0.007, 0.987);
9.84123;Origin: (0.277, 1.557, 0.357), Dir: (-0.148, 0.228, 0.962);Origin: (0.215, 1.557, 0.349), Dir: (-0.271, 0.148, 0.951);(0.246, 1.557, 0.353);(-0.146, -0.065, -0.007, 0.987);
9.87062;Origin: (0.277, 1.557, 0.357), Dir: (-0.149, 0.221, 0.964);Origin: (0.214, 1.556, 0.349), Dir: (-0.271, 0.141, 0.952);(0.245, 1.557, 0.353);(-0.143, -0.065, -0.006, 0.988);
9.89707;Origin: (0.276, 1.557, 0.356), Dir: (-0.149, 0.215, 0.965);Origin: (0.214, 1.556, 0.348), Dir: (-0.271, 0.135, 0.953);(0.245, 1.556, 0.352);(-0.139, -0.065, -0.006, 0.988);
9.92555;Origin: (0.276, 1.556, 0.356), Dir: (-0.151, 0.208, 0.966);Origin: (0.213, 1.556, 0.348), Dir: (-0.272, 0.128, 0.954);(0.244, 1.556, 0.352);(-0.136, -0.066, -0.006, 0.988);
9.99420;Origin: (0.275, 1.557, 0.356), Dir: (-0.153, 0.204, 0.967);Origin: (0.213, 1.556, 0.348), Dir: (-0.274, 0.123, 0.954);(0.244, 1.556, 0.352);(-0.134, -0.067, -0.005, 0.989);
10.01823;Origin: (0.274, 1.557, 0.356), Dir: (-0.156, 0.201, 0.967);Origin: (0.212, 1.557, 0.348), Dir: (-0.278, 0.121, 0.953);(0.243, 1.557, 0.352);(-0.133, -0.068, -0.005, 0.989);
10.05431;Origin: (0.273, 1.558, 0.357), Dir: (-0.168, 0.205, 0.964);Origin: (0.211, 1.557, 0.347), Dir: (-0.289, 0.124, 0.949);(0.242, 1.557, 0.352);(-0.135, -0.075, -0.003, 0.988);
10.08454;Origin: (0.273, 1.558, 0.357), Dir: (-0.174, 0.209, 0.962);Origin: (0.210, 1.557, 0.347), Dir: (-0.294, 0.127, 0.947);(0.242, 1.558, 0.352);(-0.137, -0.077, -0.001, 0.988);
10.14949;Origin: (0.272, 1.559, 0.357), Dir: (-0.178, 0.213, 0.961);Origin: (0.210, 1.557, 0.347), Dir: (-0.299, 0.131, 0.945);(0.241, 1.558, 0.352);(-0.139, -0.079, 0.001, 0.987);
10.17184;Origin: (0.271, 1.559, 0.355), Dir: (-0.182, 0.217, 0.959);Origin: (0.209, 1.557, 0.345), Dir: (-0.302, 0.135, 0.944);(0.240, 1.558, 0.350);(-0.142, -0.081, 0.003, 0.987);
10.19724;Origin: (0.270, 1.559, 0.353), Dir: (-0.188, 0.221, 0.957);Origin: (0.208, 1.557, 0.343), Dir: (-0.307, 0.137, 0.942);(0.239, 1.558, 0.348);(-0.143, -0.084, 0.004, 0.986);
10.22762;Origin: (0.269, 1.560, 0.353), Dir: (-0.191, 0.223, 0.956);Origin: (0.207, 1.557, 0.343), Dir: (-0.310, 0.139, 0.940);(0.238, 1.558, 0.348);(-0.145, -0.085, 0.005, 0.986);
10.25358;Origin: (0.268, 1.560, 0.353), Dir: (-0.194, 0.228, 0.954);Origin: (0.206, 1.558, 0.342), Dir: (-0.313, 0.144, 0.939);(0.237, 1.559, 0.348);(-0.147, -0.087, 0.006, 0.985);
10.32077;Origin: (0.267, 1.561, 0.352), Dir: (-0.198, 0.232, 0.952);Origin: (0.205, 1.558, 0.341), Dir: (-0.317, 0.148, 0.937);(0.236, 1.559, 0.346);(-0.150, -0.089, 0.007, 0.985);
10.34062;Origin: (0.266, 1.562, 0.351), Dir: (-0.203, 0.237, 0.950);Origin: (0.205, 1.559, 0.340), Dir: (-0.322, 0.152, 0.935);(0.235, 1.560, 0.345);(-0.153, -0.091, 0.009, 0.984);
10.36718;Origin: (0.265, 1.563, 0.350), Dir: (-0.212, 0.246, 0.946);Origin: (0.203, 1.560, 0.338), Dir: (-0.329, 0.160, 0.930);(0.234, 1.561, 0.344);(-0.158, -0.095, 0.012, 0.983);
10.39526;Origin: (0.264, 1.564, 0.350), Dir: (-0.216, 0.250, 0.944);Origin: (0.202, 1.560, 0.338), Dir: (-0.334, 0.164, 0.928);(0.233, 1.562, 0.344);(-0.160, -0.097, 0.014, 0.982);
10.42583;Origin: (0.263, 1.565, 0.350), Dir: (-0.220, 0.255, 0.942);Origin: (0.201, 1.561, 0.338), Dir: (-0.337, 0.168, 0.926);(0.232, 1.563, 0.344);(-0.163, -0.099, 0.016, 0.982);
10.49296;Origin: (0.262, 1.565, 0.350), Dir: (-0.224, 0.259, 0.940);Origin: (0.200, 1.561, 0.338), Dir: (-0.340, 0.171, 0.925);(0.231, 1.563, 0.344);(-0.165, -0.101, 0.018, 0.981);
10.51516;Origin: (0.261, 1.566, 0.350), Dir: (-0.227, 0.263, 0.938);Origin: (0.199, 1.561, 0.338), Dir: (-0.343, 0.175, 0.923);(0.230, 1.564, 0.344);(-0.168, -0.102, 0.020, 0.980);
10.53962;Origin: (0.258, 1.567, 0.354), Dir: (-0.229, 0.281, 0.932);Origin: (0.197, 1.562, 0.342), Dir: (-0.345, 0.193, 0.919);(0.227, 1.565, 0.348);(-0.177, -0.103, 0.022, 0.979);
10.57016;Origin: (0.256, 1.568, 0.355), Dir: (-0.227, 0.298, 0.927);Origin: (0.195, 1.563, 0.343), Dir: (-0.343, 0.209, 0.916);(0.226, 1.566, 0.349);(-0.186, -0.102, 0.022, 0.977);
10.59735;Origin: (0.255, 1.569, 0.356), Dir: (-0.223, 0.314, 0.923);Origin: (0.193, 1.564, 0.344), Dir: (-0.339, 0.226, 0.913);(0.224, 1.567, 0.350);(-0.195, -0.099, 0.023, 0.976);
10.66708;Origin: (0.254, 1.570, 0.357), Dir: (-0.219, 0.325, 0.920);Origin: (0.192, 1.564, 0.345), Dir: (-0.335, 0.236, 0.912);(0.223, 1.567, 0.351);(-0.200, -0.097, 0.024, 0.975);
10.68863;Origin: (0.254, 1.571, 0.353), Dir: (-0.218, 0.330, 0.918);Origin: (0.192, 1.565, 0.342), Dir: (-0.334, 0.242, 0.911);(0.223, 1.568, 0.347);(-0.203, -0.097, 0.024, 0.974);
10.72354;Origin: (0.255, 1.572, 0.348), Dir: (-0.215, 0.331, 0.919);Origin: (0.194, 1.567, 0.337), Dir: (-0.332, 0.244, 0.911);(0.224, 1.569, 0.343);(-0.203, -0.096, 0.019, 0.974);
10.75471;Origin: (0.256, 1.572, 0.348), Dir: (-0.214, 0.329, 0.920);Origin: (0.194, 1.567, 0.337), Dir: (-0.331, 0.242, 0.912);(0.225, 1.569, 0.342);(-0.202, -0.096, 0.018, 0.975);
10.82353;Origin: (0.256, 1.572, 0.347), Dir: (-0.213, 0.328, 0.920);Origin: (0.194, 1.568, 0.336), Dir: (-0.331, 0.240, 0.913);(0.225, 1.570, 0.342);(-0.201, -0.095, 0.018, 0.975);
10.84364;Origin: (0.256, 1.572, 0.346), Dir: (-0.213, 0.325, 0.921);Origin: (0.194, 1.568, 0.335), Dir: (-0.331, 0.237, 0.913);(0.225, 1.570, 0.341);(-0.199, -0.095, 0.019, 0.975);
10.88139;Origin: (0.255, 1.574, 0.344), Dir: (-0.221, 0.308, 0.925);Origin: (0.193, 1.568, 0.332), Dir: (-0.337, 0.219, 0.916);(0.224, 1.571, 0.338);(-0.192, -0.098, 0.028, 0.976);
10.91053;Origin: (0.253, 1.575, 0.344), Dir: (-0.227, 0.298, 0.927);Origin: (0.192, 1.569, 0.332), Dir: (-0.342, 0.207, 0.917);(0.223, 1.572, 0.338);(-0.187, -0.101, 0.031, 0.977);
10.97830;Origin: (0.252, 1.576, 0.344), Dir: (-0.234, 0.292, 0.927);Origin: (0.191, 1.570, 0.332), Dir: (-0.348, 0.201, 0.916);(0.222, 1.573, 0.338);(-0.185, -0.104, 0.034, 0.977);
11.00308;Origin: (0.251, 1.576, 0.344), Dir: (-0.239, 0.292, 0.926);Origin: (0.190, 1.570, 0.332), Dir: (-0.353, 0.200, 0.914);(0.221, 1.573, 0.338);(-0.185, -0.107, 0.034, 0.976);
11.03996;Origin: (0.248, 1.579, 0.343), Dir: (-0.247, 0.299, 0.922);Origin: (0.186, 1.572, 0.330), Dir: (-0.360, 0.207, 0.910);(0.217, 1.576, 0.336);(-0.189, -0.110, 0.036, 0.975);
11.06805;Origin: (0.247, 1.580, 0.342), Dir: (-0.248, 0.301, 0.921);Origin: (0.186, 1.573, 0.329), Dir: (-0.361, 0.209, 0.909);(0.216, 1.576, 0.336);(-0.191, -0.111, 0.039, 0.975);
11.13715;Origin: (0.246, 1.581, 0.341), Dir: (-0.249, 0.301, 0.921);Origin: (0.185, 1.573, 0.329), Dir: (-0.361, 0.208, 0.909);(0.216, 1.577, 0.335);(-0.191, -0.110, 0.042, 0.974);
11.15916;Origin: (0.246, 1.582, 0.340), Dir: (-0.246, 0.301, 0.921);Origin: (0.184, 1.574, 0.328), Dir: (-0.358, 0.207, 0.911);(0.215, 1.578, 0.334);(-0.192, -0.109, 0.046, 0.974);
11.19578;Origin: (0.245, 1.582, 0.336), Dir: (-0.234, 0.291, 0.928);Origin: (0.183, 1.573, 0.325), Dir: (-0.345, 0.196, 0.918);(0.214, 1.578, 0.330);(-0.186, -0.102, 0.052, 0.976);
11.22576;Origin: (0.244, 1.582, 0.335), Dir: (-0.233, 0.287, 0.929);Origin: (0.183, 1.574, 0.324), Dir: (-0.344, 0.192, 0.919);(0.213, 1.578, 0.329);(-0.183, -0.102, 0.047, 0.977);
11.29616;Origin: (0.245, 1.582, 0.332), Dir: (-0.237, 0.285, 0.929);Origin: (0.183, 1.575, 0.320), Dir: (-0.350, 0.192, 0.917);(0.214, 1.578, 0.326);(-0.181, -0.105, 0.039, 0.977);
11.31761;Origin: (0.245, 1.583, 0.331), Dir: (-0.245, 0.282, 0.928);Origin: (0.184, 1.576, 0.318), Dir: (-0.359, 0.190, 0.914);(0.214, 1.579, 0.325);(-0.180, -0.110, 0.034, 0.977);
11.35396;Origin: (0.244, 1.585, 0.332), Dir: (-0.248, 0.294, 0.923);Origin: (0.183, 1.578, 0.319), Dir: (-0.362, 0.202, 0.910);(0.214, 1.581, 0.325);(-0.186, -0.112, 0.033, 0.976);
11.38283;Origin: (0.244, 1.586, 0.333), Dir: (-0.251, 0.300, 0.920);Origin: (0.182, 1.579, 0.320), Dir: (-0.365, 0.209, 0.907);(0.213, 1.582, 0.326);(-0.189, -0.113, 0.032, 0.975);
11.46193;Origin: (0.242, 1.585, 0.334), Dir: (-0.257, 0.304, 0.917);Origin: (0.181, 1.579, 0.321), Dir: (-0.370, 0.213, 0.904);(0.212, 1.582, 0.327);(-0.191, -0.116, 0.032, 0.974);
11.48212;Origin: (0.241, 1.586, 0.336), Dir: (-0.266, 0.316, 0.911);Origin: (0.180, 1.579, 0.322), Dir: (-0.380, 0.225, 0.897);(0.211, 1.583, 0.329);(-0.198, -0.121, 0.030, 0.972);
11.50968;Origin: (0.238, 1.586, 0.338), Dir: (-0.309, 0.369, 0.877);Origin: (0.177, 1.578, 0.322), Dir: (-0.422, 0.276, 0.864);(0.207, 1.582, 0.330);(-0.228, -0.143, 0.033, 0.963);
11.54093;Origin: (0.236, 1.587, 0.339), Dir: (-0.323, 0.395, 0.860);Origin: (0.176, 1.578, 0.322), Dir: (-0.435, 0.301, 0.849);(0.206, 1.582, 0.331);(-0.242, -0.150, 0.035, 0.958);
11.60463;Origin: (0.236, 1.587, 0.335), Dir: (-0.333, 0.403, 0.853);Origin: (0.176, 1.577, 0.318), Dir: (-0.444, 0.309, 0.841);(0.206, 1.582, 0.327);(-0.248, -0.154, 0.038, 0.956);
11.62649;Origin: (0.234, 1.587, 0.335), Dir: (-0.338, 0.401, 0.851);Origin: (0.174, 1.577, 0.317), Dir: (-0.450, 0.307, 0.839);(0.204, 1.582, 0.326);(-0.247, -0.157, 0.037, 0.955);
11.65209;Origin: (0.232, 1.586, 0.334), Dir: (-0.337, 0.389, 0.857);Origin: (0.173, 1.579, 0.316), Dir: (-0.451, 0.297, 0.842);(0.202, 1.582, 0.325);(-0.238, -0.159, 0.023, 0.958);
11.68027;Origin: (0.232, 1.586, 0.335), Dir: (-0.331, 0.377, 0.865);Origin: (0.172, 1.580, 0.316), Dir: (-0.445, 0.287, 0.848);(0.202, 1.583, 0.326);(-0.229, -0.157, 0.015, 0.960);
11.76131;Origin: (0.232, 1.586, 0.335), Dir: (-0.326, 0.365, 0.872);Origin: (0.172, 1.581, 0.316), Dir: (-0.442, 0.277, 0.853);(0.202, 1.583, 0.325);(-0.222, -0.156, 0.008, 0.963);
11.83490;Origin: (0.234, 1.585, 0.336), Dir: (-0.318, 0.330, 0.889);Origin: (0.174, 1.581, 0.318), Dir: (-0.435, 0.244, 0.867);(0.204, 1.583, 0.327);(-0.201, -0.153, -0.002, 0.968);
11.85770;Origin: (0.235, 1.583, 0.338), Dir: (-0.315, 0.314, 0.896);Origin: (0.175, 1.580, 0.319), Dir: (-0.432, 0.229, 0.872);(0.205, 1.582, 0.329);(-0.192, -0.151, -0.006, 0.970);
11.88239;Origin: (0.236, 1.582, 0.341), Dir: (-0.310, 0.288, 0.906);Origin: (0.176, 1.580, 0.322), Dir: (-0.429, 0.206, 0.880);(0.206, 1.581, 0.332);(-0.177, -0.150, -0.015, 0.973);
11.91332;Origin: (0.237, 1.581, 0.338), Dir: (-0.309, 0.286, 0.907);Origin: (0.177, 1.580, 0.320), Dir: (-0.427, 0.204, 0.881);(0.207, 1.580, 0.329);(-0.176, -0.149, -0.015, 0.973);
11.97840;Origin: (0.238, 1.580, 0.340), Dir: (-0.307, 0.287, 0.907);Origin: (0.178, 1.578, 0.321), Dir: (-0.426, 0.205, 0.881);(0.208, 1.579, 0.331);(-0.176, -0.148, -0.014, 0.973);
12.00142;Origin: (0.238, 1.580, 0.341), Dir: (-0.305, 0.286, 0.908);Origin: (0.178, 1.578, 0.322), Dir: (-0.424, 0.204, 0.883);(0.208, 1.579, 0.332);(-0.176, -0.147, -0.013, 0.973);
12.03535;Origin: (0.239, 1.581, 0.340), Dir: (-0.301, 0.284, 0.910);Origin: (0.179, 1.579, 0.322), Dir: (-0.419, 0.202, 0.885);(0.209, 1.580, 0.331);(-0.175, -0.144, -0.011, 0.974);
12.07014;Origin: (0.240, 1.580, 0.340), Dir: (-0.299, 0.283, 0.911);Origin: (0.179, 1.578, 0.322), Dir: (-0.417, 0.200, 0.887);(0.209, 1.579, 0.331);(-0.175, -0.143, -0.010, 0.974);
12.13562;Origin: (0.240, 1.579, 0.341), Dir: (-0.298, 0.282, 0.912);Origin: (0.179, 1.577, 0.323), Dir: (-0.417, 0.199, 0.887);(0.210, 1.578, 0.332);(-0.174, -0.143, -0.010, 0.974);
12.15600;Origin: (0.240, 1.579, 0.340), Dir: (-0.298, 0.281, 0.912);Origin: (0.179, 1.577, 0.322), Dir: (-0.416, 0.198, 0.887);(0.210, 1.578, 0.331);(-0.174, -0.142, -0.010, 0.974);
12.18342;Origin: (0.240, 1.579, 0.339), Dir: (-0.298, 0.279, 0.913);Origin: (0.179, 1.577, 0.321), Dir: (-0.416, 0.196, 0.888);(0.209, 1.578, 0.330);(-0.173, -0.142, -0.010, 0.975);
12.21317;Origin: (0.240, 1.578, 0.339), Dir: (-0.297, 0.278, 0.913);Origin: (0.179, 1.577, 0.321), Dir: (-0.416, 0.196, 0.888);(0.209, 1.577, 0.330);(-0.172, -0.142, -0.011, 0.975);
12.24289;Origin: (0.240, 1.578, 0.339), Dir: (-0.296, 0.278, 0.914);Origin: (0.179, 1.576, 0.322), Dir: (-0.415, 0.195, 0.889);(0.210, 1.577, 0.330);(-0.172, -0.142, -0.011, 0.975);
12.30565;Origin: (0.240, 1.578, 0.340), Dir: (-0.295, 0.278, 0.914);Origin: (0.179, 1.577, 0.322), Dir: (-0.413, 0.196, 0.889);(0.210, 1.577, 0.331);(-0.172, -0.141, -0.011, 0.975);
12.32726;Origin: (0.240, 1.578, 0.340), Dir: (-0.293, 0.279, 0.915);Origin: (0.179, 1.577, 0.322), Dir: (-0.412, 0.196, 0.890);(0.210, 1.578, 0.331);(-0.172, -0.140, -0.011, 0.975);
12.35373;Origin: (0.240, 1.578, 0.340), Dir: (-0.290, 0.279, 0.916);Origin: (0.179, 1.577, 0.323), Dir: (-0.409, 0.197, 0.891);(0.209, 1.577, 0.331);(-0.173, -0.138, -0.011, 0.975);
12.38176;Origin: (0.240, 1.578, 0.340), Dir: (-0.289, 0.279, 0.916);Origin: (0.179, 1.577, 0.323), Dir: (-0.408, 0.197, 0.892);(0.209, 1.577, 0.332);(-0.172, -0.138, -0.012, 0.975);
12.41062;Origin: (0.240, 1.578, 0.341), Dir: (-0.288, 0.278, 0.916);Origin: (0.179, 1.577, 0.323), Dir: (-0.407, 0.196, 0.892);(0.209, 1.577, 0.332);(-0.172, -0.138, -0.013, 0.975);
12.47972;Origin: (0.239, 1.578, 0.341), Dir: (-0.287, 0.277, 0.917);Origin: (0.179, 1.577, 0.324), Dir: (-0.407, 0.196, 0.892);(0.209, 1.577, 0.332);(-0.171, -0.137, -0.014, 0.976);
12.50131;Origin: (0.239, 1.578, 0.340), Dir: (-0.286, 0.277, 0.917);Origin: (0.179, 1.577, 0.323), Dir: (-0.406, 0.196, 0.893);(0.209, 1.578, 0.331);(-0.171, -0.137, -0.015, 0.976);
12.52619;Origin: (0.240, 1.579, 0.340), Dir: (-0.285, 0.278, 0.917);Origin: (0.179, 1.577, 0.323), Dir: (-0.404, 0.197, 0.893);(0.209, 1.578, 0.331);(-0.172, -0.136, -0.014, 0.976);
12.55397;Origin: (0.240, 1.579, 0.340), Dir: (-0.284, 0.279, 0.918);Origin: (0.179, 1.577, 0.323), Dir: (-0.403, 0.197, 0.894);(0.209, 1.578, 0.332);(-0.172, -0.135, -0.013, 0.976);
12.58271;Origin: (0.240, 1.579, 0.341), Dir: (-0.283, 0.278, 0.918);Origin: (0.179, 1.577, 0.324), Dir: (-0.402, 0.197, 0.894);(0.209, 1.578, 0.332);(-0.172, -0.135, -0.013, 0.976);
12.64948;Origin: (0.240, 1.579, 0.341), Dir: (-0.281, 0.279, 0.918);Origin: (0.179, 1.577, 0.324), Dir: (-0.400, 0.197, 0.895);(0.210, 1.578, 0.332);(-0.172, -0.134, -0.013, 0.976);
12.67241;Origin: (0.240, 1.578, 0.341), Dir: (-0.279, 0.279, 0.919);Origin: (0.179, 1.577, 0.324), Dir: (-0.398, 0.198, 0.896);(0.210, 1.578, 0.333);(-0.172, -0.133, -0.013, 0.976);
12.71044;Origin: (0.240, 1.578, 0.341), Dir: (-0.273, 0.279, 0.921);Origin: (0.180, 1.577, 0.324), Dir: (-0.393, 0.198, 0.898);(0.210, 1.578, 0.333);(-0.172, -0.130, -0.013, 0.976);
12.73920;Origin: (0.241, 1.578, 0.340), Dir: (-0.271, 0.279, 0.921);Origin: (0.180, 1.577, 0.324), Dir: (-0.391, 0.197, 0.899);(0.210, 1.578, 0.332);(-0.172, -0.129, -0.013, 0.977);
12.80877;Origin: (0.240, 1.578, 0.339), Dir: (-0.268, 0.278, 0.922);Origin: (0.180, 1.577, 0.324), Dir: (-0.388, 0.197, 0.900);(0.210, 1.578, 0.332);(-0.171, -0.127, -0.013, 0.977);
12.83379;Origin: (0.241, 1.578, 0.340), Dir: (-0.266, 0.277, 0.923);Origin: (0.180, 1.577, 0.324), Dir: (-0.386, 0.196, 0.901);(0.210, 1.578, 0.332);(-0.171, -0.126, -0.013, 0.977);
12.86922;Origin: (0.241, 1.579, 0.339), Dir: (-0.264, 0.278, 0.923);Origin: (0.180, 1.577, 0.324), Dir: (-0.384, 0.197, 0.902);(0.211, 1.578, 0.332);(-0.172, -0.125, -0.012, 0.977);
12.89786;Origin: (0.241, 1.579, 0.339), Dir: (-0.264, 0.279, 0.923);Origin: (0.180, 1.577, 0.324), Dir: (-0.384, 0.197, 0.902);(0.211, 1.578, 0.331);(-0.172, -0.125, -0.011, 0.977);
12.96452;Origin: (0.241, 1.579, 0.339), Dir: (-0.263, 0.279, 0.923);Origin: (0.180, 1.577, 0.324), Dir: (-0.383, 0.197, 0.902);(0.211, 1.578, 0.331);(-0.172, -0.125, -0.010, 0.977);
12.98943;Origin: (0.241, 1.579, 0.339), Dir: (-0.262, 0.279, 0.924);Origin: (0.180, 1.577, 0.324), Dir: (-0.382, 0.197, 0.903);(0.211, 1.578, 0.331);(-0.173, -0.124, -0.010, 0.977);
13.02629;Origin: (0.242, 1.579, 0.339), Dir: (-0.257, 0.280, 0.925);Origin: (0.181, 1.577, 0.324), Dir: (-0.377, 0.198, 0.905);(0.211, 1.578, 0.331);(-0.173, -0.121, -0.008, 0.977);
13.06509;Origin: (0.242, 1.579, 0.339), Dir: (-0.254, 0.281, 0.926);Origin: (0.181, 1.577, 0.324), Dir: (-0.374, 0.198, 0.906);(0.211, 1.578, 0.331);(-0.174, -0.119, -0.008, 0.978);
13.13997;Origin: (0.242, 1.578, 0.338), Dir: (-0.252, 0.280, 0.926);Origin: (0.181, 1.577, 0.324), Dir: (-0.372, 0.198, 0.907);(0.211, 1.578, 0.331);(-0.173, -0.118, -0.008, 0.978);
13.16208;Origin: (0.242, 1.578, 0.338), Dir: (-0.252, 0.280, 0.926);Origin: (0.181, 1.577, 0.324), Dir: (-0.371, 0.198, 0.907);(0.212, 1.578, 0.331);(-0.173, -0.118, -0.008, 0.978);
13.19677;Origin: (0.242, 1.578, 0.338), Dir: (-0.252, 0.280, 0.926);Origin: (0.181, 1.577, 0.323), Dir: (-0.372, 0.198, 0.907);(0.211, 1.577, 0.331);(-0.173, -0.118, -0.008, 0.978);
13.22858;Origin: (0.242, 1.578, 0.338), Dir: (-0.253, 0.281, 0.926);Origin: (0.181, 1.577, 0.323), Dir: (-0.373, 0.198, 0.907);(0.211, 1.578, 0.331);(-0.174, -0.119, -0.008, 0.978);
13.30035;Origin: (0.242, 1.578, 0.338), Dir: (-0.253, 0.281, 0.926);Origin: (0.181, 1.577, 0.323), Dir: (-0.373, 0.199, 0.906);(0.211, 1.578, 0.331);(-0.174, -0.119, -0.007, 0.978);
13.32547;Origin: (0.242, 1.578, 0.338), Dir: (-0.253, 0.281, 0.926);Origin: (0.181, 1.577, 0.323), Dir: (-0.373, 0.199, 0.906);(0.211, 1.578, 0.331);(-0.174, -0.119, -0.007, 0.978);
13.35369;Origin: (0.242, 1.579, 0.338), Dir: (-0.253, 0.281, 0.926);Origin: (0.181, 1.577, 0.323), Dir: (-0.373, 0.198, 0.906);(0.211, 1.578, 0.331);(-0.174, -0.119, -0.007, 0.978);
13.38186;Origin: (0.242, 1.578, 0.338), Dir: (-0.253, 0.281, 0.926);Origin: (0.181, 1.577, 0.323), Dir: (-0.373, 0.198, 0.906);(0.211, 1.578, 0.331);(-0.174, -0.119, -0.006, 0.978);
13.44930;Origin: (0.242, 1.578, 0.338), Dir: (-0.253, 0.281, 0.926);Origin: (0.181, 1.577, 0.323), Dir: (-0.373, 0.198, 0.906);(0.211, 1.578, 0.331);(-0.174, -0.119, -0.007, 0.978);
13.47198;Origin: (0.242, 1.578, 0.338), Dir: (-0.253, 0.281, 0.926);Origin: (0.181, 1.577, 0.323), Dir: (-0.373, 0.198, 0.906);(0.211, 1.577, 0.331);(-0.174, -0.119, -0.007, 0.978);
13.49706;Origin: (0.242, 1.579, 0.338), Dir: (-0.254, 0.281, 0.925);Origin: (0.181, 1.577, 0.323), Dir: (-0.374, 0.199, 0.906);(0.211, 1.578, 0.331);(-0.174, -0.119, -0.007, 0.977);
13.52784;Origin: (0.242, 1.579, 0.338), Dir: (-0.254, 0.281, 0.925);Origin: (0.181, 1.577, 0.323), Dir: (-0.374, 0.199, 0.906);(0.211, 1.578, 0.331);(-0.174, -0.119, -0.006, 0.977);
13.55440;Origin: (0.242, 1.579, 0.338), Dir: (-0.255, 0.281, 0.925);Origin: (0.181, 1.577, 0.323), Dir: (-0.374, 0.199, 0.906);(0.211, 1.578, 0.331);(-0.174, -0.120, -0.006, 0.977);
13.62531;Origin: (0.242, 1.579, 0.338), Dir: (-0.255, 0.281, 0.925);Origin: (0.180, 1.577, 0.323), Dir: (-0.374, 0.199, 0.906);(0.211, 1.578, 0.331);(-0.174, -0.120, -0.006, 0.977);
13.64923;Origin: (0.242, 1.579, 0.338), Dir: (-0.255, 0.281, 0.925);Origin: (0.180, 1.577, 0.323), Dir: (-0.375, 0.199, 0.906);(0.211, 1.578, 0.331);(-0.174, -0.120, -0.006, 0.977);
13.68470;Origin: (0.241, 1.579, 0.338), Dir: (-0.255, 0.281, 0.925);Origin: (0.180, 1.577, 0.323), Dir: (-0.375, 0.198, 0.906);(0.211, 1.578, 0.330);(-0.174, -0.120, -0.006, 0.977);
13.71119;Origin: (0.241, 1.579, 0.338), Dir: (-0.256, 0.281, 0.925);Origin: (0.180, 1.577, 0.323), Dir: (-0.375, 0.198, 0.906);(0.211, 1.578, 0.330);(-0.174, -0.120, -0.006, 0.977);
13.77926;Origin: (0.241, 1.579, 0.338), Dir: (-0.256, 0.281, 0.925);Origin: (0.180, 1.577, 0.323), Dir: (-0.375, 0.198, 0.905);(0.211, 1.578, 0.330);(-0.174, -0.120, -0.006, 0.977);
13.80247;Origin: (0.241, 1.579, 0.338), Dir: (-0.256, 0.281, 0.925);Origin: (0.180, 1.577, 0.323), Dir: (-0.375, 0.198, 0.905);(0.211, 1.578, 0.330);(-0.174, -0.120, -0.006, 0.977);
13.82495;Origin: (0.241, 1.579, 0.338), Dir: (-0.256, 0.281, 0.925);Origin: (0.180, 1.577, 0.323), Dir: (-0.376, 0.198, 0.905);(0.210, 1.578, 0.330);(-0.174, -0.120, -0.006, 0.977);
13.85388;Origin: (0.241, 1.579, 0.338), Dir: (-0.256, 0.281, 0.925);Origin: (0.180, 1.577, 0.323), Dir: (-0.376, 0.198, 0.905);(0.210, 1.578, 0.330);(-0.174, -0.120, -0.006, 0.977);
13.88326;Origin: (0.241, 1.579, 0.338), Dir: (-0.257, 0.281, 0.925);Origin: (0.180, 1.577, 0.323), Dir: (-0.376, 0.198, 0.905);(0.210, 1.578, 0.330);(-0.174, -0.121, -0.006, 0.977);
13.95411;Origin: (0.241, 1.579, 0.338), Dir: (-0.257, 0.281, 0.925);Origin: (0.180, 1.577, 0.323), Dir: (-0.377, 0.198, 0.905);(0.210, 1.578, 0.330);(-0.174, -0.121, -0.006, 0.977);
14.00410;Origin: (0.241, 1.579, 0.338), Dir: (-0.257, 0.281, 0.924);Origin: (0.180, 1.577, 0.323), Dir: (-0.377, 0.199, 0.905);(0.210, 1.578, 0.330);(-0.174, -0.121, -0.006, 0.977);
