Timestamp;Total_Angles_x;Total_Angles_y;Main Camera (1)_position;Main Camera (1)_orientation;messages;
0.00000;70.47953;-19.52042;(0.00, 1.60, 0.00);(0.00, 0.00, 0.00);
0.02000;0;-35.91512;(0.00, 1.60, 0.00);(0.00, 0.00, 0.00);
0.35333;0.5132191;-40.73416;(-0.02, 1.51, 0.45);(348.28, 1.60, 0.19);Pattern 1 saccade;
0.66452;9.658347;-1.475092;(-0.18, 1.47, 0.53);(353.69, 350.71, 357.07);No pattern saccade;
0.76709;-6.171419;-8.230349;(-0.18, 1.47, 0.53);(354.07, 350.18, 356.52);No pattern saccade;
0.82852;-7.287112;-8.644461;(-0.16, 1.47, 0.53);(354.02, 0.17, 356.58);No pattern saccade;
0.88907;3.606326;-8.597676;(-0.18, 1.47, 0.53);(353.97, 348.59, 356.41);
0.93403;-8.420154;-8.557996;(-0.18, 1.47, 0.53);(353.92, 348.56, 356.36);Pattern 1 saccade;
0.97400;-8.463323;-8.511518;(-0.18, 1.47, 0.53);(353.87, 348.53, 356.35);Pattern 1 saccade;
1.01879;-8.499874;-8.466595;(-0.18, 1.47, 0.53);(353.79, 348.52, 356.30);
1.11523;-8.510841;-8.383265;(-0.18, 1.47, 0.53);(353.78, 348.45, 356.27);
1.16312;-8.587391;-8.366911;(-0.18, 1.47, 0.53);(353.87, 348.47, 356.31);
1.20322;-8.561604;-8.465973;(-0.18, 1.47, 0.53);(353.91, 348.58, 356.28);
1.27028;-8.460671;-8.506454;(-0.18, 1.47, 0.53);(353.98, 348.62, 356.20);
1.30538;-11.43902;-8.77893;(-0.04, 1.49, 0.43);(353.99, 3.78, 356.10);
1.34580;6.478409;-8.588679;(-0.04, 1.49, 0.43);(353.92, 4.04, 356.03);Pattern 1 saccade;
1.39202;6.715749;-8.53094;(-0.04, 1.49, 0.43);(353.86, 4.10, 355.99);Pattern 1 saccade;
1.45658;6.765915;-8.476003;(-0.04, 1.49, 0.43);(353.85, 4.01, 355.97);
1.48850;6.673881;-8.465302;(-0.04, 1.49, 0.43);(353.83, 3.84, 355.95);
1.51888;6.276916;-9.23297;(-0.03, 1.52, 0.45);(353.84, 353.64, 355.95);
1.55935;-3.556336;-8.52173;(-0.03, 1.52, 0.45);(353.88, 353.65, 355.95);
1.62536;-3.555577;-8.539556;(-0.03, 1.53, 0.45);(353.91, 353.76, 355.95);Pattern 1 saccade;
1.65944;-3.486676;-8.39957;(-0.03, 1.52, 0.45);(353.90, 353.84, 355.94);
1.70183;-3.419455;-8.375144;(-0.03, 1.52, 0.45);(353.89, 354.00, 355.89);
1.73064;-3.250777;-8.479415;(-0.03, 1.52, 0.45);(353.89, 354.02, 355.85);
1.78559;-3.236608;-8.492421;(-0.03, 1.52, 0.45);(353.89, 354.00, 355.82);
1.82303;-3.252259;-8.514543;(-0.03, 1.52, 0.45);(353.88, 354.00, 355.81);
1.85873;-3.269631;-8.492259;(-0.03, 1.52, 0.45);(353.90, 354.07, 355.82);
1.90446;-3.185968;-8.523777;(-0.03, 1.52, 0.45);(353.92, 354.05, 355.82);
1.97094;-3.206058;-8.53159;(-0.03, 1.52, 0.45);(353.91, 354.00, 355.76);
2.00310;-3.257259;-8.533798;(-0.03, 1.52, 0.45);(353.87, 353.99, 355.74);
2.04936;-3.285459;-8.511139;(-0.03, 1.52, 0.45);(353.83, 354.01, 355.73);
2.08897;-3.259993;-8.449764;(-0.03, 1.52, 0.45);(353.84, 353.96, 355.76);
2.15776;-3.304509;-8.456517;(-0.03, 1.52, 0.45);(353.88, 353.86, 355.77);
2.18781;-3.402101;-8.485703;(-0.03, 1.52, 0.45);(353.95, 353.85, 355.77);
2.21639;-3.409395;-8.545893;(-0.03, 1.52, 0.45);(354.00, 353.99, 355.82);
2.24754;-3.260705;-8.609344;(-0.03, 1.52, 0.45);(354.00, 354.11, 355.83);
2.31792;-3.143869;-8.619123;(-0.03, 1.52, 0.45);(353.97, 354.19, 355.81);
2.35927;-3.067688;-8.589737;(-0.03, 1.52, 0.45);(353.94, 354.22, 355.79);
2.40206;-3.028484;-8.574039;(-0.03, 1.52, 0.45);(353.97, 354.18, 355.82);
2.47128;-3.066904;-8.586696;(-0.03, 1.52, 0.45);(353.98, 354.07, 355.83);
2.50722;-3.178957;-8.592446;(-0.03, 1.52, 0.45);(353.99, 353.97, 355.88);
2.55971;-3.2593;-8.607938;(-0.03, 1.52, 0.45);(354.00, 353.90, 355.94);
2.63395;-3.32132;-8.615509;(-0.03, 1.52, 0.45);(354.03, 353.84, 355.95);
2.67436;-3.372813;-8.63467;(-0.03, 1.52, 0.45);(354.03, 353.83, 355.94);
2.71883;-3.38937;-8.63844;(-0.03, 1.52, 0.45);(353.98, 353.84, 355.97);
2.78339;-3.36417;-8.599502;(-0.03, 1.52, 0.45);(353.94, 353.77, 355.95);
2.81564;-3.438597;-8.544708;(-0.03, 1.52, 0.45);(353.87, 353.62, 355.93);
2.84539;-3.593608;-8.477017;(-0.03, 1.52, 0.45);(353.58, 353.31, 355.78);
2.88887;-3.944257;-8.202792;(-0.03, 1.52, 0.45);(353.41, 353.17, 355.75);
2.95749;-4.086257;-8.033771;(-0.03, 1.52, 0.45);(353.23, 352.91, 355.84);
2.98867;-4.324965;-7.845548;(-0.03, 1.52, 0.45);(353.15, 352.46, 356.02);
3.02979;-4.714204;-7.757522;(-0.03, 1.52, 0.45);(353.00, 351.56, 356.13);
3.07357;-5.598839;-7.612236;(-0.03, 1.52, 0.45);(352.82, 350.62, 356.24);
3.12836;-6.499072;-7.425117;(-0.03, 1.52, 0.45);(352.51, 349.59, 356.42);
3.16155;-7.487493;-7.09831;(-0.03, 1.52, 0.45);(352.24, 348.94, 356.50);
3.20099;-8.113384;-6.831627;(-0.03, 1.52, 0.45);(351.77, 347.47, 356.73);
3.23111;-9.534188;-6.346819;(-0.04, 1.52, 0.45);(351.56, 346.29, 356.95);
3.29082;-10.66103;-6.128445;(-0.04, 1.52, 0.45);(351.47, 345.56, 357.06);
3.33093;-11.36922;-6.022558;(-0.04, 1.52, 0.45);(351.35, 344.81, 357.16);
3.37705;-12.07048;-5.923495;(-0.04, 1.52, 0.45);(350.91, 343.18, 357.55);
3.41749;-13.60178;-5.454751;(-0.04, 1.52, 0.45);(350.57, 342.34, 357.74);
3.47173;-14.40127;-5.10752;(-0.04, 1.52, 0.45);(350.23, 341.44, 357.90);
3.50135;-15.2686;-4.754661;(-0.04, 1.52, 0.45);(350.04, 340.72, 358.06);
3.53224;-15.92366;-4.563788;(-0.04, 1.52, 0.45);(349.67, 339.03, 358.48);
3.57695;-17.53965;-4.154903;(-0.04, 1.52, 0.45);(349.51, 338.09, 358.65);
3.64447;-18.43791;-3.98959;(-0.04, 1.52, 0.45);(349.33, 336.41, 358.97);
3.68878;-20.04417;-3.790871;(-0.04, 1.52, 0.45);(349.20, 334.57, 359.36);
3.71691;-21.77085;-3.65037;(-0.05, 1.52, 0.45);(348.97, 331.68, 359.94);
3.75946;-24.552;-3.379185;(-0.05, 1.52, 0.45);(348.85, 330.54, 0.18);
3.81983;-25.62119;-3.238252;(-0.05, 1.53, 0.45);(348.56, 329.02, 0.56);Pattern 1 saccade;
3.86107;-27.06059;-2.919033;(-0.05, 1.53, 0.45);(348.37, 328.04, 0.76);
3.90306;-27.9561;-2.733817;(-0.05, 1.53, 0.44);(348.02, 325.57, 1.25);
3.94521;-30.32631;-2.339644;(-0.05, 1.53, 0.44);(347.85, 323.97, 1.62);
4.00345;-31.84095;-2.145574;(-0.05, 1.53, 0.44);(347.68, 322.37, 1.92);Pattern 1 saccade;
4.04865;-33.3928;-1.944898;(-0.05, 1.53, 0.44);(347.57, 321.23, 2.10);
4.08887;-34.44897;-1.831525;(-0.06, 1.53, 0.44);(347.37, 318.19, 2.50);
4.13046;-37.43716;-1.598179;(-0.06, 1.53, 0.44);(347.30, 316.23, 2.72);
4.18664;-39.34454;-1.520725;(-0.06, 1.53, 0.44);(347.22, 314.24, 3.14);Pattern 1 saccade;
4.21585;-41.24048;-1.399967;(-0.06, 1.53, 0.44);(347.14, 312.94, 3.42);
4.24734;-42.45867;-1.306765;(-0.06, 1.53, 0.44);(346.91, 310.53, 3.97);
4.29212;-44.76079;-1.026427;(-0.06, 1.53, 0.44);(346.80, 309.29, 4.27);
4.35457;-45.90693;-0.8943616;(-0.06, 1.53, 0.44);(346.70, 307.33, 4.64);Pattern 1 saccade;
4.38730;-47.78446;-0.7663341;(-0.06, 1.53, 0.44);(346.69, 305.32, 4.87);
4.41628;-49.72404;-0.7379645;(-0.07, 1.53, 0.43);(346.75, 302.57, 5.10);
4.44874;-52.46168;-0.777584;(-0.07, 1.53, 0.43);(346.80, 301.20, 5.33);
4.51380;-53.77274;-0.8072405;(-0.07, 1.53, 0.43);(346.79, 300.02, 5.56);Pattern 1 saccade;
4.54343;-54.89886;-0.7837413;(-0.07, 1.53, 0.43);(346.74, 298.47, 5.86);
4.58511;-56.36877;-0.7137201;(-0.07, 1.53, 0.43);(346.66, 296.73, 6.32);
4.61647;-58.01104;-0.5815418;(-0.07, 1.53, 0.43);(346.63, 295.81, 6.59);
4.68629;-58.85094;-0.5314438;(-0.07, 1.53, 0.43);(346.61, 294.24, 6.94);
4.71986;-60.33567;-0.4783192;(-0.08, 1.53, 0.43);(346.63, 292.46, 7.23);
4.75928;-62.0352;-0.487035;(-0.08, 1.53, 0.43);(346.66, 289.87, 7.72);
4.78815;-64.55273;-0.4659316;(-0.08, 1.53, 0.43);(346.70, 287.93, 8.19);
4.83961;-66.39668;-0.4520422;(-0.08, 1.53, 0.43);(346.73, 286.76, 8.49);Pattern 1 saccade;
4.87393;-67.49417;-0.4467591;(-0.08, 1.53, 0.43);(346.73, 285.65, 8.70);
4.90160;-68.53546;-0.441821;(-0.08, 1.53, 0.42);(346.68, 283.93, 8.67);
4.93169;-70.28214;-0.3860313;(-0.08, 1.54, 0.42);(346.64, 283.23, 8.56);
4.97537;-71.01476;-0.356439;(-0.08, 1.54, 0.42);(346.62, 282.62, 8.61);
5.04158;-71.6129;-0.3530526;(-0.08, 1.54, 0.42);(346.59, 281.72, 8.94);
5.08852;-72.40652;-0.27834;(-0.08, 1.54, 0.42);(346.57, 280.77, 9.18);
5.11608;-73.28296;-0.2391253;(-0.08, 1.54, 0.42);(346.73, 278.51, 9.53);
5.14844;-75.49439;-0.3491808;(-0.09, 1.54, 0.42);(346.77, 277.35, 9.67);
5.21427;-76.63521;-0.3801364;(-0.09, 1.54, 0.42);(346.76, 276.20, 9.85);Pattern 1 saccade;
5.24628;-77.76446;-0.3540995;(-0.09, 1.54, 0.42);(346.68, 274.55, 10.11);
5.27663;-79.34316;-0.2586949;(-0.09, 1.54, 0.42);(346.56, 272.96, 10.55);
5.31651;-80.85099;-0.0791688;(-0.09, 1.54, 0.42);(346.53, 272.35, 10.78);
5.38331;-81.38293;-0.0310853;(-0.09, 1.54, 0.42);(346.37, 271.70, 10.92);
5.41825;-81.99205;0.1529788;(-0.09, 1.54, 0.42);(346.26, 271.19, 10.88);
5.45963;-82.52225;0.2478584;(-0.09, 1.54, 0.41);(346.31, 270.69, 10.37);
5.48896;-83.1547;0.162893;(-0.09, 1.54, 0.41);(346.46, 270.21, 9.99);
5.54152;-83.72218;-0.03287859;(-0.09, 1.54, 0.41);(346.65, 269.84, 10.09);
5.57382;-84.06377;-0.2157699;(-0.09, 1.54, 0.41);(346.91, 269.42, 10.32);
5.60420;-84.4;-0.4491592;(-0.09, 1.54, 0.41);(347.23, 268.66, 10.46);
5.63422;-85.10159;-0.759652;(-0.09, 1.54, 0.41);(347.36, 268.05, 10.61);
5.67683;-85.65458;-0.8601627;(-0.09, 1.54, 0.41);(347.47, 267.34, 10.80);
5.74150;-86.26136;-0.9617076;(-0.10, 1.54, 0.41);(347.56, 266.17, 10.95);
5.77460;-87.32797;-1.036602;(-0.10, 1.54, 0.41);(347.58, 265.01, 10.98);
5.80187;-88.33282;-1.06209;(-0.10, 1.54, 0.41);(347.44, 263.85, 11.05);
5.83133;-89.07507;-0.9127518;(-0.10, 1.54, 0.41);(347.38, 263.34, 11.12);
5.88626;-89.10474;-0.8264425;(-0.10, 1.54, 0.41);(347.31, 262.94, 11.08);
5.91701;-88.92426;-0.771153;(-0.10, 1.54, 0.41);(347.22, 262.58, 10.96);
5.94489;-88.6897;-0.695071;(-0.10, 1.54, 0.41);(347.15, 261.71, 10.84);
5.97449;-87.86641;-0.6305799;(-0.10, 1.54, 0.41);(347.16, 261.29, 10.86);
6.01730;-87.46434;-0.6378655;(-0.10, 1.54, 0.41);(347.25, 260.87, 11.00);
6.08356;-87.07497;-0.7098123;(-0.10, 1.54, 0.41);(347.31, 260.24, 11.21);
6.12080;-86.51036;-0.7648292;(-0.11, 1.54, 0.41);(347.46, 259.52, 11.51);
6.16109;-85.86602;-0.8914559;(-0.11, 1.55, 0.40);(347.60, 258.41, 11.90);
6.20506;-84.82774;-0.9773685;(-0.11, 1.55, 0.40);(347.60, 257.41, 12.02);
6.27233;-83.8641;-0.9687583;(-0.11, 1.55, 0.40);(347.51, 256.49, 12.08);
6.30196;-82.97417;-0.8650749;(-0.11, 1.55, 0.40);(347.40, 255.51, 12.12);
6.33475;-82.0108;-0.7541769;(-0.11, 1.55, 0.40);(347.23, 254.49, 12.02);
6.37496;-80.98169;-0.5877128;(-0.11, 1.55, 0.40);(347.25, 254.11, 12.00);
6.42928;-80.60275;-0.6147183;(-0.11, 1.55, 0.40);(347.31, 253.80, 11.92);
6.45961;-80.25828;-0.6751594;(-0.11, 1.55, 0.40);(347.33, 253.66, 11.89);
6.48847;-80.11369;-0.7088305;(-0.11, 1.55, 0.40);(347.42, 253.48, 11.90);
6.51633;-79.931;-0.7884318;(-0.11, 1.55, 0.40);(347.47, 253.40, 11.92);
6.54796;-79.87049;-0.8402994;(-0.12, 1.55, 0.40);(347.54, 253.33, 11.97);
6.61762;-79.8123;-0.9134966;(-0.12, 1.55, 0.40);(347.64, 253.15, 12.08);
6.65888;-79.65447;-0.997681;(-0.12, 1.55, 0.39);(347.71, 252.67, 12.17);
6.68830;-79.19478;-1.058005;(-0.12, 1.55, 0.39);(347.91, 251.50, 12.35);
6.71851;-78.03735;-1.227851;(-0.12, 1.55, 0.39);(348.02, 251.05, 12.47);
6.78789;-77.59729;-1.319191;(-0.12, 1.55, 0.39);(348.09, 250.66, 12.54);
6.81438;-77.23309;-1.387241;(-0.12, 1.55, 0.39);(348.15, 250.19, 12.56);
6.84444;-76.75292;-1.44869;(-0.12, 1.55, 0.39);(348.20, 249.66, 12.55);
6.87505;-76.21198;-1.491952;(-0.12, 1.55, 0.39);(348.21, 249.47, 12.56);
6.94448;-76.01438;-1.500016;(-0.12, 1.55, 0.39);(348.23, 249.30, 12.56);
6.97579;-75.85217;-1.521267;(-0.12, 1.55, 0.39);(348.24, 249.21, 12.51);
7.01591;-75.75533;-1.529507;(-0.12, 1.55, 0.39);(348.25, 249.10, 12.46);
7.05950;-75.63645;-1.542235;(-0.12, 1.55, 0.39);(348.32, 248.93, 12.42);
7.11499;-75.44679;-1.622847;(-0.12, 1.55, 0.39);(348.41, 248.85, 12.41);
7.14536;-75.35382;-1.716264;(-0.12, 1.55, 0.39);(348.47, 248.77, 12.42);
7.19229;-75.26096;-1.782597;(-0.12, 1.55, 0.39);(348.51, 248.65, 12.47);
7.23182;-75.14985;-1.813075;(-0.12, 1.55, 0.39);(348.50, 248.47, 12.51);
7.30318;-74.9831;-1.794786;(-0.12, 1.55, 0.39);(348.48, 248.44, 12.44);
7.34419;-74.93333;-1.780601;(-0.12, 1.55, 0.39);(348.49, 248.44, 12.52);
7.37320;-74.96712;-1.775223;(-0.12, 1.55, 0.39);(348.38, 248.53, 12.42);
7.40630;-75.0383;-1.684954;(-0.12, 1.55, 0.39);(348.38, 248.48, 12.42);
7.46995;-74.99061;-1.687359;(-0.12, 1.55, 0.39);(348.37, 248.44, 12.38);
7.50319;-74.9332;-1.680714;(-0.12, 1.55, 0.39);(348.32, 248.42, 12.28);
7.52980;-74.87883;-1.628645;(-0.12, 1.55, 0.39);(348.32, 248.33, 12.19);
7.55961;-74.78133;-1.651829;(-0.12, 1.55, 0.39);(348.30, 248.42, 12.12);
7.61529;-74.86049;-1.639112;(-0.12, 1.55, 0.39);(348.31, 248.44, 12.14);
7.64681;-74.88622;-1.645836;(-0.12, 1.55, 0.39);(348.29, 248.46, 12.14);
7.68794;-74.89603;-1.625687;(-0.12, 1.55, 0.39);(348.16, 248.58, 11.97);
7.71683;-75.00933;-1.514629;(-0.12, 1.55, 0.39);(348.09, 248.71, 11.93);
7.77204;-75.12563;-1.453816;(-0.12, 1.55, 0.39);(348.05, 248.86, 11.88);
7.80349;-75.26522;-1.412443;(-0.12, 1.55, 0.39);(348.03, 249.03, 11.80);
7.83748;-75.42471;-1.407004;(-0.12, 1.55, 0.39);(347.94, 249.36, 11.78);
7.87858;-75.74789;-1.320115;(-0.12, 1.55, 0.39);(347.92, 249.39, 11.82);
7.94119;-75.78604;-1.296842;(-0.12, 1.55, 0.39);(347.93, 249.26, 11.76);
7.97338;-75.63422;-1.309086;(-0.12, 1.55, 0.39);(347.92, 249.09, 11.49);
8.00424;-75.3884;-1.320401;(-0.12, 1.55, 0.39);(347.73, 249.52, 10.88);
8.06013;-75.69846;-1.20144;(-0.12, 1.55, 0.39);(347.53, 250.11, 10.47);
8.13154;-76.17149;-1.044413;(-0.12, 1.55, 0.39);(347.16, 251.87, 9.71);
8.17674;-77.78036;-0.7569356;(-0.12, 1.55, 0.40);(347.03, 253.31, 9.09);
8.21631;-79.05256;-0.6859432;(-0.12, 1.55, 0.40);(346.80, 255.79, 7.90);
8.27137;-81.27947;-0.5821889;(-0.12, 1.55, 0.40);(346.62, 257.18, 7.26);
8.30692;-82.53516;-0.4566986;(-0.12, 1.55, 0.40);(346.55, 258.05, 6.91);Pattern 1 saccade;
8.34484;-83.30859;-0.4226867;(-0.12, 1.55, 0.40);(346.54, 259.68, 6.42);
8.37453;-84.81499;-0.457882;(-0.12, 1.55, 0.40);(346.50, 260.77, 6.04);
8.43054;-85.81886;-0.4476722;(-0.12, 1.55, 0.41);(346.43, 261.36, 5.87);
8.47366;-86.39169;-0.3922003;(-0.12, 1.55, 0.41);(346.36, 261.78, 5.72);
8.50582;-86.75598;-0.3414577;(-0.12, 1.55, 0.41);(346.16, 262.76, 5.28);
8.54485;-87.67191;-0.1703132;(-0.12, 1.55, 0.41);(346.12, 263.01, 5.19);
8.60214;-87.89895;-0.1384708;(-0.12, 1.55, 0.41);(346.04, 263.32, 5.08);
8.63014;-88.19009;-0.0683312;(-0.12, 1.55, 0.41);(345.97, 263.43, 5.00);
8.66000;-88.27173;-0.01019021;(-0.12, 1.55, 0.41);(345.82, 263.59, 4.87);
8.70507;-88.40296;0.1286913;(-0.12, 1.55, 0.41);(345.72, 263.65, 4.84);
8.77438;-88.44003;0.2350267;(-0.12, 1.55, 0.41);(345.53, 263.72, 4.80);
8.81608;-88.4689;0.4312114;(-0.12, 1.55, 0.41);(345.37, 263.81, 4.67);
8.84457;-88.45998;0.5784192;(-0.11, 1.55, 0.41);(345.18, 264.20, 4.46);
8.87543;-88.68821;0.7385995;(-0.11, 1.55, 0.41);(345.12, 264.40, 4.37);
8.94277;-88.804;0.7938468;(-0.11, 1.55, 0.41);(345.07, 264.70, 4.25);
8.97646;-88.94483;0.8345699;(-0.11, 1.55, 0.41);(345.04, 265.30, 4.08);
9.01714;-89.145;0.8524551;(-0.11, 1.55, 0.41);(345.01, 266.11, 3.93);
9.05969;-88.88338;0.8642817;(-0.11, 1.55, 0.41);(344.94, 266.56, 3.77);
9.11306;-88.54424;0.9243305;(-0.11, 1.55, 0.41);(344.84, 266.90, 3.64);
9.14515;-88.25079;1.002471;(-0.11, 1.55, 0.41);(344.82, 267.02, 3.65);
9.17711;-88.13124;1.029571;(-0.11, 1.55, 0.41);(344.78, 267.06, 3.72);
9.21693;-88.07919;1.066322;(-0.11, 1.55, 0.41);(344.74, 266.99, 3.77);
9.27102;-88.09074;1.117427;(-0.11, 1.55, 0.41);(344.68, 266.72, 3.96);
9.30125;-88.21897;1.193577;(-0.11, 1.55, 0.41);(344.68, 266.52, 4.06);
9.32990;-88.3307;1.209203;(-0.11, 1.55, 0.41);(344.69, 266.21, 4.13);
9.35935;-88.52714;1.203531;(-0.11, 1.55, 0.41);(344.67, 266.17, 4.13);
9.39195;-88.53073;1.222677;(-0.11, 1.55, 0.41);(344.63, 266.25, 4.09);
9.45418;-88.46903;1.254652;(-0.11, 1.55, 0.41);(344.60, 266.42, 4.02);
9.48813;-88.3466;1.28628;(-0.11, 1.55, 0.41);(344.57, 266.76, 3.89);
9.51602;-88.13702;1.30249;(-0.11, 1.55, 0.42);(344.54, 267.34, 3.72);
9.54718;-87.70672;1.310713;(-0.11, 1.55, 0.42);(344.52, 267.59, 3.68);
9.61385;-87.48955;1.332696;(-0.11, 1.55, 0.42);(344.49, 267.81, 3.63);
9.64793;-87.29332;1.356603;(-0.11, 1.55, 0.42);(344.47, 267.99, 3.59);
9.68805;-87.13618;1.371263;(-0.11, 1.55, 0.42);(344.44, 268.02, 3.57);
9.71566;-87.10612;1.399572;(-0.11, 1.55, 0.42);(344.42, 267.98, 3.52);
9.78150;-87.14768;1.417402;(-0.11, 1.55, 0.42);(344.43, 267.95, 3.51);
9.81678;-87.17395;1.411011;(-0.11, 1.55, 0.42);(344.44, 268.04, 3.51);
9.84895;-87.10525;1.407215;(-0.11, 1.54, 0.42);(344.40, 268.56, 3.40);
9.88854;-86.65034;1.438422;(-0.11, 1.54, 0.42);(344.38, 268.89, 3.33);
9.94444;-86.37091;1.45267;(-0.11, 1.54, 0.42);(344.38, 269.54, 3.16);
9.97309;-85.79528;1.444054;(-0.10, 1.54, 0.42);(344.39, 270.22, 2.97);
10.00230;-85.22463;1.421922;(-0.10, 1.54, 0.42);(344.45, 272.26, 2.62);
10.05927;-83.33643;1.32906;(-0.10, 1.54, 0.42);(344.50, 273.64, 2.39);
10.11722;-82.07236;1.26987;(-0.10, 1.54, 0.42);(344.52, 276.62, 1.79);
10.15880;-79.2291;1.197424;(-0.10, 1.54, 0.42);(344.54, 278.23, 1.33);
10.18975;-77.78413;1.139995;(-0.10, 1.54, 0.42);(344.56, 283.06, 0.54);Pattern 1 saccade;
10.23102;-73.11237;1.079675;(-0.10, 1.54, 0.42);(344.59, 284.67, 0.32);
10.28842;-71.59756;1.039433;(-0.10, 1.54, 0.42);(344.57, 287.44, 359.82);Pattern 1 saccade;
10.31844;-68.92766;1.018949;(-0.10, 1.54, 0.42);(344.59, 289.29, 359.51);
10.35861;-67.17797;0.9870886;(-0.09, 1.54, 0.42);(344.61, 292.61, 358.99);Pattern 1 saccade;
10.38782;-63.97968;0.9384388;(-0.09, 1.54, 0.42);(344.49, 295.18, 358.65);
10.43872;-61.49071;1.024906;(-0.09, 1.54, 0.42);(344.42, 296.64, 358.49);Pattern 1 saccade;
10.47480;-60.04378;1.078241;(-0.09, 1.54, 0.42);(344.40, 298.03, 358.36);Pattern 1 saccade;
10.51579;-58.72419;1.087341;(-0.09, 1.54, 0.42);(344.31, 300.17, 358.32);
10.54820;-56.55901;1.173692;(-0.08, 1.54, 0.42);(344.27, 301.41, 358.39);
10.61367;-55.28732;1.221058;(-0.08, 1.54, 0.42);(344.28, 302.36, 358.35);Pattern 1 saccade;
10.64543;-54.37255;1.202481;(-0.08, 1.54, 0.42);(344.29, 303.92, 358.38);
10.68774;-52.84497;1.191077;(-0.08, 1.55, 0.42);(344.10, 306.18, 358.33);
10.71576;-50.56799;1.386772;(-0.08, 1.55, 0.42);(343.83, 307.99, 358.24);
10.76919;-48.76644;1.648961;(-0.07, 1.55, 0.42);(343.88, 309.16, 358.16);Pattern 1 saccade;
10.80343;-47.59917;1.606686;(-0.07, 1.55, 0.42);(344.06, 310.60, 358.00);
10.84389;-46.25233;1.417582;(-0.07, 1.55, 0.42);(344.58, 313.90, 357.64);
10.87526;-43.03452;0.8883547;(-0.07, 1.55, 0.42);(345.01, 316.46, 357.28);
10.94532;-40.53819;0.4351062;(-0.06, 1.55, 0.42);(345.25, 318.21, 357.04);Pattern 1 saccade;
10.98900;-38.86806;0.1680968;(-0.06, 1.55, 0.42);(345.74, 320.57, 356.67);Pattern 1 saccade;
11.02034;-36.64912;-0.3272805;(-0.06, 1.55, 0.42);(347.17, 325.07, 355.86);
11.07463;-32.27589;-1.782394;(-0.06, 1.55, 0.42);(347.87, 327.14, 355.48);Pattern 1 saccade;
11.14231;-30.33157;-2.493819;(-0.05, 1.55, 0.43);(348.90, 331.88, 354.43);No pattern saccade;
11.17468;-25.81465;-3.575596;(-0.05, 1.55, 0.43);(349.37, 334.96, 353.60);No pattern saccade;
11.21614;-22.95521;-4.061052;(-0.05, 1.55, 0.43);(350.34, 338.61, 352.93);Pattern 1 saccade;
11.26177;-19.44905;-5.054739;(-0.04, 1.54, 0.43);(351.42, 341.08, 352.79);Pattern 1 saccade;
11.33122;-17.00446;-6.136524;(-0.04, 1.54, 0.43);(352.45, 343.59, 352.58);Pattern 1 saccade;
11.37463;-14.52446;-7.16546;(-0.04, 1.54, 0.43);(353.04, 345.98, 352.28);No pattern saccade;
11.41536;-12.2517;-7.777078;(-0.03, 1.54, 0.43);(353.64, 349.99, 351.50);No pattern saccade;
11.47091;-8.409862;-8.396514;(-0.03, 1.54, 0.43);(354.10, 352.24, 351.07);Pattern 1 saccade;
11.51646;-6.247506;-8.859716;(-0.03, 1.54, 0.43);(354.52, 353.62, 350.76);Pattern 1 saccade;
11.56015;-5.000221;-9.285045;(-0.02, 1.54, 0.43);(355.55, 356.51, 350.35);Pattern 1 saccade;
11.60391;-2.263642;-10.33125;(-0.02, 1.54, 0.43);(356.17, 359.01, 350.23);
11.67494;0.2026712;-10.94742;(-0.01, 1.54, 0.43);(356.32, 0.92, 350.23);No pattern saccade;
11.71842;2.086652;-11.1221;(-0.01, 1.54, 0.43);(356.25, 2.55, 350.27);Pattern 1 saccade;
11.75982;3.655702;-11.03978;(-0.01, 1.54, 0.43);(356.46, 5.57, 350.45);
11.83960;6.717556;-11.22895;(-0.01, 1.54, 0.43);(356.75, 7.29, 350.39);
11.87378;8.395797;-11.53134;(0.00, 1.53, 0.43);(357.15, 9.23, 350.19);Pattern 1 saccade;
11.90389;10.19831;-11.92303;(0.00, 1.53, 0.43);(357.65, 12.47, 349.97);
11.94732;13.32325;-12.45618;(0.00, 1.53, 0.43);(357.86, 13.79, 349.75);
12.01583;14.52618;-12.66283;(0.00, 1.53, 0.43);(358.21, 15.79, 349.47);Pattern 1 saccade;
12.05862;16.38878;-13.02863;(0.00, 1.53, 0.43);(358.57, 17.74, 349.32);
12.08893;18.20017;-13.38767;(0.00, 1.53, 0.43);(359.28, 21.09, 349.46);
12.13075;21.44414;-14.09305;(0.01, 1.53, 0.43);(359.60, 22.53, 349.46);
12.20702;22.79548;-14.4071;(0.01, 1.53, 0.43);(0.11, 24.85, 349.51);Pattern 1 saccade;
12.24310;24.98701;-14.91892;(0.01, 1.53, 0.43);(0.39, 27.07, 349.54);
12.27270;27.07001;-15.19836;(0.01, 1.53, 0.43);(0.49, 29.96, 349.21);Pattern 1 saccade;
12.30343;29.74586;-15.3054;(0.01, 1.53, 0.43);(0.46, 30.82, 349.07);Pattern 1 saccade;
12.37966;30.53325;-15.27823;(0.01, 1.53, 0.43);(0.49, 31.55, 349.00);Pattern 1 saccade;
12.41837;31.20296;-15.31458;(0.01, 1.53, 0.43);(0.62, 32.59, 349.09);
12.45920;32.16427;-15.43459;(0.01, 1.53, 0.43);(0.83, 33.94, 349.24);
12.51365;33.45212;-15.63919;(0.02, 1.53, 0.43);(0.81, 34.83, 349.31);
12.54361;34.33316;-15.63062;(0.02, 1.53, 0.43);(0.74, 35.47, 349.29);
12.58825;34.95141;-15.54301;(0.02, 1.53, 0.43);(0.65, 36.85, 349.19);
12.61913;36.24861;-15.45982;(0.02, 1.53, 0.43);(0.81, 38.37, 349.44);
12.68465;37.68829;-15.62372;(0.02, 1.53, 0.43);(0.92, 39.59, 349.70);
12.71612;38.87178;-15.72928;(0.02, 1.52, 0.43);(0.91, 41.27, 350.06);
12.75861;40.53767;-15.71179;(0.02, 1.52, 0.43);(0.81, 43.53, 350.51);
12.80348;42.82978;-15.59573;(0.02, 1.52, 0.43);(0.77, 45.08, 350.81);
12.87683;44.34246;-15.55941;(0.02, 1.52, 0.43);(0.82, 46.30, 351.09);Pattern 1 saccade;
12.91497;45.53241;-15.60145;(0.02, 1.52, 0.43);(0.84, 47.06, 351.34);
12.94415;46.28775;-15.61276;(0.02, 1.52, 0.43);(0.76, 48.03, 351.61);
12.97551;47.25767;-15.52842;(0.02, 1.52, 0.44);(0.60, 48.40, 351.58);
13.04270;47.64035;-15.36689;(0.02, 1.52, 0.44);(0.38, 48.85, 351.51);
13.08986;48.10565;-15.1482;(0.02, 1.52, 0.44);(0.00, 49.62, 351.55);
13.13024;48.93018;-14.75615;(0.02, 1.52, 0.44);(359.68, 51.09, 351.87);
13.18840;50.47867;-14.44169;(0.02, 1.52, 0.44);(359.85, 52.07, 352.20);
13.21709;51.3865;-14.59489;(0.02, 1.52, 0.44);(0.08, 52.91, 352.43);
13.24615;52.12607;-14.80407;(0.02, 1.52, 0.44);(0.54, 55.22, 352.90);
13.29436;54.15168;-15.25868;(0.02, 1.52, 0.44);(0.67, 56.59, 353.19);
13.35638;55.38854;-15.37813;(0.02, 1.52, 0.43);(0.75, 58.67, 353.66);No pattern saccade;
13.38786;57.29743;-15.43359;(0.02, 1.52, 0.43);(0.70, 60.70, 354.08);
13.41488;59.18906;-15.36764;(0.02, 1.52, 0.43);(0.54, 63.25, 354.55);Pattern 1 saccade;
13.44518;61.51889;-15.19097;(0.02, 1.52, 0.43);(0.40, 64.47, 354.87);Pattern 1 saccade;
13.51457;62.67624;-15.03526;(0.02, 1.52, 0.43);(0.22, 65.50, 355.14);Pattern 1 saccade;
13.54801;63.67103;-14.82551;(0.02, 1.52, 0.43);(359.96, 67.17, 355.34);
13.58672;65.21546;-14.55101;(0.02, 1.52, 0.43);(359.61, 69.60, 355.22);
13.61661;67.26688;-14.22024;(0.02, 1.52, 0.43);(359.31, 71.30, 355.06);
13.68389;68.72637;-13.9369;(0.02, 1.52, 0.43);(359.13, 72.35, 354.95);No pattern saccade;
13.71528;69.58285;-13.75461;(0.02, 1.51, 0.43);(358.95, 73.78, 354.79);
13.76093;70.70034;-13.59127;(0.02, 1.51, 0.43);(358.73, 75.16, 354.43);
13.80265;71.70584;-13.38971;(0.02, 1.51, 0.43);(358.73, 75.93, 354.03);
13.86162;72.14342;-13.40686;(0.02, 1.51, 0.42);(358.82, 76.80, 353.72);
13.90135;72.54819;-13.52789;(0.02, 1.51, 0.42);(358.92, 77.58, 353.75);
13.92964;72.93245;-13.61488;(0.02, 1.52, 0.42);(359.15, 79.87, 354.56);
13.96200;74.17314;-13.80741;(0.02, 1.52, 0.42);(359.30, 81.21, 354.96);
14.03317;74.68962;-13.9402;(0.02, 1.52, 0.42);(359.56, 82.64, 355.46);No pattern saccade;
14.08802;75.04218;-14.16137;(0.02, 1.52, 0.41);(359.58, 84.83, 356.39);
14.11686;75.63485;-14.15242;(0.02, 1.52, 0.41);(359.00, 89.18, 357.16);
14.17151;76.29326;-13.54196;(0.02, 1.52, 0.41);(358.75, 90.27, 357.16);Pattern 1 saccade;
14.20689;76.33116;-13.29045;(0.02, 1.52, 0.40);(358.58, 91.16, 356.98);No pattern saccade;
14.25836;76.26203;-13.14666;(0.02, 1.52, 0.40);(358.35, 92.35, 356.73);
14.30202;76.10671;-12.93817;(0.02, 1.52, 0.40);(358.05, 92.86, 356.88);
14.35729;76.16286;-12.61593;(0.02, 1.52, 0.40);(357.79, 93.28, 356.88);
14.38748;76.22284;-12.34785;(0.02, 1.52, 0.40);(357.57, 93.48, 356.83);
14.42034;76.32563;-12.1394;(0.02, 1.52, 0.40);(357.31, 93.83, 356.67);
14.45991;76.41171;-11.87313;(0.02, 1.52, 0.39);(357.26, 93.95, 356.56);
14.51332;76.40224;-11.82737;(0.02, 1.52, 0.40);(357.12, 93.96, 356.42);
14.54421;76.53414;-11.69513;(0.02, 1.52, 0.40);(357.01, 93.89, 356.29);
14.57372;76.6781;-11.58921;(0.02, 1.52, 0.40);(356.89, 93.70, 355.98);
14.60318;76.90425;-11.48231;(0.02, 1.52, 0.40);(356.88, 93.56, 355.87);
14.64877;76.97805;-11.48042;(0.02, 1.52, 0.40);(356.90, 93.52, 355.81);
14.71703;76.97176;-11.51376;(0.02, 1.52, 0.40);(356.92, 93.61, 355.84);
14.75988;76.91685;-11.53341;(0.02, 1.52, 0.40);(356.89, 93.95, 355.87);
14.80351;76.79639;-11.49082;(0.02, 1.52, 0.40);(356.87, 94.93, 355.87);
14.87038;76.30167;-11.47598;(0.02, 1.52, 0.39);(356.95, 95.56, 356.00);
14.90422;75.8676;-11.55512;(0.02, 1.52, 0.39);(356.98, 96.12, 356.26);
14.94427;75.49191;-11.5619;(0.02, 1.52, 0.39);(356.86, 96.71, 356.38);
14.97353;75.20683;-11.43895;(0.02, 1.52, 0.39);(356.74, 97.13, 356.40);
15.04902;75.02363;-11.32315;(0.02, 1.52, 0.39);(356.63, 97.41, 356.41);
15.10248;74.92642;-11.20853;(0.02, 1.52, 0.39);(356.36, 98.02, 356.47);
15.13324;74.68542;-10.9447;(0.02, 1.52, 0.39);(355.34, 99.99, 357.14);
15.20755;73.79457;-9.885409;(0.02, 1.52, 0.39);(354.86, 100.78, 357.32);
15.24404;73.40527;-9.396031;(0.02, 1.52, 0.39);(354.03, 101.70, 357.49);No pattern saccade;
15.27477;73.06561;-8.525366;(0.02, 1.52, 0.39);(352.82, 102.97, 357.24);
15.31545;72.54246;-7.347062;(0.02, 1.52, 0.39);(352.49, 103.54, 356.89);
15.37253;72.23468;-7.025524;(0.02, 1.52, 0.39);(352.26, 104.58, 356.45);
15.40321;71.44435;-6.826084;(0.02, 1.52, 0.39);(352.21, 105.35, 356.29);
15.43046;70.81546;-6.775291;(0.02, 1.52, 0.39);(352.16, 107.07, 355.92);
15.45778;69.58905;-6.740691;(0.03, 1.52, 0.39);(352.13, 108.01, 355.63);
15.48964;68.78081;-6.728724;(0.03, 1.52, 0.39);(352.12, 109.01, 355.47);
15.54765;67.86723;-6.717366;(0.03, 1.52, 0.39);(352.13, 110.08, 355.44);
15.59037;66.85871;-6.728173;(0.03, 1.52, 0.39);(352.14, 111.13, 355.45);
15.63065;65.84728;-6.747959;(0.03, 1.52, 0.38);(352.16, 113.55, 355.54);
15.67505;63.50107;-6.757462;(0.03, 1.52, 0.38);(352.18, 114.47, 355.32);
15.74096;62.67807;-6.781689;(0.03, 1.52, 0.38);(352.14, 114.93, 355.17);Pattern 1 saccade;
15.77336;62.26725;-6.744637;(0.03, 1.52, 0.38);(352.11, 115.17, 355.08);
15.80500;62.06505;-6.722666;(0.03, 1.52, 0.38);(352.19, 115.55, 355.14);
15.84578;61.66192;-6.801093;(0.03, 1.52, 0.38);(352.27, 115.63, 355.40);
15.90392;61.50931;-6.87155;(0.03, 1.52, 0.38);(352.42, 115.09, 356.25);
15.92875;61.77544;-6.985492;(0.03, 1.52, 0.38);(352.50, 114.22, 356.85);
15.95846;62.44442;-7.035101;(0.03, 1.52, 0.38);(352.76, 111.38, 357.15);
15.98844;65.02797;-7.28712;(0.03, 1.52, 0.39);(352.92, 109.48, 357.06);
16.03337;66.81207;-7.446827;(0.03, 1.52, 0.39);(353.16, 107.20, 357.10);Pattern 1 saccade;
16.11442;68.8311;-7.682071;(0.03, 1.52, 0.39);(353.62, 103.45, 357.14);
16.15953;71.70155;-8.168468;(0.03, 1.52, 0.39);(354.67, 98.12, 356.51);Pattern 1 saccade;
16.20488;75.68513;-9.254438;(0.03, 1.52, 0.40);(356.31, 91.54, 355.44);No pattern saccade;
16.27335;78.32197;-10.94507;(0.03, 1.52, 0.40);(356.95, 88.22, 354.72);No pattern saccade;
16.30496;78.3768;-11.60809;(0.03, 1.52, 0.40);(357.35, 85.69, 354.03);No pattern saccade;
16.34523;77.76694;-12.05092;(0.03, 1.52, 0.40);(357.61, 82.87, 353.23);No pattern saccade;
16.37421;76.62379;-12.34979;(0.03, 1.52, 0.40);(357.75, 81.65, 353.06);No pattern saccade;
16.43138;75.9679;-12.48431;(0.03, 1.52, 0.40);(357.75, 81.12, 352.98);No pattern saccade;
16.47586;75.69664;-12.49521;(0.02, 1.52, 0.40);(357.72, 80.94, 352.90);
16.51539;75.59222;-12.51262;(0.02, 1.53, 0.40);(357.33, 80.86, 353.21);
16.54632;75.96059;-12.06853;(0.02, 1.53, 0.39);(357.14, 80.77, 353.25);
16.61142;76.09241;-11.87583;(0.02, 1.53, 0.39);(357.05, 80.50, 353.35);
16.64323;76.04021;-11.78563;(0.02, 1.53, 0.39);(356.90, 79.81, 353.30);
16.67633;75.7449;-11.65717;(0.02, 1.53, 0.39);(356.77, 78.74, 353.40);
16.71838;75.26364;-11.49772;(0.02, 1.54, 0.39);(356.68, 78.05, 353.47);
16.78524;74.9002;-11.41486;(0.02, 1.54, 0.39);(356.58, 77.13, 353.58);
16.81440;74.39266;-11.30222;(0.02, 1.54, 0.39);(356.53, 76.29, 353.54);
16.84397;73.81117;-11.27089;(0.02, 1.54, 0.39);(356.65, 75.12, 353.33);
16.87816;72.85858;-11.38116;(0.02, 1.54, 0.39);(356.66, 74.46, 353.44);
16.94277;72.38544;-11.39063;(0.02, 1.54, 0.38);(356.57, 73.81, 353.64);
16.97491;71.99407;-11.28815;(0.02, 1.54, 0.38);(356.39, 72.93, 353.60);
17.01937;71.37814;-11.12916;(0.03, 1.54, 0.38);(356.27, 71.89, 353.58);
17.07471;70.62624;-10.99871;(0.03, 1.55, 0.38);(356.16, 71.14, 353.65);
17.13036;70.08459;-10.88578;(0.03, 1.55, 0.38);(356.15, 70.57, 353.53);
17.17511;69.57092;-10.87795;(0.03, 1.55, 0.38);(356.19, 70.22, 353.62);
17.21537;69.27422;-10.9425;(0.03, 1.55, 0.38);(356.22, 69.21, 354.47);
17.24556;68.62314;-10.90997;(0.03, 1.55, 0.39);(356.16, 68.69, 354.71);
17.30545;68.26235;-10.84054;(0.03, 1.55, 0.39);(356.11, 68.33, 354.86);
17.34657;68.02046;-10.78087;(0.03, 1.55, 0.39);(356.03, 67.92, 355.15);
17.38802;67.76286;-10.73577;(0.03, 1.55, 0.39);(355.77, 66.89, 356.05);
17.41544;67.20732;-10.40693;(0.03, 1.56, 0.39);(355.58, 66.40, 356.58);
17.47134;66.98488;-10.17901;(0.03, 1.56, 0.39);(355.42, 66.06, 356.85);
17.50110;66.81393;-10.01025;(0.04, 1.56, 0.39);(355.25, 65.71, 357.04);
17.52988;66.62775;-9.857687;(0.04, 1.56, 0.39);(354.86, 64.83, 357.53);
17.56166;66.09119;-9.418228;(0.04, 1.56, 0.39);(354.61, 64.38, 357.72);
17.61027;65.81438;-9.151571;(0.04, 1.56, 0.40);(354.27, 64.05, 357.83);
17.67496;65.65609;-8.830153;(0.04, 1.57, 0.40);(353.64, 63.81, 357.84);
17.71532;65.65319;-8.206471;(0.04, 1.57, 0.40);(352.95, 64.06, 357.79);
17.74496;66.05737;-7.555216;(0.04, 1.57, 0.40);(351.88, 64.78, 357.67);
17.77621;67.00443;-6.443562;(0.04, 1.57, 0.40);(351.43, 65.05, 357.63);
17.84409;67.38686;-5.985429;(0.04, 1.58, 0.40);(350.93, 65.21, 357.67);
17.88684;67.67183;-5.511528;(0.04, 1.58, 0.40);(350.35, 65.36, 357.67);
17.91729;67.93246;-4.930329;(0.04, 1.58, 0.41);(350.65, 65.82, 358.09);
17.94561;68.41517;-5.16317;(0.04, 1.58, 0.41);(351.06, 66.36, 358.33);
18.01459;68.89813;-5.553191;(0.04, 1.58, 0.41);(351.43, 67.22, 358.33);
18.06245;69.6207;-5.932552;(0.04, 1.58, 0.41);(351.84, 68.73, 358.15);
18.10413;70.90283;-6.360301;(0.04, 1.58, 0.41);(352.46, 70.26, 358.50);
18.17739;72.19587;-6.949206;(0.04, 1.58, 0.41);(352.87, 71.01, 358.66);
18.21632;72.74023;-7.346056;(0.04, 1.58, 0.41);(353.22, 71.70, 358.80);
18.26254;73.27113;-7.67562;(0.04, 1.58, 0.41);(353.90, 72.84, 358.75);
18.33184;73.91336;-8.353908;(0.04, 1.58, 0.41);(354.26, 73.44, 358.53);
18.37324;74.16187;-8.728508;(0.04, 1.58, 0.41);(354.46, 73.84, 358.29);
18.40074;74.35501;-8.936201;(0.04, 1.58, 0.41);(354.68, 74.09, 358.09);
18.43153;74.36848;-9.176792;(0.04, 1.58, 0.41);(354.72, 74.23, 357.91);
18.50840;74.40771;-9.221177;(0.04, 1.58, 0.41);(354.73, 74.38, 357.72);
18.54417;74.48182;-9.239646;(0.04, 1.58, 0.41);(354.83, 74.75, 357.53);
18.58809;74.65916;-9.350765;(0.04, 1.58, 0.41);(355.16, 75.58, 357.59);
18.63850;75.12584;-9.670972;(0.04, 1.58, 0.41);(355.35, 76.44, 357.69);
18.67688;75.65865;-9.858586;(0.04, 1.58, 0.41);(355.48, 77.04, 357.70);
18.71580;75.99567;-9.982226;(0.04, 1.58, 0.41);(355.71, 78.05, 357.62);
18.75930;76.4902;-10.22248;(0.04, 1.58, 0.41);(355.79, 78.61, 357.45);
18.81644;76.7492;-10.31435;(0.04, 1.58, 0.41);(355.84, 79.14, 357.17);
18.85877;76.98122;-10.37751;(0.04, 1.58, 0.41);(355.90, 79.53, 357.17);
18.88990;77.1424;-10.44353;(0.04, 1.58, 0.40);(355.99, 80.72, 357.47);
18.91727;77.79607;-10.5085;(0.04, 1.58, 0.40);(355.97, 81.16, 357.46);
18.98562;78.0218;-10.48857;(0.04, 1.58, 0.40);(356.01, 81.54, 357.45);
19.01507;78.16984;-10.52418;(0.04, 1.58, 0.40);(356.10, 82.00, 357.46);
19.08875;78.29237;-10.61053;(0.04, 1.58, 0.40);(356.15, 82.52, 357.26);
19.16166;78.4238;-10.67382;(0.04, 1.58, 0.40);(356.28, 83.12, 357.32);
19.20351;78.52005;-10.80967;(0.04, 1.58, 0.40);(356.36, 83.50, 357.35);
19.24550;78.57578;-10.87826;(0.04, 1.58, 0.40);(356.54, 84.27, 357.46);
19.32233;78.62251;-11.05887;(0.04, 1.58, 0.40);(356.59, 84.68, 357.58);
19.37798;78.66315;-11.10931;(0.04, 1.58, 0.40);(356.56, 85.03, 357.58);
19.41595;78.7763;-11.06105;(0.04, 1.58, 0.40);(356.68, 85.89, 357.83);
19.47092;78.78599;-11.171;(0.04, 1.58, 0.40);(356.81, 86.41, 357.88);
19.50086;78.68852;-11.30254;(0.04, 1.58, 0.40);(356.90, 86.69, 357.95);
19.52996;78.60546;-11.39348;(0.04, 1.58, 0.40);(356.99, 87.21, 358.08);
19.56072;78.51282;-11.48026;(0.04, 1.58, 0.40);(356.99, 87.43, 357.99);
19.60126;78.5022;-11.48293;(0.04, 1.58, 0.40);(356.96, 87.61, 357.90);
19.65946;78.51326;-11.46325;(0.04, 1.58, 0.40);(356.95, 87.87, 357.85);
19.70324;78.50327;-11.45457;(0.04, 1.58, 0.40);(356.99, 88.07, 357.83);
19.73044;78.44686;-11.4938;(0.04, 1.58, 0.39);(357.04, 88.60, 357.82);
19.77765;78.33264;-11.54141;(0.04, 1.58, 0.39);(357.06, 88.77, 357.77);
19.84142;78.28793;-11.56367;(0.04, 1.58, 0.39);(357.12, 88.92, 357.72);
19.87348;78.19984;-11.63028;(0.04, 1.58, 0.39);(357.16, 89.03, 357.53);
19.91643;78.14241;-11.67999;(0.04, 1.58, 0.39);(357.10, 89.27, 357.32);
19.95984;78.1527;-11.63353;(0.04, 1.58, 0.39);(356.98, 89.70, 357.39);
20.02325;78.1832;-11.51074;(0.04, 1.58, 0.39);(356.89, 90.37, 357.62);
20.07371;78.10095;-11.4027;(0.04, 1.58, 0.39);(356.85, 90.89, 357.70);
20.10294;77.98043;-11.36056;(0.04, 1.58, 0.39);(356.77, 91.96, 357.66);
20.14535;77.66621;-11.27587;(0.04, 1.58, 0.39);(356.76, 92.16, 357.56);
20.21998;77.59417;-11.27831;(0.04, 1.58, 0.39);(356.77, 92.49, 357.48);
20.26173;77.45533;-11.28797;(0.04, 1.58, 0.39);(356.81, 92.85, 357.58);
20.30423;77.25179;-11.32557;(0.04, 1.58, 0.39);(356.89, 93.46, 357.49);
20.37156;76.89064;-11.41354;(0.04, 1.58, 0.39);(356.82, 93.55, 357.45);
20.40262;76.90891;-11.35206;(0.04, 1.58, 0.39);(356.50, 93.42, 357.52);
20.44471;77.23405;-11.04641;(0.04, 1.58, 0.38);(355.92, 93.27, 357.53);
20.47625;77.81645;-10.45103;(0.04, 1.58, 0.38);(355.43, 93.23, 357.64);
20.54612;78.25362;-9.951922;(0.04, 1.58, 0.38);(355.10, 93.27, 357.73);
20.58835;78.49222;-9.626472;(0.04, 1.58, 0.38);(354.65, 93.42, 357.98);
20.61555;78.75671;-9.15673;(0.04, 1.58, 0.38);(353.91, 93.66, 358.27);
20.64567;79.1786;-8.390264;(0.04, 1.58, 0.38);(353.74, 93.70, 358.21);
20.71878;79.28754;-8.227648;(0.04, 1.58, 0.38);(353.66, 93.69, 358.15);
20.76176;79.35447;-8.158813;(0.04, 1.58, 0.38);(353.65, 93.78, 358.02);
20.80341;79.33161;-8.153251;(0.04, 1.58, 0.38);(353.61, 94.03, 358.19);
20.87150;79.17011;-8.107259;(0.04, 1.58, 0.38);(353.69, 94.19, 358.30);
20.90144;78.98699;-8.183836;(0.04, 1.58, 0.38);(353.90, 94.27, 358.38);
20.93003;78.76841;-8.376915;(0.04, 1.58, 0.38);(354.03, 94.13, 358.43);
20.96089;78.76585;-8.498958;(0.04, 1.58, 0.38);(354.03, 94.03, 358.46);
21.03290;78.82416;-8.497206;(0.04, 1.58, 0.38);(354.02, 93.94, 358.40);
21.08805;78.89395;-8.493172;(0.04, 1.58, 0.38);(353.97, 93.60, 358.29);
21.11951;79.16593;-8.438532;(0.04, 1.58, 0.38);(354.12, 92.32, 358.23);
21.18756;79.79458;-8.592043;(0.04, 1.58, 0.38);(354.22, 91.65, 358.09);
21.23321;80.05975;-8.69981;(0.04, 1.58, 0.39);(354.41, 90.66, 357.98);
21.27336;80.32182;-8.903255;(0.04, 1.58, 0.39);(354.61, 89.40, 357.93);
21.33003;80.55294;-9.105691;(0.04, 1.58, 0.39);(354.68, 88.94, 357.94);
21.35913;80.59333;-9.177049;(0.04, 1.58, 0.39);(354.77, 88.74, 357.97);
21.38900;80.54641;-9.263901;(0.04, 1.58, 0.39);(355.00, 88.48, 358.05);
21.42039;80.36601;-9.491019;(0.04, 1.58, 0.39);(355.13, 88.36, 357.98);
21.46030;80.24783;-9.634512;(0.04, 1.58, 0.39);(355.23, 88.10, 357.96);
21.53197;80.17915;-9.738626;(0.04, 1.58, 0.39);(355.32, 87.48, 358.12);
21.57368;80.16469;-9.811668;(0.04, 1.58, 0.39);(355.46, 86.74, 358.27);
21.60083;80.05235;-9.94765;(0.04, 1.58, 0.39);(356.08, 85.67, 358.37);
21.63276;79.38358;-10.5633;(0.04, 1.58, 0.39);(356.34, 85.13, 358.55);
21.70159;79.07095;-10.8196;(0.04, 1.58, 0.39);(356.54, 84.55, 358.75);
21.73030;78.79447;-11.01371;(0.04, 1.58, 0.39);(356.70, 83.72, 358.78);
21.76002;78.42776;-11.20571;(0.03, 1.59, 0.39);(356.76, 82.47, 358.80);
21.80561;78.03751;-11.23406;(0.03, 1.59, 0.39);(356.86, 81.92, 358.85);
21.87776;77.73531;-11.35289;(0.03, 1.59, 0.39);(357.15, 81.37, 358.72);
21.91725;77.23917;-11.64266;(0.03, 1.59, 0.39);(357.49, 80.93, 358.49);
21.95991;76.68736;-12.02372;(0.03, 1.60, 0.39);(357.95, 80.08, 358.57);
22.03162;75.94237;-12.46365;(0.03, 1.60, 0.39);(358.05, 80.03, 358.64);
22.08983;75.84392;-12.54628;(0.03, 1.60, 0.39);(358.01, 80.14, 358.76);
22.13109;75.91276;-12.53309;(0.02, 1.60, 0.39);(357.95, 80.66, 359.10);
22.18965;76.29196;-12.41004;(0.02, 1.61, 0.39);(357.97, 80.87, 359.11);
22.22977;76.36909;-12.41825;(0.02, 1.61, 0.39);(358.03, 80.92, 359.09);
22.27250;76.31657;-12.50029;(0.02, 1.61, 0.39);(358.30, 81.00, 358.91);
22.32161;76.07255;-12.78254;(0.02, 1.61, 0.39);(358.38, 81.09, 358.89);
22.38611;76.02426;-12.86444;(0.02, 1.61, 0.39);(358.36, 81.14, 358.93);
22.41598;76.07104;-12.84229;(0.02, 1.62, 0.39);(358.36, 81.03, 359.20);
22.45912;76.05611;-12.83676;(0.02, 1.62, 0.39);(358.41, 80.93, 359.65);
22.48784;76.06215;-12.84407;(0.02, 1.62, 0.39);(358.49, 81.38, 359.69);
22.54611;76.17407;-12.90966;(0.03, 1.62, 0.39);(358.54, 81.70, 359.50);
22.58854;76.20784;-12.97079;(0.03, 1.62, 0.39);(358.63, 82.01, 359.32);
22.61779;76.13805;-13.13395;(0.03, 1.62, 0.39);(358.79, 82.45, 359.06);
22.65829;76.13735;-13.25837;(0.03, 1.63, 0.39);(358.76, 82.61, 359.01);
22.71296;76.17816;-13.25783;(0.04, 1.63, 0.39);(358.79, 82.88, 359.03);
22.74632;76.25616;-13.25438;(0.04, 1.63, 0.39);(358.91, 83.03, 359.21);
22.78703;76.18178;-13.37959;(0.04, 1.63, 0.38);(359.31, 83.67, 359.62);
22.81543;76.00137;-13.73428;(0.05, 1.63, 0.38);(359.50, 84.19, 359.79);
22.87330;75.93159;-13.90575;(0.05, 1.63, 0.38);(359.57, 84.62, 359.80);
22.91522;75.92553;-13.97148;(0.05, 1.63, 0.38);(359.60, 85.09, 359.74);
22.96048;75.94597;-13.99739;(0.06, 1.63, 0.38);(359.79, 85.63, 359.28);
23.00427;75.79057;-14.18549;(0.06, 1.63, 0.38);(359.91, 85.99, 358.81);
23.14046;75.65627;-14.33053;(0.07, 1.63, 0.38);(0.02, 85.95, 358.93);
23.19104;75.64115;-14.34547;(0.07, 1.62, 0.38);(1.05, 84.14, 359.19);
23.25790;74.64228;-15.18671;(0.09, 1.60, 0.38);(1.57, 81.42, 359.36);
23.29150;73.43948;-15.81342;(0.09, 1.59, 0.38);(1.89, 79.47, 359.36);
23.32977;72.52698;-16.07264;(0.10, 1.58, 0.38);(2.64, 76.73, 359.26);No pattern saccade;
23.36069;70.57451;-16.90569;(0.10, 1.57, 0.38);(3.23, 75.26, 359.23);
23.43389;69.33202;-17.51941;(0.10, 1.57, 0.38);(3.55, 74.47, 359.10);No pattern saccade;
23.47444;68.64685;-17.82775;(0.10, 1.56, 0.37);(3.37, 74.47, 358.66);
23.51798;68.77102;-17.57258;(0.10, 1.55, 0.37);(1.84, 75.17, 356.09);
23.58610;69.7552;-16.37635;(0.11, 1.55, 0.37);(1.17, 75.52, 355.28);
23.62023;70.35459;-15.73143;(0.11, 1.54, 0.37);(1.16, 74.23, 355.91);
23.65896;69.70102;-15.63571;(0.10, 1.54, 0.37);(1.75, 73.12, 356.26);
23.70073;68.70032;-16.19445;(0.10, 1.54, 0.37);(1.93, 74.05, 355.49);
23.75589;68.96396;-16.40055;(0.09, 1.53, 0.37);(2.15, 75.41, 355.06);
23.78762;69.48409;-16.68727;(0.09, 1.53, 0.36);(2.44, 76.28, 355.16);
23.83155;69.88404;-16.88679;(0.09, 1.52, 0.37);(3.60, 78.35, 355.95);
23.87387;69.95035;-18.06517;(0.09, 1.51, 0.37);(2.64, 78.61, 356.01);
23.94276;70.90749;-17.12911;(0.08, 1.51, 0.37);(2.55, 77.66, 356.12);No pattern saccade;
23.97324;70.5535;-17.04169;(0.08, 1.50, 0.37);(2.30, 76.63, 355.74);
24.01609;70.22836;-16.79194;(0.07, 1.50, 0.37);(2.00, 76.31, 355.45);
24.06180;70.19106;-16.54204;(0.07, 1.50, 0.37);(2.14, 77.86, 355.80);
24.12998;70.90086;-16.70217;(0.07, 1.50, 0.37);(3.46, 79.04, 355.64);
24.17338;70.18164;-18.08487;(0.07, 1.50, 0.38);(4.39, 80.57, 355.71);
24.20188;69.83718;-19.06455;(0.07, 1.50, 0.38);(3.03, 83.76, 355.39);
24.23166;71.95429;-17.68773;(0.07, 1.50, 0.38);(2.26, 83.95, 354.95);
24.30662;72.69846;-16.9376;(0.07, 1.51, 0.38);(1.66, 83.51, 354.71);No pattern saccade;
24.34497;73.15751;-16.35896;(0.07, 1.51, 0.38);(0.65, 82.03, 354.43);
24.38848;73.60003;-15.37705;(0.07, 1.51, 0.37);(0.33, 79.69, 353.82);
24.45584;72.85387;-15.0952;(0.07, 1.51, 0.37);(359.95, 79.21, 353.19);
24.49010;72.825;-14.74518;(0.07, 1.52, 0.37);(359.08, 79.58, 352.60);No pattern saccade;
24.52913;73.6886;-13.92061;(0.07, 1.52, 0.37);(358.16, 80.71, 352.10);
24.55881;74.94501;-12.98965;(0.08, 1.53, 0.36);(357.74, 81.42, 351.70);
24.61967;75.64365;-12.53563;(0.08, 1.53, 0.36);(357.81, 81.78, 351.48);
24.65913;75.70109;-12.62384;(0.08, 1.53, 0.36);(358.15, 82.18, 351.29);
24.68982;75.48978;-12.97923;(0.08, 1.53, 0.35);(357.91, 84.11, 351.09);
24.73033;76.52818;-12.69343;(0.08, 1.53, 0.35);(357.88, 84.65, 350.94);
24.78842;76.70508;-12.65943;(0.08, 1.53, 0.34);(357.72, 85.69, 351.02);
24.83057;77.15663;-12.49058;(0.08, 1.53, 0.34);(357.77, 86.39, 351.22);
24.87475;77.26261;-12.5228;(0.08, 1.53, 0.33);(357.74, 88.04, 351.46);
24.91973;77.50288;-12.48303;(0.07, 1.53, 0.32);(357.78, 88.63, 351.46);
24.98374;77.47741;-12.52252;(0.07, 1.53, 0.32);(357.47, 89.44, 351.45);
25.01589;77.73346;-12.23665;(0.07, 1.53, 0.31);(357.25, 90.37, 351.37);
25.05836;77.85677;-12.01879;(0.07, 1.53, 0.31);(357.10, 91.46, 351.50);
25.08790;77.78613;-11.86849;(0.07, 1.54, 0.31);(357.32, 92.14, 351.68);
25.14907;77.38421;-12.08334;(0.07, 1.54, 0.30);(357.59, 92.72, 351.76);
25.18735;76.95066;-12.34711;(0.06, 1.54, 0.30);(357.83, 93.45, 351.94);
25.21500;76.48649;-12.5731;(0.06, 1.54, 0.30);(358.79, 96.10, 352.78);
25.25944;74.36295;-13.51386;(0.06, 1.54, 0.30);(359.10, 97.25, 352.98);
25.33135;73.49352;-13.82696;(0.06, 1.54, 0.30);(359.25, 99.08, 353.11);No pattern saccade;
25.37597;72.29835;-13.97332;(0.06, 1.54, 0.30);(359.03, 100.51, 353.08);
25.41605;71.55345;-13.76046;(0.07, 1.54, 0.29);(358.64, 102.25, 352.76);
25.47378;70.68336;-13.37273;(0.07, 1.54, 0.29);(358.51, 102.81, 352.68);
25.51778;70.40331;-13.24068;(0.07, 1.54, 0.29);(358.59, 102.99, 352.68);
25.55922;70.22058;-13.31517;(0.07, 1.54, 0.29);(358.75, 103.49, 352.65);
25.60537;69.72967;-13.46355;(0.07, 1.54, 0.29);(358.83, 103.81, 352.77);
25.67792;69.42783;-13.54323;(0.07, 1.54, 0.29);(359.09, 104.12, 352.93);
25.71492;69.01511;-13.7917;(0.07, 1.54, 0.29);(359.14, 104.62, 353.02);
25.74586;68.86913;-13.81478;(0.07, 1.54, 0.29);(359.14, 105.73, 353.07);
25.78899;68.00919;-13.81284;(0.06, 1.54, 0.29);(359.16, 106.19, 353.11);
25.85884;67.61651;-13.82757;(0.06, 1.54, 0.29);(358.89, 106.72, 352.95);
25.88708;67.42052;-13.5651;(0.06, 1.54, 0.29);(358.58, 107.10, 352.81);
25.91501;67.31493;-13.26182;(0.06, 1.54, 0.29);(358.19, 107.35, 352.67);
25.94462;67.36263;-12.86847;(0.06, 1.54, 0.29);(358.12, 107.65, 352.63);
26.01861;67.15932;-12.80133;(0.06, 1.54, 0.29);(358.18, 108.17, 352.68);
26.07564;66.7008;-12.8551;(0.06, 1.54, 0.29);(358.36, 109.05, 352.80);
26.11559;65.84496;-13.02542;(0.05, 1.54, 0.29);(358.98, 111.19, 353.32);
26.18814;63.6243;-13.6447;(0.06, 1.54, 0.29);(359.41, 112.71, 353.77);
26.22921;62.01471;-14.06497;(0.06, 1.54, 0.29);(359.87, 114.11, 354.27);No pattern saccade;
26.26094;60.49666;-14.50507;(0.06, 1.54, 0.29);(0.35, 116.00, 354.92);
26.30485;58.51662;-14.96691;(0.06, 1.54, 0.29);(0.41, 116.67, 355.06);
26.37002;57.87843;-15.01354;(0.06, 1.54, 0.29);(0.47, 117.50, 355.29);No pattern saccade;
26.40272;57.0848;-15.06034;(0.06, 1.54, 0.29);(0.55, 118.07, 355.46);
26.43040;56.51363;-15.13553;(0.06, 1.54, 0.29);(0.57, 118.96, 355.69);
26.46214;55.67616;-15.14441;(0.06, 1.54, 0.29);(0.60, 119.46, 355.81);
26.53063;55.20342;-15.17336;(0.06, 1.54, 0.29);(0.61, 120.00, 355.90);
26.57424;54.6979;-15.17777;(0.06, 1.54, 0.29);(0.72, 120.93, 356.06);
26.61637;53.79918;-15.28786;(0.06, 1.54, 0.29);(0.73, 122.59, 356.36);
26.68596;52.2315;-15.28306;(0.06, 1.54, 0.29);(0.68, 123.66, 356.49);
26.72003;51.25561;-15.2282;(0.06, 1.54, 0.29);(0.53, 124.64, 356.60);
26.75871;50.39706;-15.08018;(0.06, 1.54, 0.29);(0.21, 125.60, 356.78);
26.78773;49.58032;-14.74594;(0.06, 1.54, 0.29);(0.06, 126.26, 356.90);
26.84027;49.00105;-14.59059;(0.06, 1.54, 0.29);(359.93, 126.68, 356.97);
26.87320;48.62887;-14.45531;(0.06, 1.54, 0.29);(359.68, 127.08, 357.05);
26.90159;48.31956;-14.20356;(0.06, 1.54, 0.29);(359.23, 127.87, 357.11);
26.93128;47.70098;-13.74571;(0.05, 1.54, 0.29);(359.11, 128.40, 357.21);
26.97420;47.22195;-13.63075;(0.05, 1.54, 0.29);(359.03, 129.03, 357.32);
27.04151;46.63015;-13.53503;(0.05, 1.54, 0.29);(358.95, 130.26, 357.52);
27.08893;45.44651;-13.44538;(0.05, 1.54, 0.29);(358.99, 131.68, 357.78);
27.11732;44.05436;-13.46863;(0.05, 1.54, 0.29);(359.03, 134.00, 358.22);
27.16119;41.38213;-13.49794;(0.05, 1.54, 0.29);(358.93, 135.05, 358.32);
27.22942;40.39266;-13.40019;(0.05, 1.54, 0.29);(358.89, 136.64, 358.51);Pattern 1 saccade;
27.26047;38.81916;-13.34431;(0.05, 1.54, 0.29);(358.77, 137.99, 358.76);
27.30038;37.49708;-13.20833;(0.05, 1.53, 0.29);(358.53, 139.80, 358.90);
27.32969;35.77073;-12.96665;(0.05, 1.53, 0.29);(358.29, 141.14, 358.95);
27.38569;34.50842;-12.72986;(0.05, 1.53, 0.29);(358.18, 141.95, 359.02);
27.41376;33.73143;-12.60649;(0.05, 1.53, 0.29);(358.11, 142.79, 359.10);
27.44265;32.92803;-12.5289;(0.04, 1.53, 0.29);(357.70, 144.45, 359.20);
27.47192;31.35673;-12.1158;(0.04, 1.53, 0.29);(357.56, 145.25, 359.27);
27.50373;30.57734;-11.97626;(0.04, 1.53, 0.29);(357.49, 146.08, 359.36);
27.55928;29.76277;-11.90316;(0.04, 1.53, 0.29);(357.38, 146.86, 359.40);
27.60315;29.00741;-11.78525;(0.04, 1.53, 0.29);(357.16, 147.57, 359.39);
27.62918;28.35287;-11.55043;(0.04, 1.53, 0.29);(356.97, 149.37, 359.40);
27.66083;26.60905;-11.36943;(0.04, 1.53, 0.29);(356.85, 150.03, 359.36);
27.74055;25.9878;-11.25494;(0.04, 1.53, 0.29);(356.65, 150.65, 359.27);
27.77623;26.35603;-12.06795;(0.09, 1.54, 0.07);(356.41, 151.51, 359.17);
27.81922;24.66897;-10.84733;(0.09, 1.54, 0.07);(356.05, 152.72, 359.10);
27.90006;23.49395;-10.49149;(0.09, 1.54, 0.07);(355.83, 152.89, 359.20);No pattern saccade;
27.94340;23.29704;-10.2603;(0.09, 1.54, 0.08);(355.73, 152.42, 359.39);
27.97471;23.67957;-10.14609;(0.09, 1.54, 0.08);(355.72, 150.83, 359.52);
28.05138;25.25767;-10.12888;(0.09, 1.54, 0.08);(355.74, 150.31, 359.48);
28.10732;25.76567;-10.14728;(0.09, 1.54, 0.08);(355.82, 149.67, 359.45);
28.14686;26.34507;-10.22781;(0.10, 1.54, 0.08);(356.00, 148.06, 359.65);
28.22393;27.87849;-10.39873;(0.10, 1.54, 0.08);(356.07, 146.84, 359.67);
28.27413;29.05944;-10.46616;(0.10, 1.54, 0.08);(356.07, 145.26, 359.59);
28.32080;30.56168;-10.47311;(0.10, 1.54, 0.09);(355.96, 141.18, 358.86);
28.38945;34.78479;-10.41944;(0.11, 1.54, 0.09);(355.54, 138.56, 358.27);
28.42986;37.5317;-10.03476;(0.11, 1.54, 0.09);(355.03, 135.67, 357.61);Pattern 1 saccade;
28.47451;40.51374;-9.559654;(0.11, 1.54, 0.10);(354.34, 130.72, 357.03);Pattern 1 saccade;
28.54760;46.04047;-8.872865;(0.12, 1.54, 0.10);(353.89, 127.63, 357.02);Pattern 1 saccade;
28.59097;49.13127;-8.424562;(0.12, 1.54, 0.11);(353.38, 124.85, 356.89);Pattern 1 saccade;
28.63278;51.92892;-7.92623;(0.12, 1.55, 0.11);(352.39, 120.69, 356.44);Pattern 1 saccade;
28.70446;56.28504;-6.958809;(0.12, 1.55, 0.12);(351.65, 118.10, 355.97);Pattern 1 saccade;
28.74512;59.0557;-6.235948;(0.12, 1.55, 0.12);(351.08, 115.68, 355.78);No pattern saccade;
28.78959;61.53627;-5.670632;(0.12, 1.55, 0.13);(350.71, 111.67, 356.08);No pattern saccade;
28.87002;65.4771;-5.290819;(0.12, 1.55, 0.13);(350.59, 109.84, 356.13);No pattern saccade;
28.90200;67.27261;-5.165174;(0.12, 1.55, 0.13);(350.50, 108.23, 356.17);Pattern 1 saccade;
28.92958;68.83022;-5.074404;(0.13, 1.55, 0.14);(350.80, 106.13, 356.47);
28.96027;70.73296;-5.354336;(0.13, 1.55, 0.14);(351.04, 105.46, 356.69);
29.03479;71.2488;-5.590472;(0.13, 1.55, 0.14);(351.34, 104.82, 356.94);No pattern saccade;
29.09320;71.70094;-5.877729;(0.13, 1.55, 0.14);(351.74, 103.92, 357.31);
29.13185;72.31114;-6.255459;(0.13, 1.55, 0.15);(352.16, 102.02, 357.78);
29.20976;73.82168;-6.658107;(0.13, 1.55, 0.15);(352.20, 100.90, 358.07);
29.24620;74.74084;-6.694228;(0.13, 1.55, 0.15);(352.12, 99.43, 358.49);
29.29447;75.56879;-6.576578;(0.14, 1.55, 0.16);(352.58, 96.43, 359.60);
29.35917;77.78646;-6.981182;(0.14, 1.54, 0.16);(352.91, 95.07, 359.82);
29.40219;78.63683;-7.296938;(0.14, 1.54, 0.17);(353.03, 93.75, 359.83);No pattern saccade;
29.43026;79.49258;-7.415024;(0.14, 1.54, 0.17);(353.22, 91.45, 359.88);
29.47298;80.84189;-7.607116;(0.14, 1.54, 0.17);(353.20, 90.54, 359.88);
29.53237;81.32076;-7.59253;(0.14, 1.54, 0.17);(353.00, 89.22, 359.85);No pattern saccade;
29.57415;82.06113;-7.400713;(0.14, 1.54, 0.18);(352.89, 88.28, 359.82);
29.61561;82.46123;-7.28037;(0.14, 1.54, 0.18);(352.84, 86.41, 359.74);
29.64561;82.76004;-7.239847;(0.14, 1.54, 0.18);(352.96, 85.49, 359.68);
29.71692;82.58725;-7.357061;(0.14, 1.54, 0.18);(353.06, 85.01, 359.66);
29.76223;82.41082;-7.460349;(0.14, 1.54, 0.18);(353.27, 84.51, 359.58);
29.80289;82.09393;-7.670246;(0.14, 1.54, 0.18);(353.42, 84.10, 359.41);
29.87314;81.81293;-7.839191;(0.14, 1.54, 0.18);(353.32, 83.88, 359.40);
29.90431;81.83639;-7.744787;(0.14, 1.54, 0.18);(353.22, 83.58, 359.37);
29.94758;81.83131;-7.638918;(0.14, 1.54, 0.18);(353.18, 83.12, 359.24);
29.99107;81.68172;-7.605801;(0.14, 1.54, 0.18);(353.30, 82.70, 359.25);
30.06083;81.4007;-7.723298;(0.14, 1.54, 0.18);(353.53, 82.14, 359.29);
30.11460;80.94529;-7.949886;(0.14, 1.54, 0.19);(353.72, 81.69, 359.30);
30.14512;80.56274;-8.144563;(0.14, 1.54, 0.19);(353.80, 81.03, 359.24);
30.21638;80.12026;-8.234214;(0.14, 1.54, 0.19);(353.76, 80.82, 359.25);
30.26180;80.0411;-8.19159;(0.14, 1.54, 0.19);(353.71, 80.49, 359.28);
30.30397;79.90841;-8.135226;(0.14, 1.54, 0.19);(353.77, 79.90, 359.33);
30.36984;79.51114;-8.187349;(0.14, 1.54, 0.19);(353.84, 79.55, 359.32);
30.40231;79.22854;-8.26603;(0.14, 1.54, 0.19);(353.80, 79.16, 359.32);
30.43011;79.00143;-8.232008;(0.14, 1.54, 0.19);(353.65, 78.71, 359.23);
30.46301;78.78646;-8.080118;(0.14, 1.54, 0.19);(353.56, 78.59, 359.20);
30.53632;78.75365;-7.994334;(0.14, 1.54, 0.19);(353.47, 78.53, 359.16);
30.57479;78.76318;-7.907926;(0.14, 1.54, 0.19);(353.39, 78.52, 359.09);
30.61570;78.79389;-7.833926;(0.14, 1.54, 0.19);(353.33, 78.62, 359.05);
30.68173;78.90202;-7.772574;(0.14, 1.54, 0.19);(353.26, 78.52, 359.04);
30.72015;78.87766;-7.702911;(0.14, 1.54, 0.19);(353.21, 78.40, 359.01);
30.75712;78.81787;-7.650498;(0.14, 1.54, 0.19);(353.22, 78.31, 358.99);
30.78954;78.73985;-7.6616;(0.14, 1.54, 0.19);(353.32, 78.46, 359.02);
30.85596;78.78562;-7.762963;(0.14, 1.54, 0.19);(353.30, 78.63, 358.98);
30.89777;78.91129;-7.74439;(0.14, 1.54, 0.19);(353.15, 78.69, 358.91);
30.93394;79.04593;-7.602525;(0.14, 1.54, 0.19);(353.05, 78.54, 358.89);
30.97315;78.99971;-7.498245;(0.14, 1.54, 0.19);(352.99, 78.49, 358.84);
31.03791;78.99286;-7.4378;(0.14, 1.54, 0.19);(353.00, 78.54, 358.84);
31.09234;79.02158;-7.456847;(0.14, 1.54, 0.19);(353.03, 78.66, 358.85);
31.13101;79.07447;-7.484568;(0.14, 1.54, 0.19);(353.04, 79.46, 358.94);
31.20693;79.64765;-7.490437;(0.14, 1.54, 0.19);(353.06, 80.08, 358.92);
31.24620;80.04826;-7.504756;(0.14, 1.54, 0.19);(353.07, 80.84, 358.85);
31.29030;80.50227;-7.524978;(0.14, 1.54, 0.18);(353.12, 81.88, 358.93);
31.36320;81.07399;-7.574572;(0.14, 1.54, 0.18);(353.03, 82.37, 359.00);
31.40470;81.40952;-7.48228;(0.14, 1.54, 0.18);(352.80, 82.75, 359.00);
31.44572;81.7802;-7.257898;(0.14, 1.55, 0.18);(352.28, 83.42, 358.89);
31.51620;82.53297;-6.743324;(0.14, 1.55, 0.18);(351.95, 83.74, 358.79);
31.54415;82.95898;-6.411075;(0.14, 1.55, 0.18);(351.70, 84.04, 358.75);
31.58779;83.29353;-6.166317;(0.13, 1.55, 0.18);(351.38, 84.49, 358.65);
31.63738;83.74753;-5.850006;(0.13, 1.55, 0.18);(351.13, 84.82, 358.56);
31.70070;84.07094;-5.614072;(0.13, 1.55, 0.18);(350.91, 85.14, 358.48);
31.74397;84.36998;-5.395467;(0.13, 1.55, 0.18);(350.73, 85.46, 358.41);
31.77528;84.61988;-5.218837;(0.13, 1.55, 0.17);(350.46, 85.82, 358.27);
31.81613;84.95601;-4.950251;(0.13, 1.55, 0.17);(350.37, 85.89, 358.22);
31.87732;85.04928;-4.866492;(0.13, 1.55, 0.17);(350.33, 85.97, 358.20);
31.91486;85.10543;-4.822366;(0.13, 1.55, 0.17);(350.32, 86.05, 358.18);
31.94433;85.12705;-4.812544;(0.13, 1.55, 0.17);(350.33, 86.30, 358.14);
31.97276;85.14877;-4.822968;(0.13, 1.55, 0.17);(350.31, 86.31, 358.12);
32.02902;85.16386;-4.808812;(0.13, 1.55, 0.17);(350.30, 86.34, 358.10);
32.07539;85.17286;-4.801732;(0.13, 1.55, 0.17);(350.33, 86.37, 358.09);
32.11705;85.15196;-4.826095;(0.13, 1.55, 0.17);(350.28, 86.41, 358.06);
32.15915;85.19617;-4.78405;(0.13, 1.55, 0.17);(350.27, 86.52, 358.07);
32.22964;85.21525;-4.774051;(0.13, 1.55, 0.17);(350.26, 86.61, 358.08);
32.25919;85.2298;-4.764915;(0.13, 1.55, 0.17);(350.26, 86.64, 358.06);
32.28965;85.23737;-4.75858;(0.13, 1.55, 0.17);(350.30, 86.63, 358.05);
32.33041;85.18924;-4.80607;(0.13, 1.55, 0.17);(350.34, 86.64, 358.04);
32.39941;85.15556;-4.840108;(0.13, 1.55, 0.17);(350.35, 86.66, 358.03);
32.42952;85.14082;-4.855624;(0.13, 1.55, 0.17);(350.35, 86.71, 358.04);
32.47364;85.14352;-4.854615;(0.13, 1.55, 0.17);(350.29, 86.78, 358.04);
32.52264;85.20368;-4.795844;(0.13, 1.55, 0.17);(350.17, 86.85, 358.05);
32.60100;85.32228;-4.677689;(0.13, 1.55, 0.17);(350.07, 86.99, 358.03);
32.62888;85.42696;-4.571216;(0.13, 1.55, 0.17);(349.99, 87.12, 357.98);
32.65768;85.49881;-4.494011;(0.13, 1.55, 0.17);(349.96, 87.18, 357.95);
32.68895;85.52385;-4.465927;(0.13, 1.55, 0.17);(349.92, 87.22, 357.94);
32.76154;85.55715;-4.429397;(0.13, 1.55, 0.17);(349.88, 87.28, 357.93);
32.80393;85.59096;-4.390694;(0.13, 1.55, 0.17);(349.79, 87.40, 357.91);
32.84566;85.66501;-4.305419;(0.13, 1.55, 0.17);(349.64, 87.61, 357.85);
32.92132;85.78583;-4.154127;(0.13, 1.55, 0.17);(349.54, 87.70, 357.82);
32.96048;85.87071;-4.053707;(0.13, 1.55, 0.17);(349.44, 87.78, 357.78);
33.00331;85.95165;-3.956495;(0.13, 1.55, 0.17);(349.38, 87.89, 357.74);
33.08882;85.97975;-3.904412;(0.13, 1.55, 0.17);(349.39, 87.94, 357.73);
33.13178;85.96585;-3.906996;(0.13, 1.55, 0.17);(349.35, 88.10, 357.70);
33.17554;85.96246;-3.869216;(0.13, 1.55, 0.17);(349.28, 88.31, 357.70);
33.24175;85.95654;-3.8062;(0.13, 1.55, 0.17);(349.25, 88.42, 357.67);
33.27470;85.94904;-3.776688;(0.13, 1.55, 0.17);(349.25, 88.52, 357.64);
33.31541;85.9164;-3.774284;(0.13, 1.55, 0.17);(349.21, 88.58, 357.62);
33.34443;85.92783;-3.740249;(0.13, 1.55, 0.17);(349.16, 88.64, 357.59);
33.40438;85.95291;-3.688353;(0.13, 1.55, 0.17);(349.15, 88.68, 357.59);
33.44255;85.94595;-3.676868;(0.13, 1.55, 0.17);(349.14, 88.74, 357.60);
33.47309;85.93018;-3.66564;(0.13, 1.55, 0.17);(349.21, 88.91, 357.66);
33.50212;85.7804;-3.735463;(0.13, 1.55, 0.17);(349.28, 89.01, 357.69);
33.57623;85.67542;-3.799326;(0.13, 1.55, 0.17);(349.35, 89.13, 357.72);
33.61859;85.55358;-3.870838;(0.13, 1.55, 0.17);(349.43, 89.28, 357.73);
33.65984;85.40475;-3.951516;(0.13, 1.55, 0.17);(349.53, 89.46, 357.74);
33.72621;85.22373;-4.04986;(0.13, 1.55, 0.17);(349.58, 89.44, 357.74);
33.75917;85.19621;-4.092254;(0.13, 1.55, 0.17);(349.67, 89.37, 357.77);
33.80413;85.14922;-4.179947;(0.13, 1.55, 0.17);(349.86, 89.33, 357.87);
33.83502;85.00002;-4.365999;(0.13, 1.55, 0.17);(350.00, 89.31, 357.96);
33.90434;84.87827;-4.501905;(0.13, 1.55, 0.17);(350.09, 89.28, 358.01);
33.94279;84.81194;-4.586055;(0.13, 1.55, 0.17);(350.24, 89.23, 358.10);
33.97311;84.69267;-4.728605;(0.13, 1.55, 0.17);(350.58, 89.18, 358.28);
34.00481;84.40182;-5.058904;(0.13, 1.55, 0.17);(350.75, 89.14, 358.39);
34.09264;84.25209;-5.226737;(0.13, 1.55, 0.17);(350.93, 89.12, 358.50);
34.13235;84.09495;-5.393555;(0.13, 1.55, 0.17);(351.26, 89.11, 358.71);
34.17472;83.79063;-5.710731;(0.14, 1.55, 0.17);(351.52, 89.12, 358.89);
34.25043;83.53152;-5.967137;(0.14, 1.55, 0.17);(351.64, 89.09, 358.98);
34.28888;83.42878;-6.082757;(0.14, 1.55, 0.17);(351.76, 89.05, 359.06);
34.33042;83.32735;-6.200796;(0.14, 1.55, 0.17);(351.87, 89.07, 359.12);
34.40355;83.21529;-6.306558;(0.14, 1.55, 0.17);(351.96, 89.10, 359.20);
34.44385;83.12315;-6.387415;(0.14, 1.55, 0.17);(352.04, 89.14, 359.27);
34.47281;83.02121;-6.472946;(0.14, 1.55, 0.17);(352.06, 89.21, 359.30);
34.50213;82.97997;-6.486681;(0.14, 1.55, 0.17);(352.07, 89.21, 359.33);
34.56427;82.96922;-6.494716;(0.14, 1.55, 0.17);(352.08, 89.22, 359.35);
34.60317;82.9565;-6.504135;(0.14, 1.55, 0.17);(352.07, 89.25, 359.34);
34.64247;82.95602;-6.493934;(0.14, 1.55, 0.17);(351.99, 89.33, 359.32);
34.67509;82.99744;-6.416997;(0.14, 1.55, 0.17);(351.97, 89.36, 359.32);
34.74341;82.99966;-6.402451;(0.14, 1.55, 0.17);(351.90, 89.41, 359.29);
34.78813;83.04599;-6.333017;(0.14, 1.55, 0.17);(351.81, 89.50, 359.30);
34.82168;83.08974;-6.246414;(0.14, 1.55, 0.17);(351.62, 89.71, 359.26);
34.86378;83.16881;-6.053011;(0.14, 1.55, 0.17);(351.54, 89.80, 359.23);
34.93410;83.19571;-5.979984;(0.14, 1.55, 0.17);(351.46, 89.95, 359.18);
34.97549;83.1977;-5.900912;(0.13, 1.55, 0.17);(351.36, 90.02, 359.12);
35.01764;83.25535;-5.807787;(0.13, 1.55, 0.17);(351.04, 90.11, 358.94);
35.10707;83.49676;-5.496572;(0.13, 1.55, 0.17);(350.79, 90.14, 358.84);
35.14340;83.6959;-5.257195;(0.13, 1.55, 0.17);(350.43, 90.11, 358.67);
35.17326;84.03097;-4.902846;(0.13, 1.55, 0.17);(350.17, 89.85, 358.45);
35.22762;84.41286;-4.647996;(0.13, 1.55, 0.17);(350.08, 89.77, 358.36);
35.26224;84.53668;-4.570981;(0.13, 1.55, 0.17);(349.98, 89.80, 358.26);
35.30370;84.6209;-4.482725;(0.13, 1.55, 0.17);(349.62, 90.01, 358.02);
35.34709;84.81236;-4.136035;(0.13, 1.55, 0.17);(349.35, 90.15, 357.85);
35.41573;84.95313;-3.869995;(0.13, 1.55, 0.17);(349.13, 90.22, 357.75);
35.44481;85.09109;-3.649888;(0.13, 1.55, 0.17);(349.02, 90.18, 357.71);
35.47698;85.19869;-3.547059;(0.13, 1.55, 0.17);(348.88, 90.11, 357.60);
35.51604;85.36671;-3.414331;(0.13, 1.55, 0.17);(348.78, 90.12, 357.51);
35.56742;85.44615;-3.318711;(0.13, 1.55, 0.17);(348.69, 90.15, 357.41);
35.59931;85.5019;-3.231942;(0.13, 1.55, 0.17);(348.70, 90.14, 357.40);
35.62994;85.50751;-3.238109;(0.13, 1.55, 0.17);(348.71, 90.15, 357.38);
35.67587;85.48929;-3.25115;(0.13, 1.55, 0.17);(348.72, 90.17, 357.38);
35.74477;85.47117;-3.258768;(0.13, 1.55, 0.17);(348.67, 90.18, 357.35);
35.78954;85.50491;-3.21151;(0.13, 1.55, 0.17);(348.62, 90.18, 357.33);
35.81544;85.54354;-3.16169;(0.13, 1.55, 0.17);(348.57, 90.16, 357.29);
35.84384;85.593;-3.116448;(0.13, 1.55, 0.17);(348.56, 90.15, 357.28);
35.90550;85.60957;-3.107645;(0.13, 1.55, 0.17);(348.56, 90.15, 357.29);
35.94776;85.61041;-3.10658;(0.13, 1.55, 0.17);(348.55, 90.17, 357.29);
35.98765;85.60226;-3.100127;(0.13, 1.55, 0.17);(348.50, 90.28, 357.31);
36.01757;85.55852;-3.040566;(0.13, 1.55, 0.16);(348.45, 90.31, 357.30);
36.10337;85.57291;-2.990815;(0.13, 1.55, 0.16);(348.43, 90.33, 357.29);
36.14420;85.57265;-2.970056;(0.13, 1.55, 0.16);(348.43, 90.35, 357.28);
36.18910;85.55573;-2.970609;(0.13, 1.55, 0.16);(348.49, 90.34, 357.30);
36.25567;85.51817;-3.034597;(0.13, 1.55, 0.16);(348.50, 90.36, 357.31);
36.28826;85.50016;-3.041432;(0.13, 1.55, 0.16);(348.48, 90.39, 357.29);
36.32988;85.49667;-3.024478;(0.13, 1.55, 0.16);(348.43, 90.38, 357.27);
36.35853;85.54183;-2.97635;(0.13, 1.55, 0.16);(348.44, 90.40, 357.26);
36.41489;85.5166;-2.988844;(0.13, 1.55, 0.16);(348.48, 90.38, 357.28);
36.45779;85.50124;-3.02115;(0.13, 1.55, 0.16);(348.49, 90.38, 357.29);
36.48740;85.49346;-3.038033;(0.13, 1.55, 0.16);(348.49, 90.42, 357.27);
36.51502;85.46616;-3.03417;(0.13, 1.55, 0.16);(348.50, 90.43, 357.28);
36.57090;85.45042;-3.047562;(0.13, 1.55, 0.16);(348.50, 90.45, 357.28);
36.60415;85.43919;-3.046914;(0.13, 1.55, 0.16);(348.50, 90.44, 357.27);
36.64272;85.44444;-3.042468;(0.13, 1.55, 0.16);(348.49, 90.44, 357.28);
36.67484;85.4474;-3.0372;(0.13, 1.55, 0.16);(348.47, 90.45, 357.26);
36.74698;85.45856;-3.012691;(0.13, 1.55, 0.16);(348.48, 90.44, 357.28);
36.78703;85.46141;-3.024061;(0.13, 1.55, 0.16);(348.47, 90.46, 357.27);
36.81709;85.45094;-3.019329;(0.13, 1.55, 0.16);(348.48, 90.50, 357.28);
36.84494;85.40987;-3.029563;(0.13, 1.55, 0.16);(348.48, 90.51, 357.28);
36.91865;85.4091;-3.02465;(0.13, 1.55, 0.16);(348.49, 90.51, 357.28);
36.95712;85.4007;-3.030498;(0.13, 1.55, 0.16);(348.48, 90.54, 357.27);
36.98795;85.38943;-3.025305;(0.13, 1.55, 0.16);(348.47, 90.58, 357.26);
37.02069;85.35889;-3.01788;(0.13, 1.55, 0.16);(348.45, 90.58, 357.26);
37.10243;85.37459;-2.997576;(0.13, 1.55, 0.16);(348.44, 90.59, 357.24);
37.14344;85.37954;-2.981982;(0.13, 1.55, 0.16);(348.48, 90.58, 357.25);
37.17535;85.36182;-3.022414;(0.13, 1.55, 0.16);(348.45, 90.50, 357.24);
37.24076;85.43863;-2.99873;(0.13, 1.55, 0.16);(348.42, 90.46, 357.23);
37.27837;85.49028;-2.96691;(0.13, 1.55, 0.16);(348.33, 90.33, 357.22);
37.31615;85.63893;-2.888804;(0.12, 1.55, 0.17);(347.86, 90.09, 357.17);
37.35998;86.11895;-2.435133;(0.12, 1.55, 0.17);(347.18, 89.64, 357.14);
37.43880;86.88631;-1.7673;(0.12, 1.55, 0.17);(346.17, 88.92, 357.02);
37.47420;88.03646;-0.7662659;(0.12, 1.56, 0.17);(344.90, 88.09, 356.79);
37.52056;88.98471;0.4515674;(0.11, 1.56, 0.17);(342.25, 86.48, 356.24);
37.58275;86.79613;3.09439;(0.10, 1.56, 0.17);(340.51, 85.37, 355.89);
37.61796;84.77238;4.826114;(0.10, 1.56, 0.17);(339.03, 84.12, 355.71);No pattern saccade;
37.65886;82.89781;6.298415;(0.09, 1.56, 0.17);(337.62, 82.35, 355.56);No pattern saccade;
37.68930;80.74879;7.726269;(0.09, 1.57, 0.17);(336.87, 81.04, 355.34);
37.76801;79.354;8.475241;(0.09, 1.57, 0.17);(336.49, 79.99, 355.20);No pattern saccade;
37.80056;78.39304;8.866117;(0.09, 1.57, 0.17);(336.56, 78.16, 355.22);
37.83073;77.22377;8.803375;(0.09, 1.57, 0.18);(337.15, 74.22, 355.41);
37.87497;74.45926;8.214681;(0.09, 1.57, 0.18);(337.34, 72.42, 355.48);
37.94177;73.0106;8.0329;(0.09, 1.56, 0.18);(337.83, 70.21, 355.25);No pattern saccade;
37.97543;71.15507;7.542942;(0.10, 1.56, 0.18);(338.33, 68.18, 354.59);
38.01563;69.29481;6.998162;(0.10, 1.56, 0.18);(338.05, 65.97, 353.55);No pattern saccade;
38.05893;66.85828;7.259134;(0.10, 1.56, 0.18);(338.28, 64.99, 352.64);No pattern saccade;
38.12857;65.80363;7.005992;(0.10, 1.56, 0.18);(339.07, 63.91, 352.10);Pattern 1 saccade;
38.15857;64.85915;6.223061;(0.10, 1.56, 0.18);(340.41, 62.54, 351.88);
38.19035;63.7707;4.904143;(0.11, 1.56, 0.19);(342.67, 60.25, 351.82);
38.23008;61.77158;2.607177;(0.11, 1.56, 0.19);(343.75, 58.89, 351.91);
38.30475;60.54773;1.535838;(0.12, 1.56, 0.20);(345.20, 56.24, 351.98);No pattern saccade;
38.34513;57.96439;0.0889767;(0.12, 1.55, 0.20);(346.71, 53.29, 351.87);
38.38737;55.01056;-1.409292;(0.12, 1.55, 0.21);(348.46, 49.15, 351.67);No pattern saccade;
38.44787;50.65326;-3.211005;(0.12, 1.55, 0.22);(348.62, 46.58, 351.03);No pattern saccade;
38.48789;47.86794;-3.397856;(0.12, 1.55, 0.22);(348.52, 44.91, 350.11);No pattern saccade;
38.53051;45.97629;-3.335542;(0.12, 1.55, 0.22);(347.33, 40.30, 347.49);Pattern 1 saccade;
38.55759;40.81272;-2.204384;(0.11, 1.55, 0.22);(345.90, 37.08, 346.69);
38.61341;37.41126;-0.7655833;(0.11, 1.55, 0.22);(345.19, 35.18, 346.55);Pattern 1 saccade;
38.66164;35.4921;-0.06325486;(0.11, 1.55, 0.22);(344.20, 33.50, 346.69);No pattern saccade;
38.69936;33.84725;0.845748;(0.10, 1.56, 0.21);(340.42, 30.71, 346.61);No pattern saccade;
38.73114;30.89239;4.681279;(0.10, 1.56, 0.21);(338.50, 29.84, 346.86);
38.79932;29.97014;6.621327;(0.09, 1.56, 0.20);(337.33, 29.31, 347.16);No pattern saccade;
38.83040;29.44291;7.778216;(0.09, 1.56, 0.20);(335.89, 28.78, 347.61);No pattern saccade;
38.87666;28.95615;9.206377;(0.09, 1.57, 0.20);(333.91, 27.42, 348.49);
38.91547;27.63196;11.21317;(0.08, 1.57, 0.19);(332.42, 26.14, 349.09);
38.98384;26.38576;12.70173;(0.08, 1.57, 0.19);(330.67, 24.94, 349.77);No pattern saccade;
39.01713;25.21343;14.46229;(0.07, 1.57, 0.19);(328.82, 23.43, 350.61);
39.07343;23.77703;16.30442;(0.06, 1.57, 0.18);(326.21, 21.47, 351.83);No pattern saccade;
39.14798;21.89318;18.95057;(0.06, 1.57, 0.18);(323.93, 19.86, 353.09);No pattern saccade;
39.18782;20.39062;21.27962;(0.05, 1.57, 0.17);(322.32, 18.62, 354.12);No pattern saccade;
39.23246;19.33793;22.91684;(0.05, 1.57, 0.17);(320.32, 16.10, 355.98);No pattern saccade;
39.30118;17.19636;25.00488;(0.04, 1.57, 0.16);(319.28, 14.76, 356.83);
39.34451;16.08683;26.08665;(0.04, 1.57, 0.16);(318.32, 13.44, 357.72);No pattern saccade;
39.38893;14.99028;27.08801;(0.04, 1.57, 0.16);(317.61, 12.33, 358.06);
39.45553;13.99431;27.84642;(0.04, 1.57, 0.16);(317.95, 11.76, 357.77);
39.48732;13.41326;27.51197;(0.05, 1.57, 0.16);(318.67, 11.09, 356.84);
39.52995;12.62621;26.78291;(0.05, 1.57, 0.17);(320.21, 10.70, 355.22);
39.56274;12.02837;25.16395;(0.05, 1.57, 0.17);(321.10, 10.59, 353.91);
39.63036;11.69365;24.21025;(0.06, 1.57, 0.17);(321.51, 10.60, 353.00);
39.67199;11.52363;23.75951;(0.06, 1.57, 0.17);(321.65, 10.37, 352.42);
39.70019;11.22433;23.59861;(0.06, 1.57, 0.17);(320.85, 9.34, 353.36);
39.72914;10.45467;24.42306;(0.06, 1.57, 0.17);(320.18, 8.82, 354.09);
39.78206;9.84793;31.42595;(0.09, 1.37, 0.38);(319.50, 7.02, 354.96);
39.81724;8.666374;25.82937;(0.09, 1.37, 0.38);(318.93, 6.66, 355.68);No pattern saccade;
39.85653;8.533891;26.44416;(0.09, 1.37, 0.39);(318.47, 6.14, 356.80);No pattern saccade;
39.88785;8.348785;26.93476;(0.09, 1.37, 0.39);(318.24, 5.98, 357.35);
39.95500;8.335601;27.18977;(0.09, 1.37, 0.40);(318.15, 5.95, 357.46);
39.98666;8.295488;26.29951;(0.09, 1.42, 0.40);(317.79, 6.18, 357.41);
40.01922;8.282557;26.38113;(0.10, 1.47, 0.38);(316.75, 7.79, 356.23);
40.07294;9.527272;28.56418;(0.11, 1.48, 0.38);(316.14, 9.00, 355.30);
40.14269;10.43896;29.52706;(0.10, 1.46, 0.39);(314.76, 11.51, 353.84);No pattern saccade;
40.17338;12.0398;30.64309;(0.10, 1.46, 0.40);(313.63, 12.29, 354.00);
40.20227;12.59793;31.74489;(0.10, 1.46, 0.40);(312.31, 11.80, 355.34);No pattern saccade;
40.24640;12.37114;33.05239;(0.10, 1.46, 0.41);(311.72, 11.37, 355.85);
40.32106;12.0597;33.65173;(0.10, 1.46, 0.41);(310.90, 10.76, 356.26);
40.35727;11.57951;34.49518;(0.10, 1.46, 0.41);(310.36, 10.01, 356.79);
40.38600;11.04179;35.1096;(0.10, 1.46, 0.41);(309.33, 9.93, 357.08);
40.41439;10.9348;36.09904;(0.10, 1.45, 0.41);(308.77, 9.77, 357.27);
40.47438;10.78354;36.66339;(0.10, 1.45, 0.41);(308.16, 9.58, 357.49);
40.51479;10.63259;37.26733;(0.10, 1.45, 0.42);(307.57, 9.44, 357.78);
40.54256;10.5106;37.90952;(0.10, 1.45, 0.42);(306.34, 9.38, 358.34);
40.57246;10.47463;39.12426;(0.10, 1.45, 0.42);(305.97, 9.11, 358.65);
40.62653;10.32062;39.48737;(0.10, 1.45, 0.42);(305.57, 9.00, 358.83);
40.66090;10.24073;39.90096;(0.10, 1.45, 0.42);(305.12, 9.14, 358.67);
40.70185;10.25683;40.37332;(0.11, 1.45, 0.43);(304.19, 9.75, 357.90);
40.73113;10.41243;41.23308;(0.11, 1.45, 0.43);(303.49, 9.78, 357.99);
40.78593;10.38969;41.92817;(0.11, 1.45, 0.43);(303.07, 9.78, 358.14);
40.81397;10.37583;42.33708;(0.11, 1.45, 0.43);(302.62, 9.76, 358.33);
40.84257;10.33983;42.77932;(0.11, 1.45, 0.43);(301.69, 9.57, 358.85);
40.87762;10.22561;43.73338;(0.11, 1.45, 0.43);(301.20, 9.63, 359.07);
40.91640;10.27089;44.24694;(0.11, 1.45, 0.43);(300.59, 9.75, 359.24);
40.97213;10.30928;44.87458;(0.11, 1.45, 0.43);(299.67, 9.65, 359.71);
41.00380;10.24068;45.79977;(0.11, 1.45, 0.43);(299.07, 9.42, 0.22);
41.05690;10.14186;46.46444;(0.11, 1.45, 0.43);(298.21, 7.97, 1.89);
41.09373;9.474517;47.37666;(0.11, 1.45, 0.43);(297.47, 6.30, 3.65);
41.15847;8.725986;48.2075;(0.11, 1.45, 0.43);(296.81, 5.70, 4.72);
41.20191;8.537107;48.94572;(0.11, 1.45, 0.43);(295.67, 4.52, 7.05);
41.22958;8.261091;50.2632;(0.11, 1.45, 0.44);(294.34, 1.97, 10.82);
41.25956;7.474241;51.76819;(0.11, 1.45, 0.44);(294.14, 1.54, 11.38);
41.32289;7.348617;52.01051;(0.11, 1.44, 0.44);(293.67, 1.52, 11.69);
41.37183;7.377161;52.48525;(0.11, 1.44, 0.44);(293.01, 1.64, 12.05);
41.40149;7.516846;53.15773;(0.11, 1.44, 0.44);(291.88, 2.90, 11.33);
41.42938;8.047606;54.17641;(0.11, 1.44, 0.44);(291.47, 3.43, 10.79);
41.48341;8.214819;54.51754;(0.11, 1.44, 0.44);(290.70, 3.58, 10.90);
41.51891;8.291664;55.30528;(0.11, 1.45, 0.44);(289.97, 3.70, 11.14);
41.55718;8.388248;56.04887;(0.10, 1.45, 0.44);(289.54, 4.30, 10.25);
41.58617;8.459927;56.36074;(0.10, 1.45, 0.44);(288.90, 4.62, 9.72);
41.64248;8.465676;56.98906;(0.10, 1.45, 0.44);(288.38, 4.69, 9.78);
41.67229;8.477181;57.49632;(0.10, 1.45, 0.44);(288.19, 4.92, 9.50);
41.69973;8.508727;57.63532;(0.10, 1.45, 0.43);(287.29, 5.75, 8.57);
41.72953;8.644295;58.48837;(0.10, 1.45, 0.43);(287.04, 6.46, 7.84);
41.75952;8.812147;58.6941;(0.10, 1.45, 0.43);(286.39, 7.02, 7.51);
41.81587;8.949191;59.32952;(0.10, 1.45, 0.43);(285.79, 7.05, 7.64);
41.85620;8.918558;59.92731;(0.11, 1.46, 0.43);(285.37, 6.74, 8.06);
41.88665;8.804914;60.34028;(0.11, 1.46, 0.43);(283.98, 3.56, 11.56);
41.91717;8.035769;61.91722;(0.11, 1.46, 0.43);(283.31, 0.55, 14.65);
41.98615;7.361651;62.75104;(0.11, 1.46, 0.43);(282.76, 356.68, 18.52);
42.01925;6.558686;63.52443;(0.11, 1.45, 0.43);(282.19, 351.31, 23.86);
42.07425;5.522711;64.47466;(0.10, 1.45, 0.42);(281.97, 338.97, 35.70);
42.12856;3.125111;65.73338;(0.10, 1.45, 0.42);(282.40, 344.49, 28.90);
42.16144;3.72003;64.64163;(0.10, 1.45, 0.42);(282.12, 345.54, 27.58);Pattern 1 saccade;
42.20015;3.895192;64.71613;(0.10, 1.45, 0.42);(281.09, 346.56, 26.77);
42.22881;4.351782;65.65652;(0.10, 1.45, 0.42);(280.24, 348.48, 25.10);
42.28525;4.899112;66.35805;(0.10, 1.45, 0.42);(280.25, 350.17, 23.25);
42.31435;5.154565;66.21149;(0.10, 1.45, 0.41);(280.74, 352.46, 20.59);
42.34256;5.405876;65.60873;(0.10, 1.45, 0.42);(282.20, 357.44, 14.01);
42.37380;5.862383;63.80608;(0.10, 1.45, 0.42);(283.01, 358.60, 11.95);
42.40326;5.860803;62.85615;(0.10, 1.45, 0.41);(283.60, 359.54, 10.38);
42.47061;5.915065;62.19469;(0.10, 1.45, 0.41);(283.70, 0.17, 9.49);
42.49919;5.976479;62.06835;(0.10, 1.45, 0.41);(283.18, 0.84, 9.05);
42.52774;6.16947;62.5317;(0.11, 1.45, 0.41);(282.75, 0.91, 8.84);
42.55931;6.165209;62.96892;(0.11, 1.45, 0.41);(282.61, 0.85, 8.57);
42.61388;6.072839;63.12049;(0.11, 1.45, 0.41);(282.50, 1.10, 8.00);
42.64256;6.044149;63.19189;(0.11, 1.45, 0.41);(282.50, 1.53, 7.42);
42.67297;6.102839;63.15071;(0.11, 1.45, 0.41);(281.92, 4.61, 4.79);
42.70156;6.795686;63.61459;(0.11, 1.45, 0.41);(281.40, 6.34, 3.36);
42.72897;7.153355;64.08288;(0.11, 1.45, 0.41);(280.94, 7.21, 2.68);
42.78141;7.301955;64.50241;(0.11, 1.45, 0.41);(280.40, 7.62, 2.64);
42.81802;7.404048;65.02865;(0.11, 1.45, 0.41);(279.47, 7.53, 3.10);
42.84599;7.370098;65.96943;(0.11, 1.45, 0.41);(277.53, 7.58, 3.01);
42.88764;7.120167;67.86086;(0.11, 1.45, 0.41);(276.67, 7.68, 2.63);
42.93821;6.953807;68.69062;(0.11, 1.46, 0.41);(275.60, 8.06, 2.04);
42.97366;6.736821;69.73756;(0.11, 1.46, 0.41);(275.07, 7.94, 2.17);
43.00259;6.660611;70.26796;(0.11, 1.46, 0.41);(274.69, 4.53, 5.55);
43.06137;6.333967;70.70709;(0.11, 1.46, 0.41);(274.62, 2.11, 7.96);
43.12987;6.140046;70.84637;(0.11, 1.46, 0.41);(274.39, 357.29, 12.62);
43.15836;5.732189;71.15716;(0.11, 1.46, 0.41);(274.17, 354.20, 15.44);
43.18671;5.465371;71.4528;(0.11, 1.46, 0.42);(273.91, 351.58, 17.55);
43.21521;5.196641;71.73714;(0.11, 1.46, 0.41);(273.68, 349.70, 19.24);
43.27209;5.070665;71.99471;(0.11, 1.46, 0.41);(273.38, 348.86, 19.96);
43.30227;5.04678;72.28043;(0.11, 1.46, 0.41);(273.09, 347.82, 20.90);
43.32898;5.015099;72.54598;(0.11, 1.46, 0.41);(272.53, 345.52, 23.01);
43.35728;4.996394;73.0919;(0.11, 1.46, 0.41);(272.15, 344.62, 23.80);
43.38807;5.032902;73.43019;(0.11, 1.46, 0.41);(271.74, 342.65, 25.67);
43.44664;5.053401;73.79951;(0.11, 1.46, 0.41);(271.36, 339.29, 28.92);
43.48852;5.066157;74.1524;(0.11, 1.46, 0.41);(270.92, 331.36, 36.65);
43.51523;5.056982;74.56704;(0.11, 1.47, 0.41);(270.51, 214.65, 152.65);
43.57183;5.034495;75.66884;(0.11, 1.47, 0.41);(270.85, 200.41, 166.73);
43.62659;4.975493;76.033;(0.11, 1.47, 0.41);(271.50, 198.49, 168.52);
43.65842;4.779213;76.6758;(0.11, 1.47, 0.41);(271.66, 199.80, 167.09);
43.68818;4.670926;76.84167;(0.11, 1.47, 0.41);(272.06, 199.69, 166.97);
43.71527;4.479939;77.2368;(0.11, 1.47, 0.41);(272.17, 199.09, 167.36);
43.74361;4.420882;77.34521;(0.11, 1.47, 0.41);(272.11, 200.01, 166.36);
43.80140;4.379578;77.28715;(0.11, 1.47, 0.41);(272.15, 199.64, 166.72);
43.83016;4.378315;77.32958;(0.11, 1.47, 0.41);(272.29, 197.84, 168.49);
43.85667;4.389808;77.45695;(0.11, 1.47, 0.41);(272.89, 191.65, 174.17);
43.88718;4.383357;78.02588;(0.11, 1.47, 0.41);(273.09, 188.64, 177.01);
43.93130;4.464476;78.19271;(0.11, 1.48, 0.41);(273.40, 185.61, 180.03);
43.99879;4.585953;78.44058;(0.11, 1.48, 0.41);(274.02, 182.35, 182.88);
44.02973;4.650625;78.94965;(0.11, 1.48, 0.41);(274.59, 179.65, 185.27);
44.07143;4.770616;79.38704;(0.11, 1.48, 0.41);(275.23, 178.57, 186.34);
44.10032;4.863054;79.90743;(0.12, 1.48, 0.41);(275.71, 178.56, 186.36);
44.15580;4.88451;80.32503;(0.12, 1.48, 0.41);(276.09, 178.58, 186.29);
44.18746;4.873442;80.65622;(0.12, 1.48, 0.40);(276.49, 178.40, 186.24);
44.21375;4.846512;80.97646;(0.12, 1.49, 0.40);(277.41, 178.06, 186.04);
44.25838;4.786671;81.74747;(0.12, 1.49, 0.40);(277.79, 177.98, 185.97);
44.31435;4.773124;82.05189;(0.12, 1.49, 0.40);(277.98, 177.87, 186.00);
44.34565;4.774437;82.19767;(0.12, 1.49, 0.40);(278.12, 177.93, 186.01);
44.38745;4.784429;82.29218;(0.12, 1.49, 0.40);(278.40, 179.07, 185.04);
44.42933;4.675117;82.59978;(0.12, 1.49, 0.40);(278.70, 179.87, 184.36);
44.48335;4.590671;82.90057;(0.12, 1.49, 0.40);(279.00, 180.24, 184.08);
44.51361;4.560797;83.15398;(0.12, 1.49, 0.40);(279.19, 180.40, 183.97);
44.54324;4.549985;83.293;(0.12, 1.49, 0.40);(279.70, 181.01, 183.42);
44.57466;4.455024;83.7432;(0.12, 1.49, 0.40);(279.91, 181.17, 183.22);
44.61507;4.418477;83.90925;(0.12, 1.50, 0.40);(280.06, 181.31, 183.06);
44.68188;4.381594;84.03267;(0.12, 1.50, 0.39);(280.22, 181.56, 182.80);
44.71396;4.336404;84.17799;(0.12, 1.50, 0.39);(280.43, 181.51, 182.89);
44.74461;4.349176;84.29652;(0.12, 1.50, 0.39);(280.74, 181.52, 182.87);
44.79036;4.336776;84.51134;(0.12, 1.50, 0.39);(280.90, 181.38, 182.96);
44.85271;4.348888;84.58804;(0.12, 1.50, 0.39);(281.24, 181.36, 182.94);
44.88604;4.332959;84.80284;(0.12, 1.50, 0.39);(281.81, 181.72, 182.35);
44.91358;4.189175;85.21095;(0.12, 1.50, 0.39);(282.34, 181.74, 181.99);
44.94513;4.08692;85.53257;(0.12, 1.50, 0.39);(282.40, 181.40, 182.32);
45.01537;4.15591;85.48985;(0.12, 1.50, 0.39);(282.39, 181.09, 182.62);
45.07246;4.215541;85.43151;(0.12, 1.50, 0.39);(282.40, 180.85, 182.89);
45.10290;4.2788;85.37759;(0.12, 1.51, 0.39);(282.44, 180.76, 182.93);
45.17116;4.281552;85.39275;(0.12, 1.51, 0.39);(282.35, 180.92, 182.71);
45.20361;4.236133;85.39564;(0.12, 1.51, 0.39);(282.21, 180.96, 182.66);
45.24323;4.227112;85.34722;(0.12, 1.51, 0.39);(282.13, 181.10, 182.54);
45.27281;4.20111;85.33629;(0.12, 1.51, 0.39);(282.10, 181.03, 182.55);
45.34033;4.200194;85.32413;(0.12, 1.51, 0.39);(282.16, 180.95, 182.54);
45.37368;4.19084;85.35607;(0.12, 1.51, 0.39);(282.18, 180.54, 182.63);
45.40386;4.208074;85.33473;(0.12, 1.51, 0.39);(282.44, 180.55, 182.25);
45.44278;4.106217;85.52591;(0.12, 1.51, 0.39);(282.38, 180.51, 182.05);
45.49995;4.04817;85.54543;(0.12, 1.51, 0.39);(282.03, 180.03, 182.22);
45.52929;4.074254;85.35632;(0.12, 1.51, 0.39);(281.79, 179.64, 182.45);
45.55668;4.111923;85.2016;(0.12, 1.51, 0.39);(281.39, 178.48, 183.53);
45.59991;4.327253;84.79775;(0.12, 1.51, 0.39);(281.09, 178.10, 183.83);
45.66093;4.365346;84.58029;(0.12, 1.51, 0.39);(280.71, 177.73, 184.12);
45.70026;4.407425;84.32197;(0.12, 1.51, 0.39);(280.54, 177.66, 184.18);
45.72943;4.404183;84.21006;(0.12, 1.52, 0.38);(280.24, 179.34, 182.11);
45.75785;4.006138;84.28588;(0.12, 1.52, 0.38);(280.19, 179.83, 181.44);
45.81114;3.874964;84.33449;(0.12, 1.52, 0.38);(280.20, 179.91, 181.19);
45.84397;3.81853;84.37458;(0.12, 1.52, 0.38);(280.23, 179.86, 180.97);
45.88671;3.750463;84.4313;(0.12, 1.52, 0.38);(280.26, 179.56, 180.78);
45.91547;3.685809;84.47018;(0.12, 1.52, 0.38);(280.33, 179.15, 181.00);
45.97445;3.712627;84.50093;(0.12, 1.52, 0.38);(280.35, 178.80, 181.21);
46.01582;3.740464;84.4836;(0.12, 1.52, 0.38);(280.37, 178.60, 181.38);
46.07536;3.766471;84.47969;(0.12, 1.52, 0.38);(280.66, 179.19, 181.13);
46.14628;3.755349;84.71554;(0.12, 1.52, 0.38);(280.83, 180.61, 179.93);
46.18594;3.555451;84.98843;(0.12, 1.52, 0.38);(281.07, 181.53, 179.05);
46.21512;3.390244;85.26865;(0.12, 1.52, 0.38);(281.25, 182.54, 178.07);
46.25842;3.19475;85.53744;(0.12, 1.52, 0.38);(281.31, 182.52, 178.13);
46.33173;3.210183;85.56526;(0.12, 1.52, 0.38);(281.45, 182.43, 178.22);
46.37379;3.224669;85.64329;(0.12, 1.52, 0.38);(281.55, 182.49, 178.22);
46.40116;3.233507;85.71015;(0.12, 1.52, 0.38);(281.57, 182.21, 178.52);
46.42936;3.282146;85.68743;(0.12, 1.52, 0.38);(281.58, 181.88, 178.81);
46.48311;3.337873;85.65224;(0.12, 1.52, 0.38);(281.63, 181.65, 179.02);
46.51512;3.374419;85.65887;(0.12, 1.52, 0.38);(281.58, 181.56, 179.08);
46.55852;3.393935;85.60355;(0.12, 1.53, 0.38);(281.62, 181.19, 179.62);
46.60222;3.495085;85.5658;(0.12, 1.53, 0.38);(281.62, 180.64, 180.46);
46.66789;3.673917;85.44061;(0.12, 1.53, 0.38);(281.42, 179.47, 181.90);
46.71441;3.971357;85.09644;(0.12, 1.53, 0.38);(281.19, 178.42, 183.16);
46.74506;4.221069;84.77985;(0.12, 1.53, 0.38);(280.66, 177.57, 184.46);
46.78612;4.474126;84.2567;(0.12, 1.53, 0.38);(280.49, 177.42, 184.76);
46.85641;4.524095;84.12023;(0.12, 1.53, 0.39);(280.34, 177.67, 184.80);
46.88616;4.536455;84.02113;(0.12, 1.53, 0.39);(280.28, 178.33, 184.41);
46.92839;4.479341;84.03517;(0.13, 1.53, 0.39);(280.14, 178.81, 184.13);
46.96138;4.455725;83.97218;(0.13, 1.53, 0.39);(280.02, 178.39, 184.46);
47.02568;4.508987;83.8456;(0.13, 1.53, 0.39);(279.90, 177.49, 185.21);
47.07243;4.622288;83.66946;(0.13, 1.53, 0.39);(279.89, 176.21, 186.30);
47.09997;4.785114;83.50844;(0.13, 1.54, 0.39);(279.74, 174.40, 187.60);
47.12838;4.958427;83.23604;(0.13, 1.54, 0.39);(279.86, 173.34, 188.40);
47.18635;5.087556;83.18974;(0.13, 1.54, 0.38);(280.07, 172.59, 188.98);
47.22992;5.206067;83.21999;(0.13, 1.54, 0.38);(280.24, 172.65, 188.84);
47.27205;5.202227;83.29978;(0.13, 1.54, 0.38);(280.48, 174.12, 187.22);
47.31474;4.929119;83.69245;(0.13, 1.54, 0.38);(280.71, 174.52, 186.78);
47.36515;4.88174;83.87302;(0.13, 1.54, 0.38);(280.97, 174.61, 186.68);
47.40170;4.874396;84.04517;(0.13, 1.54, 0.38);(281.19, 174.59, 186.74);
47.44566;4.913705;84.1198;(0.13, 1.55, 0.37);(281.44, 174.70, 186.70);
47.48959;4.933206;84.24848;(0.13, 1.55, 0.37);(281.56, 174.86, 186.65);
47.55355;4.944374;84.30526;(0.13, 1.55, 0.37);(281.63, 175.26, 186.27);
47.60237;4.877681;84.40214;(0.12, 1.55, 0.37);(281.53, 176.15, 185.33);
47.64716;4.677519;84.53503;(0.12, 1.55, 0.37);(281.08, 178.23, 183.43);
47.71051;4.286764;84.642;(0.12, 1.55, 0.37);(280.52, 178.81, 182.93);
47.74199;4.181772;84.38392;(0.12, 1.54, 0.37);(279.62, 178.57, 183.16);
47.77158;4.191635;83.75446;(0.12, 1.54, 0.37);(278.23, 176.58, 185.06);
47.80030;4.422944;82.49776;(0.12, 1.54, 0.37);(277.32, 175.62, 185.86);
47.85467;4.446889;81.71752;(0.12, 1.54, 0.37);(276.15, 174.19, 187.10);
47.89040;4.460424;80.67897;(0.12, 1.54, 0.37);(274.93, 172.26, 188.88);
47.92860;4.448844;79.57234;(0.12, 1.54, 0.37);(271.93, 159.79, 201.63);
47.95655;4.526289;76.72523;(0.12, 1.54, 0.38);(270.97, 38.54, 323.53);
48.01366;4.615373;74.31834;(0.13, 1.54, 0.38);(272.64, 9.89, 352.47);No pattern saccade;
48.05718;4.556663;72.61208;(0.13, 1.53, 0.38);(274.62, 2.68, 359.86);No pattern saccade;
48.10309;4.397916;70.72173;(0.12, 1.53, 0.38);(281.30, 356.99, 5.49);
48.14300;3.708853;64.25456;(0.12, 1.52, 0.38);(285.66, 357.11, 5.01);
48.21156;3.454315;59.99095;(0.12, 1.52, 0.38);(289.97, 356.59, 5.08);No pattern saccade;
48.24313;3.001274;55.7591;(0.12, 1.51, 0.38);(294.30, 355.66, 5.65);No pattern saccade;
48.28925;2.388883;51.57183;(0.12, 1.51, 0.38);(300.27, 355.52, 5.69);No pattern saccade;
48.33163;1.946507;45.59318;(0.12, 1.50, 0.38);(304.14, 355.92, 5.61);No pattern saccade;
48.39767;2.024057;41.88808;(0.11, 1.50, 0.39);(307.66, 356.10, 5.27);No pattern saccade;
48.44357;1.918003;38.27912;(0.11, 1.49, 0.39);(310.54, 355.75, 5.16);No pattern saccade;
48.48719;1.524904;35.47828;(0.11, 1.49, 0.40);(315.48, 355.36, 5.49);No pattern saccade;
48.55365;1.033618;30.52801;(0.11, 1.48, 0.40);(318.85, 354.90, 6.19);No pattern saccade;
48.58971;0.6657956;27.24301;(0.11, 1.48, 0.40);(321.66, 355.11, 7.00);No pattern saccade;
48.63083;0.9415341;24.54718;(0.11, 1.47, 0.41);(325.41, 354.98, 8.24);No pattern saccade;
48.67241;1.004912;20.89415;(0.11, 1.47, 0.41);(328.43, 354.89, 9.03);No pattern saccade;
48.74069;1.037403;17.94742;(0.11, 1.46, 0.42);(331.24, 354.39, 9.75);No pattern saccade;
48.78667;0.6404523;15.30366;(0.11, 1.45, 0.42);(334.12, 353.58, 10.39);No pattern saccade;
48.83165;-0.08139154;12.53694;(0.11, 1.44, 0.42);(339.77, 351.25, 11.18);No pattern saccade;
48.91119;-2.300365;6.941326;(0.11, 1.44, 0.42);(342.65, 350.87, 10.71);No pattern saccade;
48.95817;-2.824213;3.994569;(0.11, 1.43, 0.42);(346.03, 350.09, 9.94);No pattern saccade;
49.00272;-3.779255;0.6317406;(0.11, 1.42, 0.42);(348.40, 349.99, 8.95);No pattern saccade;
49.08986;-4.05995;-1.862903;(0.11, 1.41, 0.43);(350.00, 349.68, 8.75);No pattern saccade;
49.14234;-4.364927;-3.417848;(0.11, 1.40, 0.43);(352.56, 349.70, 8.12);No pattern saccade;
49.18728;-4.227657;-5.906192;(0.09, 1.39, 0.43);(358.05, 352.19, 5.37);
49.25469;-2.388021;-11.94034;(0.09, 1.38, 0.43);(0.62, 353.82, 5.98);No pattern saccade;
49.30739;-0.4573252;-14.47107;(0.07, 1.38, 0.44);(2.60, 355.56, 7.59);No pattern saccade;
49.35978;2.437415;-16.11113;(0.03, 1.37, 0.45);(3.14, 358.18, 7.67);No pattern saccade;
49.43778;3.775298;-16.92416;(0.03, 1.37, 0.45);(1.18, 358.56, 6.78);No pattern saccade;
49.48888;4.002283;-15.0188;(0.03, 1.38, 0.44);(0.33, 358.06, 6.37);
49.53325;3.578362;-14.2167;(0.03, 1.38, 0.44);(358.85, 355.54, 6.98);
49.60382;1.201134;-12.64162;(0.02, 1.38, 0.44);(358.64, 353.34, 6.95);
49.65760;-0.9710396;-12.4552;(0.02, 1.38, 0.43);(358.04, 351.00, 6.75);No pattern saccade;
49.70131;-3.315939;-11.91736;(0.02, 1.38, 0.43);(356.42, 347.63, 6.08);Pattern 1 saccade;
49.79388;-6.877792;-10.30555;(0.01, 1.38, 0.43);(356.48, 346.39, 6.31);Pattern 1 saccade;
49.84269;-8.053263;-10.34664;(0.01, 1.38, 0.43);(356.76, 344.09, 5.51);No pattern saccade;
49.88757;-10.61475;-10.75224;(0.01, 1.39, 0.42);(355.76, 339.64, 1.40);
49.96044;-16.02208;-10.08192;(0.02, 1.39, 0.42);(354.61, 338.20, 359.72);Pattern 1 saccade;
50.01948;-17.8522;-9.003249;(0.02, 1.39, 0.42);(354.57, 336.89, 359.11);Pattern 1 saccade;
50.08873;-19.14646;-8.908692;(0.01, 1.38, 0.42);(357.28, 335.66, 0.75);No pattern saccade;
50.16805;-19.66794;-11.49898;(-0.01, 1.38, 0.43);(359.87, 333.92, 3.08);
50.21706;-20.67448;-13.94881;(-0.01, 1.37, 0.43);(1.33, 332.67, 3.75);No pattern saccade;
50.25779;-21.58035;-15.35622;(-0.02, 1.37, 0.43);(2.64, 332.15, 4.43);No pattern saccade;
50.33534;-21.78175;-16.62658;(-0.02, 1.37, 0.43);(3.38, 332.17, 5.00);
50.39000;-21.45581;-17.30467;(-0.02, 1.37, 0.43);(4.14, 331.06, 5.63);
50.44654;-22.28848;-17.9546;(-0.03, 1.36, 0.43);(6.25, 329.90, 5.54);
50.51469;-23.09362;-20.12524;(-0.03, 1.36, 0.43);(6.93, 330.01, 5.38);
50.55843;-22.84576;-20.82126;(-0.03, 1.36, 0.44);(7.50, 329.97, 5.92);No pattern saccade;
50.60396;-22.6037;-21.30061;(-0.03, 1.36, 0.44);(8.76, 329.59, 6.80);
50.67328;-22.63379;-22.55109;(-0.03, 1.36, 0.44);(8.18, 329.55, 5.92);
50.71537;-22.91226;-22.05987;(-0.03, 1.36, 0.43);(7.37, 328.86, 5.62);
50.75963;-23.77268;-21.25304;(-0.03, 1.36, 0.43);(7.54, 327.98, 5.17);
50.82984;-24.73547;-21.4932;(-0.03, 1.36, 0.43);(6.97, 327.90, 4.06);
50.87547;-25.11863;-21.03163;(-0.03, 1.36, 0.43);(6.27, 327.17, 3.23);
50.91597;-26.23964;-20.41159;(-0.02, 1.37, 0.43);(5.40, 326.76, 0.85);
51.00465;-27.21948;-19.69845;(-0.02, 1.37, 0.43);(5.16, 326.51, 0.55);
51.07393;-27.56078;-19.48232;(-0.02, 1.37, 0.43);(5.11, 326.51, 0.58);
51.15014;-27.55532;-19.44017;(-0.02, 1.37, 0.43);(4.66, 326.43, 0.65);
51.19953;-27.7164;-18.96844;(-0.02, 1.37, 0.43);(4.58, 326.42, 0.73);
51.24344;-27.7238;-18.87868;(-0.02, 1.37, 0.43);(4.68, 326.41, 0.68);
51.31480;-27.72234;-18.98421;(-0.02, 1.37, 0.43);(4.65, 326.41, 0.70);
51.35923;-27.72725;-18.96237;(-0.02, 1.37, 0.43);(4.61, 326.40, 0.73);
51.40055;-27.73748;-18.91598;(-0.02, 1.37, 0.43);(4.61, 326.39, 0.73);
51.46763;-27.74959;-18.91223;(-0.02, 1.37, 0.43);(4.57, 326.38, 0.74);
51.51423;-27.75844;-18.87886;(-0.02, 1.37, 0.43);(4.55, 326.38, 0.75);
51.55623;-27.7644;-18.85367;(-0.02, 1.37, 0.43);(4.50, 326.37, 0.77);
51.62669;-27.78085;-18.80578;(-0.02, 1.37, 0.43);(4.47, 326.36, 0.78);
51.67080;-27.78887;-18.77489;(-0.02, 1.37, 0.43);(4.45, 326.36, 0.78);
51.71418;-27.79642;-18.75541;(-0.02, 1.37, 0.43);(4.42, 326.35, 0.79);
51.78357;-27.8094;-18.71715;(-0.02, 1.37, 0.43);(4.41, 326.34, 0.78);
51.82011;-27.81755;-18.7111;(-0.02, 1.37, 0.43);(4.39, 326.34, 0.79);
51.86024;-27.82271;-18.6932;(-0.02, 1.37, 0.43);(4.38, 326.34, 0.79);
51.90304;-27.83134;-18.67882;(-0.02, 1.37, 0.43);(4.37, 326.33, 0.79);
51.96751;-27.83507;-18.67058;(-0.02, 1.37, 0.43);(4.36, 326.33, 0.79);
52.00092;-27.8438;-18.66148;(-0.02, 1.37, 0.43);(4.38, 326.32, 0.76);
